Unity Editor version:    6000.3.5f2 (3fa8bc678cb0)
Branch:                  6000.3/respin/6000.3.5f1-a1ec4b2f2d19
Build type:              Release
Batch mode:              YES
macOS version:           Version 26.0.1 (Build 25A362)
Darwin version:          25.0.0
Architecture:            arm64
Running under Rosetta:   NO
Available memory:        16384 MB
Date:                    2026-02-04T21:31:19Z
[Licensing::Module] Trying to connect to existing licensing client channel...
[Licensing::IpcConnector] Successfully connected to: "LicenseClient-abhinav" at "2026-02-04T21:31:19.342072Z"

COMMAND LINE ARGUMENTS:
/Applications/Unity/Hub/Editor/6000.3.5f2/Unity.app/Contents/MacOS/Unity
-adb2
-batchMode
-noUpm
-name
AssetImportWorker1
-projectPath
/Users/abhinav/Documents/GitHub/cs417_sp26/mp0/cs417-mp0
-logFile
Logs/AssetImportWorker1.log
-srvPort
64236
-job-worker-count
3
-background-job-worker-count
8
-gc-helper-count
1
-name AssetImport
Successfully changed project path to: /Users/abhinav/Documents/GitHub/cs417_sp26/mp0/cs417-mp0
/Users/abhinav/Documents/GitHub/cs417_sp26/mp0/cs417-mp0
[UnityMemory] Configuration Parameters - Can be set up in boot.config
    "memorysetup-allocator-temp-initial-block-size-main=262144"
    "memorysetup-allocator-temp-initial-block-size-worker=262144"
    "memorysetup-temp-allocator-size-background-worker=32768"
    "memorysetup-temp-allocator-size-job-worker=262144"
    "memorysetup-temp-allocator-size-preload-manager=33554432"
    "memorysetup-temp-allocator-size-nav-mesh-worker=65536"
    "memorysetup-temp-allocator-size-audio-worker=65536"
    "memorysetup-temp-allocator-size-cloud-worker=32768"
    "memorysetup-bucket-allocator-granularity=16"
    "memorysetup-bucket-allocator-bucket-count=8"
    "memorysetup-bucket-allocator-block-size=33554432"
    "memorysetup-bucket-allocator-block-count=8"
    "memorysetup-main-allocator-block-size=16777216"
    "memorysetup-thread-allocator-block-size=16777216"
    "memorysetup-gfx-main-allocator-block-size=16777216"
    "memorysetup-gfx-thread-allocator-block-size=16777216"
    "memorysetup-cache-allocator-block-size=4194304"
    "memorysetup-typetree-allocator-block-size=2097152"
    "memorysetup-profiler-bucket-allocator-granularity=16"
    "memorysetup-profiler-bucket-allocator-bucket-count=8"
    "memorysetup-profiler-bucket-allocator-block-size=33554432"
    "memorysetup-profiler-bucket-allocator-block-count=8"
    "memorysetup-profiler-allocator-block-size=16777216"
    "memorysetup-profiler-editor-allocator-block-size=1048576"
    "memorysetup-temp-allocator-size-main=16777216"
    "memorysetup-job-temp-allocator-block-size=2097152"
    "memorysetup-job-temp-allocator-block-size-background=1048576"
    "memorysetup-job-temp-allocator-reduction-small-platforms=262144"
    "memorysetup-temp-allocator-size-gi-baking-worker=262144"
    "memorysetup-temp-allocator-size-gi-baking-worker=262144"
    "memorysetup-temp-allocator-size-gi-baking-worker=262144"
    "memorysetup-temp-allocator-size-gi-baking-worker=262144"
    "memorysetup-temp-allocator-size-gi-baking-worker=262144"
    "memorysetup-temp-allocator-size-gfx=262144"
Player connection [8692320256]  Target information:

Player connection [8692320256]  * "[IP] 100.70.70.8 [Port] 0 [Flags] 2 [Guid] 2659636719 [EditorId] 2659636719 [Version] 1048832 [Id] OSXEditor(0,Abhinavs-MacBook-Pro-4.local) [Debug] 1 [PackageName] OSXEditor [ProjectName] Editor" 

Player connection [8692320256] Host joined multi-casting on [225.0.0.222:54997]...
Player connection [8692320256] Host joined alternative multi-casting on [225.0.0.222:34997]...
JobSystem: Creating JobQueue using job-worker-count value 3
Input System module state changed to: Initialized.
[Physics::Module] Initialized fallback backend.
[Physics::Module] Id: 0xdecafbad
Library Redirect Path: Library/
[Physics::Module] Selected backend.
[Physics::Module] Name: PhysX
[Physics::Module] Id: 0xf2b8ea05
[Physics::Module] SDK Version: 4.1.2
[Physics::Module] Integration Version: 1.0.0
[Physics::Module] Threading Mode: Multi-Threaded
Refreshing native plugins compatible for Editor in 4.44 ms, found 1 plugins.
Preloading 0 native plugins for Editor in 0.00 ms.
Initialize engine version: 6000.3.5f2 (3fa8bc678cb0)
[Subsystems] Discovering subsystems at path /Applications/Unity/Hub/Editor/6000.3.5f2/Unity.app/Contents/Resources/UnitySubsystems
[Subsystems] Discovering subsystems at path /Users/abhinav/Documents/GitHub/cs417_sp26/mp0/cs417-mp0/Assets
GfxDevice: creating device client; kGfxThreadingModeNonThreaded
 preferred device: Apple M1 Pro (high power)
Metal devices available: 1
0: Apple M1 Pro (high power)
Using device Apple M1 Pro (high power)
Initializing Metal device caps: Apple M1 Pro
Mac GPU Family: 2
Apple GPU Family: 7
MSL Version: 3.0
Has Float MSAA: 1
Has Float Filtering: 1
ReadWrite Texture Tier: 2
Initialize mono
Mono path[0] = '/Applications/Unity/Hub/Editor/6000.3.5f2/Unity.app/Contents/Resources/Scripting/Managed'
Mono path[1] = '/Applications/Unity/Hub/Editor/6000.3.5f2/Unity.app/Contents/Resources/Scripting/MonoBleedingEdge/lib/mono/unityjit-macos'
Mono config path = '/Applications/Unity/Hub/Editor/6000.3.5f2/Unity.app/Contents/Resources/Scripting/MonoBleedingEdge/etc'
Using monoOptions --debugger-agent=transport=dt_socket,embedding=1,server=y,suspend=n,address=127.0.0.1:56818
[Licensing::Client] Handshaking with LicensingClient:
  Version:                 1.17.4+4293ba1
  Session Id:              2054a60d4e244b2e8b5afb84e7e7cdef
  Correlation Id:          4f081633b68509ee34d0f16328cfb28d
  External correlation Id: 8931698507909860182
  Machine Id:              3dNvYGgP6yXW2SugX3slUn74+2s=
[Licensing::Module] Successfully connected to LicensingClient on channel: "LicenseClient-abhinav" (connect: 0.00s, validation: 0.02s, handshake: 0.99s)
[Licensing::IpcConnector] Successfully connected to: "LicenseClient-abhinav-notifications" at "2026-02-04T21:31:20.349465Z"
[Licensing::Module] Licensing Background thread has ended after 1.01s
Begin MonoManager ReloadAssembly
Registering precompiled unity dll's ...
Register platform support module: /Applications/Unity/Hub/Editor/6000.3.5f2/PlaybackEngines/WebGLSupport/UnityEditor.WebGL.Extensions.dll
Register platform support module: /Applications/Unity/Hub/Editor/6000.3.5f2/Unity.app/Contents/PlaybackEngines/MacStandaloneSupport/UnityEditor.OSXStandalone.Extensions.dll
Registered in 0.001696 seconds.
- Loaded All Assemblies, in  0.439 seconds
Native extension for OSXStandalone target not found
Native extension for WebGL target not found
ScheduleIndexationOnStartup MainProcess:False IndexOnStartup:True
Mono: successfully reloaded assembly
- Finished resetting the current domain, in  0.523 seconds
Domain Reload Profiling: 963ms
	BeginReloadAssembly (143ms)
		ExecutionOrderSort (0ms)
		DisableScriptedObjects (0ms)
		BackupInstance (0ms)
		ReleaseScriptingObjects (0ms)
		CreateAndSetChildDomain (1ms)
	RebuildCommonClasses (34ms)
	RebuildNativeTypeToScriptingClass (12ms)
	initialDomainReloadingComplete (43ms)
	LoadAllAssembliesAndSetupDomain (206ms)
		LoadAssemblies (147ms)
		RebuildTransferFunctionScriptingTraits (0ms)
		AnalyzeDomain (199ms)
			TypeCache.Refresh (195ms)
				TypeCache.ScanAssembly (165ms)
			BuildScriptInfoCaches (0ms)
			ResolveRequiredComponents (0ms)
	FinalizeReload (524ms)
		ReleaseScriptCaches (0ms)
		RebuildScriptCaches (0ms)
		SetupLoadedEditorAssemblies (468ms)
			LogAssemblyErrors (0ms)
			InitializePlatformSupportModulesInManaged (41ms)
			SetLoadedEditorAssemblies (5ms)
			BeforeProcessingInitializeOnLoad (121ms)
			ProcessInitializeOnLoadAttributes (180ms)
			ProcessInitializeOnLoadMethodAttributes (121ms)
			AfterProcessingInitializeOnLoad (0ms)
			EditorAssembliesLoaded (0ms)
		ExecutionOrderSort2 (0ms)
		AwakeInstancesAfterBackupRestoration (0ms)
[CoreBusinessMetrics] Unexpected thread when updating session info.
========================================================================
Worker process is ready to serve import requests
Import Worker Mode flag is 0x00
Begin MonoManager ReloadAssembly
[Licensing::Client] Successfully resolved entitlement details
[Licensing::Module] License group:
  Id: 2475925480649-UnityPersXXXX
  Product: Unity Personal
  Type: Assigned
  Expiration: Unlimited
- Loaded All Assemblies, in  0.883 seconds
Refreshing native plugins compatible for Editor in 0.25 ms, found 1 plugins.
Native extension for OSXStandalone target not found
Native extension for WebGL target not found
Package Manager log level set to [2]
[Package Manager] Failed to launch server process. Reason: Unity was launched with the -noUpm command-line argument
[Package Manager] Unable to send message (not connected to server process).
[Package Manager] Cannot connect to Unity Package Manager local server
ScheduleIndexationOnStartup MainProcess:False IndexOnStartup:True
Mono: successfully reloaded assembly
- Finished resetting the current domain, in  0.712 seconds
Domain Reload Profiling: 1596ms
	BeginReloadAssembly (251ms)
		ExecutionOrderSort (0ms)
		DisableScriptedObjects (7ms)
		BackupInstance (0ms)
		ReleaseScriptingObjects (0ms)
		CreateAndSetChildDomain (58ms)
	RebuildCommonClasses (30ms)
	RebuildNativeTypeToScriptingClass (11ms)
	initialDomainReloadingComplete (38ms)
	LoadAllAssembliesAndSetupDomain (553ms)
		LoadAssemblies (373ms)
		RebuildTransferFunctionScriptingTraits (0ms)
		AnalyzeDomain (280ms)
			TypeCache.Refresh (211ms)
				TypeCache.ScanAssembly (171ms)
			BuildScriptInfoCaches (53ms)
			ResolveRequiredComponents (11ms)
	FinalizeReload (713ms)
		ReleaseScriptCaches (0ms)
		RebuildScriptCaches (0ms)
		SetupLoadedEditorAssemblies (513ms)
			LogAssemblyErrors (0ms)
			InitializePlatformSupportModulesInManaged (2ms)
			SetLoadedEditorAssemblies (3ms)
			BeforeProcessingInitializeOnLoad (153ms)
			ProcessInitializeOnLoadAttributes (303ms)
			ProcessInitializeOnLoadMethodAttributes (51ms)
			AfterProcessingInitializeOnLoad (2ms)
			EditorAssembliesLoaded (1ms)
		ExecutionOrderSort2 (0ms)
		AwakeInstancesAfterBackupRestoration (3ms)
WARNING: Shader Unsupported: 'Universal Render Pipeline/VR/SpatialMapping/Wireframe' - All subshaders removed
WARNING: Shader Did you use #pragma only_renderers and omit this platform?
WARNING: Shader If subshaders removal was intentional, you may have forgotten turning Fallback off?
WARNING: Shader Unsupported: 'Universal Render Pipeline/VR/SpatialMapping/Wireframe' - All subshaders removed
WARNING: Shader Did you use #pragma only_renderers and omit this platform?
WARNING: Shader If subshaders removal was intentional, you may have forgotten turning Fallback off?
Launching external process: /Applications/Unity/Hub/Editor/6000.3.5f2/Unity.app/Contents/Helpers/UnityShaderCompiler
Launched and connected shader compiler UnityShaderCompiler after 0.04 seconds
Refreshing native plugins compatible for Editor in 0.40 ms, found 1 plugins.
Preloading 0 native plugins for Editor in 0.00 ms.
Unloading 17 Unused Serialized files (Serialized files now loaded: 0)
Unloading 6221 unused Assets / (2.0 MB). Loaded Objects now: 7015.
Memory consumption went from 151.5 MB to 149.5 MB.
Total: 71.135208 ms (FindLiveObjects: 11.705167 ms CreateObjectMapping: 0.755708 ms MarkObjects: 51.233917 ms  DeleteObjects: 7.438000 ms)

========================================================================
Received Import Request.
  Time since last request: 1646296.299328 seconds.
  path: Assets/InputSystem_Actions.inputactions
  artifactKey: Guid(052faaac586de48259a63d0c4782560b) Importer(815301076,1909f56bfc062723c751e8b465ee728b)
Start importing Assets/InputSystem_Actions.inputactions using Guid(052faaac586de48259a63d0c4782560b) Importer(815301076,1909f56bfc062723c751e8b465ee728b) (PreviewImporter) -> (artifact id: '01930f40487c8621e82f37946cdc2c76') in 0.082102041 seconds
Number of updated asset objects reloaded before import = 1Number of asset objects unloaded after import = 20

========================================================================
Received Import Request.
  Time since last request: 0.894034 seconds.
  path: Assets/Readme.asset
  artifactKey: Guid(8105016687592461f977c054a80ce2f2) Importer(2089858483,b0f066a214c2f5e87bad3c948f4d605d)
Start importing Assets/Readme.asset using Guid(8105016687592461f977c054a80ce2f2) Importer(2089858483,b0f066a214c2f5e87bad3c948f4d605d) (ScriptedImporter) -> (artifact id: 'deec7e4230a8b971561f8495912942c5') in 0.151524666 seconds
Number of updated asset objects reloaded before import = 0Number of asset objects unloaded after import = 2

========================================================================
Received Import Request.
  Time since last request: 0.002786 seconds.
  path: Assets/Settings/DefaultVolumeProfile.asset
  artifactKey: Guid(ab09877e2e707104187f6f83e2f62510) Importer(2089858483,b0f066a214c2f5e87bad3c948f4d605d)
Start importing Assets/Settings/DefaultVolumeProfile.asset using Guid(ab09877e2e707104187f6f83e2f62510) Importer(2089858483,b0f066a214c2f5e87bad3c948f4d605d) (ScriptedImporter) -> (artifact id: 'caacb00395f1e7a946467fba3b1d7d0e') in 0.005791708 seconds
Number of updated asset objects reloaded before import = 0Number of asset objects unloaded after import = 0

========================================================================
Received Import Request.
  Time since last request: 0.000048 seconds.
  path: Assets/TutorialInfo/Layout.wlt
  artifactKey: Guid(eabc9546105bf4accac1fd62a63e88e6) Importer(2089858483,b0f066a214c2f5e87bad3c948f4d605d)
Start importing Assets/TutorialInfo/Layout.wlt using Guid(eabc9546105bf4accac1fd62a63e88e6) Importer(2089858483,b0f066a214c2f5e87bad3c948f4d605d) (ScriptedImporter) -> (artifact id: 'aa9534e9bc1c59747634994b1d631594') in 0.005961375 seconds
Number of updated asset objects reloaded before import = 0Number of asset objects unloaded after import = 1

========================================================================
Received Import Request.
  Time since last request: 0.000062 seconds.
  path: Assets/Settings/PC_Renderer.asset
  artifactKey: Guid(f288ae1f4751b564a96ac7587541f7a2) Importer(2089858483,b0f066a214c2f5e87bad3c948f4d605d)
Start importing Assets/Settings/PC_Renderer.asset using Guid(f288ae1f4751b564a96ac7587541f7a2) Importer(2089858483,b0f066a214c2f5e87bad3c948f4d605d) (ScriptedImporter) -> (artifact id: '92308b6b104b781a1d6dfa775f5992b2') in 0.068290334 seconds
Number of updated asset objects reloaded before import = 0Number of asset objects unloaded after import = 1

========================================================================
Received Import Request.
  Time since last request: 0.000077 seconds.
  path: Assets/Settings/UniversalRenderPipelineGlobalSettings.asset
  artifactKey: Guid(18dc0cd2c080841dea60987a38ce93fa) Importer(2089858483,b0f066a214c2f5e87bad3c948f4d605d)
Start importing Assets/Settings/UniversalRenderPipelineGlobalSettings.asset using Guid(18dc0cd2c080841dea60987a38ce93fa) Importer(2089858483,b0f066a214c2f5e87bad3c948f4d605d) (ScriptedImporter) -> (artifact id: 'e5c43ae0514dd0d07a12eae1c83f66f0') in 0.089223708 seconds
Number of updated asset objects reloaded before import = 0Number of asset objects unloaded after import = 0

========================================================================
Received Import Request.
  Time since last request: 0.000069 seconds.
  path: Assets/Scenes/SampleScene.unity
  artifactKey: Guid(99c9720ab356a0642a771bea13969a05) Importer(2089858483,b0f066a214c2f5e87bad3c948f4d605d)
Start importing Assets/Scenes/SampleScene.unity using Guid(99c9720ab356a0642a771bea13969a05) Importer(2089858483,b0f066a214c2f5e87bad3c948f4d605d) (ScriptedImporter) -> (artifact id: 'd93e91168bc77ed4162dabb4bb4cf75e') in 0.005034041 seconds
Number of updated asset objects reloaded before import = 0Number of asset objects unloaded after import = 1

========================================================================
Received Import Request.
  Time since last request: 0.000142 seconds.
  path: Assets/TutorialInfo/Icons/URP.png
  artifactKey: Guid(727a75301c3d24613a3ebcec4a24c2c8) Importer(2089858483,b0f066a214c2f5e87bad3c948f4d605d)
Start importing Assets/TutorialInfo/Icons/URP.png using Guid(727a75301c3d24613a3ebcec4a24c2c8) Importer(2089858483,b0f066a214c2f5e87bad3c948f4d605d) (ScriptedImporter) -> (artifact id: 'a8c1d39216af821b0b061d6deedefde4') in 0.042826292 seconds
Number of updated asset objects reloaded before import = 0Number of asset objects unloaded after import = 1

========================================================================
Received Import Request.
  Time since last request: 0.000435 seconds.
  path: Assets/Settings/PC_RPAsset.asset
  artifactKey: Guid(4b83569d67af61e458304325a23e5dfd) Importer(2089858483,b0f066a214c2f5e87bad3c948f4d605d)
Start importing Assets/Settings/PC_RPAsset.asset using Guid(4b83569d67af61e458304325a23e5dfd) Importer(2089858483,b0f066a214c2f5e87bad3c948f4d605d) (ScriptedImporter) -> (artifact id: '2dd0f71c30da441889db687b759f6302') in 0.032672208 seconds
Number of updated asset objects reloaded before import = 0Number of asset objects unloaded after import = 1

========================================================================
Received Prepare
Begin MonoManager ReloadAssembly
[Licensing::Client] Successfully resolved entitlement details
Thread 0x16bc5f000 may have been prematurely finalized
- Loaded All Assemblies, in  0.951 seconds
Refreshing native plugins compatible for Editor in 2.26 ms, found 8 plugins.
Native extension for OSXStandalone target not found
Native extension for WebGL target not found
[Package Manager] Failed to launch server process. Reason: Unity was launched with the -noUpm command-line argument
[Package Manager] Unable to send message (not connected to server process).
[Package Manager] Cannot connect to Unity Package Manager local server
ScheduleIndexationOnStartup MainProcess:False IndexOnStartup:True
Mono: successfully reloaded assembly
[Package Manager] Failed to launch server process. Reason: Unity was launched with the -noUpm command-line argument
[Package Manager] Unable to send message (not connected to server process).
[Package Manager] Cannot connect to Unity Package Manager local server
[Package Manager] Failed to launch server process. Reason: Unity was launched with the -noUpm command-line argument
[Package Manager] Unable to send message (not connected to server process).
[Package Manager] Cannot connect to Unity Package Manager local server
- Finished resetting the current domain, in  0.769 seconds
Domain Reload Profiling: 1724ms
	BeginReloadAssembly (372ms)
		ExecutionOrderSort (0ms)
		DisableScriptedObjects (16ms)
		BackupInstance (0ms)
		ReleaseScriptingObjects (1ms)
		CreateAndSetChildDomain (139ms)
	RebuildCommonClasses (31ms)
	RebuildNativeTypeToScriptingClass (14ms)
	initialDomainReloadingComplete (27ms)
	LoadAllAssembliesAndSetupDomain (511ms)
		LoadAssemblies (381ms)
		RebuildTransferFunctionScriptingTraits (0ms)
		AnalyzeDomain (210ms)
			TypeCache.Refresh (59ms)
				TypeCache.ScanAssembly (24ms)
			BuildScriptInfoCaches (137ms)
			ResolveRequiredComponents (8ms)
	FinalizeReload (769ms)
		ReleaseScriptCaches (0ms)
		RebuildScriptCaches (0ms)
		SetupLoadedEditorAssemblies (599ms)
			LogAssemblyErrors (0ms)
			InitializePlatformSupportModulesInManaged (2ms)
			SetLoadedEditorAssemblies (3ms)
			BeforeProcessingInitializeOnLoad (159ms)
			ProcessInitializeOnLoadAttributes (324ms)
			ProcessInitializeOnLoadMethodAttributes (109ms)
			AfterProcessingInitializeOnLoad (1ms)
			EditorAssembliesLoaded (0ms)
		ExecutionOrderSort2 (0ms)
		AwakeInstancesAfterBackupRestoration (16ms)
WARNING: Shader Unsupported: 'Universal Render Pipeline/VR/SpatialMapping/Wireframe' - All subshaders removed
WARNING: Shader Did you use #pragma only_renderers and omit this platform?
WARNING: Shader If subshaders removal was intentional, you may have forgotten turning Fallback off?
WARNING: Shader Unsupported: 'Universal Render Pipeline/VR/SpatialMapping/Wireframe' - All subshaders removed
WARNING: Shader Did you use #pragma only_renderers and omit this platform?
WARNING: Shader If subshaders removal was intentional, you may have forgotten turning Fallback off?
Refreshing native plugins compatible for Editor in 2.96 ms, found 8 plugins.
Preloading 0 native plugins for Editor in 0.00 ms.
Unloading 17 Unused Serialized files (Serialized files now loaded: 0)
Unloading 6759 unused Assets / (2.1 MB). Loaded Objects now: 7558.
Memory consumption went from 168.0 MB to 165.8 MB.
Total: 13.727166 ms (FindLiveObjects: 2.495917 ms CreateObjectMapping: 0.345541 ms MarkObjects: 8.708209 ms  DeleteObjects: 2.176958 ms)

Prepare: number of updated asset objects reloaded= 0
========================================================================
Received Prepare
Begin MonoManager ReloadAssembly
[Licensing::Client] Successfully resolved entitlement details
Thread 0x16b9cb000 may have been prematurely finalized
- Loaded All Assemblies, in  0.617 seconds
Refreshing native plugins compatible for Editor in 2.16 ms, found 8 plugins.
Native extension for OSXStandalone target not found
Native extension for WebGL target not found
[Package Manager] Failed to launch server process. Reason: Unity was launched with the -noUpm command-line argument
[Package Manager] Unable to send message (not connected to server process).
[Package Manager] Cannot connect to Unity Package Manager local server
ScheduleIndexationOnStartup MainProcess:False IndexOnStartup:True
Mono: successfully reloaded assembly
[Package Manager] Failed to launch server process. Reason: Unity was launched with the -noUpm command-line argument
[Package Manager] Unable to send message (not connected to server process).
[Package Manager] Cannot connect to Unity Package Manager local server
- Finished resetting the current domain, in  0.549 seconds
Domain Reload Profiling: 1168ms
	BeginReloadAssembly (175ms)
		ExecutionOrderSort (0ms)
		DisableScriptedObjects (7ms)
		BackupInstance (0ms)
		ReleaseScriptingObjects (0ms)
		CreateAndSetChildDomain (50ms)
	RebuildCommonClasses (29ms)
	RebuildNativeTypeToScriptingClass (11ms)
	initialDomainReloadingComplete (21ms)
	LoadAllAssembliesAndSetupDomain (384ms)
		LoadAssemblies (275ms)
		RebuildTransferFunctionScriptingTraits (0ms)
		AnalyzeDomain (169ms)
			TypeCache.Refresh (22ms)
				TypeCache.ScanAssembly (8ms)
			BuildScriptInfoCaches (135ms)
			ResolveRequiredComponents (9ms)
	FinalizeReload (549ms)
		ReleaseScriptCaches (0ms)
		RebuildScriptCaches (0ms)
		SetupLoadedEditorAssemblies (442ms)
			LogAssemblyErrors (0ms)
			InitializePlatformSupportModulesInManaged (1ms)
			SetLoadedEditorAssemblies (6ms)
			BeforeProcessingInitializeOnLoad (125ms)
			ProcessInitializeOnLoadAttributes (216ms)
			ProcessInitializeOnLoadMethodAttributes (93ms)
			AfterProcessingInitializeOnLoad (1ms)
			EditorAssembliesLoaded (0ms)
		ExecutionOrderSort2 (0ms)
		AwakeInstancesAfterBackupRestoration (7ms)
WARNING: Shader Unsupported: 'Universal Render Pipeline/VR/SpatialMapping/Wireframe' - All subshaders removed
WARNING: Shader Did you use #pragma only_renderers and omit this platform?
WARNING: Shader If subshaders removal was intentional, you may have forgotten turning Fallback off?
WARNING: Shader Unsupported: 'Universal Render Pipeline/VR/SpatialMapping/Wireframe' - All subshaders removed
WARNING: Shader Did you use #pragma only_renderers and omit this platform?
WARNING: Shader If subshaders removal was intentional, you may have forgotten turning Fallback off?
Refreshing native plugins compatible for Editor in 2.23 ms, found 8 plugins.
Preloading 0 native plugins for Editor in 0.00 ms.
Unloading 17 Unused Serialized files (Serialized files now loaded: 0)
Unloading 7306 unused Assets / (4.2 MB). Loaded Objects now: 8133.
Memory consumption went from 175.9 MB to 171.8 MB.
Total: 7.437750 ms (FindLiveObjects: 0.424333 ms CreateObjectMapping: 0.212584 ms MarkObjects: 4.834459 ms  DeleteObjects: 1.966000 ms)

Prepare: number of updated asset objects reloaded= 0
========================================================================
Received Prepare
WARNING: Shader Unsupported: 'Universal Render Pipeline/VR/SpatialMapping/Wireframe' - All subshaders removed
WARNING: Shader Did you use #pragma only_renderers and omit this platform?
WARNING: Shader If subshaders removal was intentional, you may have forgotten turning Fallback off?
WARNING: Shader Unsupported: 'Universal Render Pipeline/VR/SpatialMapping/Wireframe' - All subshaders removed
WARNING: Shader Did you use #pragma only_renderers and omit this platform?
WARNING: Shader If subshaders removal was intentional, you may have forgotten turning Fallback off?
Refreshing native plugins compatible for Editor in 6.98 ms, found 8 plugins.
Preloading 0 native plugins for Editor in 0.00 ms.
Unloading 17 Unused Serialized files (Serialized files now loaded: 0)
Unloading 7288 unused Assets / (2.9 MB). Loaded Objects now: 8137.
Memory consumption went from 171.4 MB to 168.5 MB.
Total: 44.590584 ms (FindLiveObjects: 0.543958 ms CreateObjectMapping: 0.256250 ms MarkObjects: 42.239250 ms  DeleteObjects: 1.550292 ms)

Prepare: number of updated asset objects reloaded= 23
========================================================================
Received Prepare
Begin MonoManager ReloadAssembly
Thread 0x17562f000 may have been prematurely finalized
- Loaded All Assemblies, in  0.966 seconds
Refreshing native plugins compatible for Editor in 2.80 ms, found 8 plugins.
Native extension for OSXStandalone target not found
Native extension for WebGL target not found
[Package Manager] Failed to launch server process. Reason: Unity was launched with the -noUpm command-line argument
[Package Manager] Unable to send message (not connected to server process).
[Package Manager] Cannot connect to Unity Package Manager local server
ScheduleIndexationOnStartup MainProcess:False IndexOnStartup:True
Mono: successfully reloaded assembly
[Package Manager] Failed to launch server process. Reason: Unity was launched with the -noUpm command-line argument
[Package Manager] Unable to send message (not connected to server process).
[Package Manager] Cannot connect to Unity Package Manager local server
- Finished resetting the current domain, in  0.935 seconds
Domain Reload Profiling: 1905ms
	BeginReloadAssembly (380ms)
		ExecutionOrderSort (0ms)
		DisableScriptedObjects (16ms)
		BackupInstance (0ms)
		ReleaseScriptingObjects (1ms)
		CreateAndSetChildDomain (138ms)
	RebuildCommonClasses (33ms)
	RebuildNativeTypeToScriptingClass (12ms)
	initialDomainReloadingComplete (34ms)
	LoadAllAssembliesAndSetupDomain (510ms)
		LoadAssemblies (398ms)
		RebuildTransferFunctionScriptingTraits (0ms)
		AnalyzeDomain (220ms)
			TypeCache.Refresh (36ms)
				TypeCache.ScanAssembly (1ms)
			BuildScriptInfoCaches (168ms)
			ResolveRequiredComponents (9ms)
	FinalizeReload (935ms)
		ReleaseScriptCaches (0ms)
		RebuildScriptCaches (0ms)
		SetupLoadedEditorAssemblies (771ms)
			LogAssemblyErrors (0ms)
			InitializePlatformSupportModulesInManaged (3ms)
			SetLoadedEditorAssemblies (4ms)
			BeforeProcessingInitializeOnLoad (189ms)
			ProcessInitializeOnLoadAttributes (428ms)
			ProcessInitializeOnLoadMethodAttributes (144ms)
			AfterProcessingInitializeOnLoad (1ms)
			EditorAssembliesLoaded (1ms)
		ExecutionOrderSort2 (0ms)
		AwakeInstancesAfterBackupRestoration (11ms)
WARNING: Shader Unsupported: 'Universal Render Pipeline/VR/SpatialMapping/Wireframe' - All subshaders removed
WARNING: Shader Did you use #pragma only_renderers and omit this platform?
WARNING: Shader If subshaders removal was intentional, you may have forgotten turning Fallback off?
WARNING: Shader Unsupported: 'Universal Render Pipeline/VR/SpatialMapping/Wireframe' - All subshaders removed
WARNING: Shader Did you use #pragma only_renderers and omit this platform?
WARNING: Shader If subshaders removal was intentional, you may have forgotten turning Fallback off?
Refreshing native plugins compatible for Editor in 3.53 ms, found 8 plugins.
Preloading 0 native plugins for Editor in 0.00 ms.
Unloading 17 Unused Serialized files (Serialized files now loaded: 0)
Unloading 7322 unused Assets / (2.6 MB). Loaded Objects now: 8152.
Memory consumption went from 179.5 MB to 176.9 MB.
Total: 12.390083 ms (FindLiveObjects: 0.488583 ms CreateObjectMapping: 0.680875 ms MarkObjects: 7.885916 ms  DeleteObjects: 3.334041 ms)

Prepare: number of updated asset objects reloaded= 0
========================================================================
Received Prepare
WARNING: Shader Unsupported: 'Universal Render Pipeline/VR/SpatialMapping/Wireframe' - All subshaders removed
WARNING: Shader Did you use #pragma only_renderers and omit this platform?
WARNING: Shader If subshaders removal was intentional, you may have forgotten turning Fallback off?
WARNING: Shader Unsupported: 'Universal Render Pipeline/VR/SpatialMapping/Wireframe' - All subshaders removed
WARNING: Shader Did you use #pragma only_renderers and omit this platform?
WARNING: Shader If subshaders removal was intentional, you may have forgotten turning Fallback off?
Refreshing native plugins compatible for Editor in 3.13 ms, found 8 plugins.
Preloading 0 native plugins for Editor in 0.00 ms.
Unloading 20 Unused Serialized files (Serialized files now loaded: 0)
Unloading 7309 unused Assets / (2.7 MB). Loaded Objects now: 8158.
Memory consumption went from 176.7 MB to 174.0 MB.
Total: 42.741334 ms (FindLiveObjects: 6.101625 ms CreateObjectMapping: 0.231917 ms MarkObjects: 34.000416 ms  DeleteObjects: 2.406458 ms)

Prepare: number of updated asset objects reloaded= 0
========================================================================
Received Prepare
Begin MonoManager ReloadAssembly
[Licensing::Client] Successfully resolved entitlement details
Thread 0x176cdb000 may have been prematurely finalized
- Loaded All Assemblies, in  0.579 seconds
Refreshing native plugins compatible for Editor in 1.74 ms, found 8 plugins.
Assertion failed on expression: 'pred(*previous, *i)'
Assertion failed on expression: 'pred(*previous, *i)'
Assertion failed on expression: 'pred(*previous, *i)'
Assertion failed on expression: 'pred(*previous, *i)'
Assertion failed on expression: 'pred(*previous, *i)'
Assertion failed on expression: 'pred(*previous, *i)'
Assertion failed on expression: 'pred(*previous, *i)'
Assertion failed on expression: 'pred(*previous, *i)'
Assertion failed on expression: 'pred(*previous, *i)'
Assertion failed on expression: 'pred(*previous, *i)'
Assertion failed on expression: 'pred(*previous, *i)'
Assertion failed on expression: 'pred(*previous, *i)'
Assertion failed on expression: 'pred(*previous, *i)'
Native extension for OSXStandalone target not found
Native extension for WebGL target not found
[Package Manager] Failed to launch server process. Reason: Unity was launched with the -noUpm command-line argument
[Package Manager] Unable to send message (not connected to server process).
[Package Manager] Cannot connect to Unity Package Manager local server
ScheduleIndexationOnStartup MainProcess:False IndexOnStartup:True
Mono: successfully reloaded assembly
[Package Manager] Failed to launch server process. Reason: Unity was launched with the -noUpm command-line argument
[Package Manager] Unable to send message (not connected to server process).
[Package Manager] Cannot connect to Unity Package Manager local server
- Finished resetting the current domain, in  1.005 seconds
Domain Reload Profiling: 1587ms
	BeginReloadAssembly (184ms)
		ExecutionOrderSort (0ms)
		DisableScriptedObjects (7ms)
		BackupInstance (0ms)
		ReleaseScriptingObjects (0ms)
		CreateAndSetChildDomain (56ms)
	RebuildCommonClasses (27ms)
	RebuildNativeTypeToScriptingClass (10ms)
	initialDomainReloadingComplete (19ms)
	LoadAllAssembliesAndSetupDomain (341ms)
		LoadAssemblies (242ms)
		RebuildTransferFunctionScriptingTraits (0ms)
		AnalyzeDomain (154ms)
			TypeCache.Refresh (14ms)
				TypeCache.ScanAssembly (1ms)
			BuildScriptInfoCaches (128ms)
			ResolveRequiredComponents (8ms)
	FinalizeReload (1005ms)
		ReleaseScriptCaches (0ms)
		RebuildScriptCaches (0ms)
		SetupLoadedEditorAssemblies (894ms)
			LogAssemblyErrors (0ms)
			InitializePlatformSupportModulesInManaged (2ms)
			SetLoadedEditorAssemblies (4ms)
			BeforeProcessingInitializeOnLoad (132ms)
			ProcessInitializeOnLoadAttributes (667ms)
			ProcessInitializeOnLoadMethodAttributes (88ms)
			AfterProcessingInitializeOnLoad (1ms)
			EditorAssembliesLoaded (0ms)
		ExecutionOrderSort2 (0ms)
		AwakeInstancesAfterBackupRestoration (7ms)
WARNING: Shader Unsupported: 'Universal Render Pipeline/VR/SpatialMapping/Wireframe' - All subshaders removed
WARNING: Shader Did you use #pragma only_renderers and omit this platform?
WARNING: Shader If subshaders removal was intentional, you may have forgotten turning Fallback off?
WARNING: Shader Unsupported: 'Universal Render Pipeline/VR/SpatialMapping/Wireframe' - All subshaders removed
WARNING: Shader Did you use #pragma only_renderers and omit this platform?
WARNING: Shader If subshaders removal was intentional, you may have forgotten turning Fallback off?
Refreshing native plugins compatible for Editor in 1.99 ms, found 8 plugins.
Preloading 0 native plugins for Editor in 0.00 ms.
Unloading 19 Unused Serialized files (Serialized files now loaded: 0)
Unloading 7370 unused Assets / (6.4 MB). Loaded Objects now: 8175.
Memory consumption went from 241.8 MB to 235.4 MB.
Total: 8.519708 ms (FindLiveObjects: 0.389417 ms CreateObjectMapping: 0.237000 ms MarkObjects: 4.913083 ms  DeleteObjects: 2.979708 ms)

Prepare: number of updated asset objects reloaded= 23
========================================================================
Received Import Request.
  Time since last request: 17816.523561 seconds.
  path: Assets/XR/Settings
  artifactKey: Guid(dfac8b35939cd48e1be91ffb6841272c) Importer(2089858483,b0f066a214c2f5e87bad3c948f4d605d)
Start importing Assets/XR/Settings using Guid(dfac8b35939cd48e1be91ffb6841272c) Importer(2089858483,b0f066a214c2f5e87bad3c948f4d605d) (ScriptedImporter) -> (artifact id: 'c52117750683bd81fe7d71bc966e6e59') in 0.068061792 seconds
Number of updated asset objects reloaded before import = 23Number of asset objects unloaded after import = 1

========================================================================
Received Import Request.
  Time since last request: 0.000435 seconds.
  path: Assets/XRI/Settings/XRInteractionEditorSettings.asset
  artifactKey: Guid(7d623937654744f299b1e6088bfdab91) Importer(2089858483,b0f066a214c2f5e87bad3c948f4d605d)
Start importing Assets/XRI/Settings/XRInteractionEditorSettings.asset using Guid(7d623937654744f299b1e6088bfdab91) Importer(2089858483,b0f066a214c2f5e87bad3c948f4d605d) (ScriptedImporter) -> (artifact id: 'cdaea382ad05995c993598819fbb2f60') in 0.049589417 seconds
Number of updated asset objects reloaded before import = 0Number of asset objects unloaded after import = 1

========================================================================
Received Import Request.
  Time since last request: 0.000128 seconds.
  path: Assets/Samples/XR Interaction Toolkit/3.3.1/Starter Assets/DemoSceneAssets/Prefabs/InteractionAffordance.prefab
  artifactKey: Guid(eb9104ef66b7305468adb3697fdeed5e) Importer(2089858483,b0f066a214c2f5e87bad3c948f4d605d)
Start importing Assets/Samples/XR Interaction Toolkit/3.3.1/Starter Assets/DemoSceneAssets/Prefabs/InteractionAffordance.prefab using Guid(eb9104ef66b7305468adb3697fdeed5e) Importer(2089858483,b0f066a214c2f5e87bad3c948f4d605d) (ScriptedImporter) -> (artifact id: 'f7eff03ed3e0d78426abb59b54ccefc1') in 0.043651625 seconds
Number of updated asset objects reloaded before import = 0Number of asset objects unloaded after import = 10

========================================================================
Received Import Request.
  Time since last request: 0.000046 seconds.
  path: Assets/Samples/OpenXR Plugin/1.16.1/Controller/Scripts/ActionAssetEnabler.cs
  artifactKey: Guid(b90eaae8ee7f6bf46be1c8ad060bd48d) Importer(2089858483,b0f066a214c2f5e87bad3c948f4d605d)
Start importing Assets/Samples/OpenXR Plugin/1.16.1/Controller/Scripts/ActionAssetEnabler.cs using Guid(b90eaae8ee7f6bf46be1c8ad060bd48d) Importer(2089858483,b0f066a214c2f5e87bad3c948f4d605d) (ScriptedImporter) -> (artifact id: 'f803f8a8f775c7b55a44032035c9b7dc') in 0.002521541 seconds
Number of updated asset objects reloaded before import = 0Number of asset objects unloaded after import = 0

========================================================================
Received Import Request.
  Time since last request: 0.000055 seconds.
  path: Assets/Samples/OpenXR Plugin/1.16.1/Controller/Scripts/ActionToButton.cs
  artifactKey: Guid(9d563bef222bbc74ab2244cbbd138dfe) Importer(2089858483,b0f066a214c2f5e87bad3c948f4d605d)
Start importing Assets/Samples/OpenXR Plugin/1.16.1/Controller/Scripts/ActionToButton.cs using Guid(9d563bef222bbc74ab2244cbbd138dfe) Importer(2089858483,b0f066a214c2f5e87bad3c948f4d605d) (ScriptedImporter) -> (artifact id: '5c5ffa34af7182effb73288ffc27e0fd') in 0.002530291 seconds
Number of updated asset objects reloaded before import = 0Number of asset objects unloaded after import = 0

========================================================================
Received Import Request.
  Time since last request: 0.000047 seconds.
  path: Assets/Samples/OpenXR Plugin/1.16.1/Controller/Scripts/TrackingModeOrigin.cs
  artifactKey: Guid(60d238e9c86f8bb42b9eb88baeed50b0) Importer(2089858483,b0f066a214c2f5e87bad3c948f4d605d)
Start importing Assets/Samples/OpenXR Plugin/1.16.1/Controller/Scripts/TrackingModeOrigin.cs using Guid(60d238e9c86f8bb42b9eb88baeed50b0) Importer(2089858483,b0f066a214c2f5e87bad3c948f4d605d) (ScriptedImporter) -> (artifact id: 'c57c737f8c463c441295df7dfe8c0c89') in 0.002149208 seconds
Number of updated asset objects reloaded before import = 0Number of asset objects unloaded after import = 0

========================================================================
Received Import Request.
  Time since last request: 0.000062 seconds.
  path: Assets/Samples/XR Interaction Toolkit/3.3.1/Starter Assets/Prefabs/Interactors/Direct Interactor.prefab
  artifactKey: Guid(2fd3e07afe5b461490fb8e314976b1b0) Importer(2089858483,b0f066a214c2f5e87bad3c948f4d605d)
Start importing Assets/Samples/XR Interaction Toolkit/3.3.1/Starter Assets/Prefabs/Interactors/Direct Interactor.prefab using Guid(2fd3e07afe5b461490fb8e314976b1b0) Importer(2089858483,b0f066a214c2f5e87bad3c948f4d605d) (ScriptedImporter) -> (artifact id: '4db932dfa3c18042e892a52b2cd72e49') in 0.188901875 seconds
Number of updated asset objects reloaded before import = 0Number of asset objects unloaded after import = 8

========================================================================
Received Import Request.
  Time since last request: 0.000452 seconds.
  path: Assets/Samples/XR Interaction Toolkit/3.3.1/Starter Assets/Scripts/XRPokeFollowAffordance.cs
  artifactKey: Guid(07b3638c2f5db5b479ff24c2859713d4) Importer(2089858483,b0f066a214c2f5e87bad3c948f4d605d)
Start importing Assets/Samples/XR Interaction Toolkit/3.3.1/Starter Assets/Scripts/XRPokeFollowAffordance.cs using Guid(07b3638c2f5db5b479ff24c2859713d4) Importer(2089858483,b0f066a214c2f5e87bad3c948f4d605d) (ScriptedImporter) -> (artifact id: 'd7063bec77cfcf202bc9750280e3e970') in 0.003206333 seconds
Number of updated asset objects reloaded before import = 0Number of asset objects unloaded after import = 0

========================================================================
Received Import Request.
  Time since last request: 0.000044 seconds.
  path: Assets/Samples/OpenXR Plugin/1.16.1/Controller/Models
  artifactKey: Guid(9ae1b41407a2d734c96ed160efbc06d2) Importer(2089858483,b0f066a214c2f5e87bad3c948f4d605d)
Start importing Assets/Samples/OpenXR Plugin/1.16.1/Controller/Models using Guid(9ae1b41407a2d734c96ed160efbc06d2) Importer(2089858483,b0f066a214c2f5e87bad3c948f4d605d) (ScriptedImporter) -> (artifact id: 'f5c4f339bfb5f25e7c1afb773fe65286') in 0.001737542 seconds
Number of updated asset objects reloaded before import = 0Number of asset objects unloaded after import = 1

========================================================================
Received Import Request.
  Time since last request: 0.000061 seconds.
  path: Assets/Samples/XR Interaction Toolkit/3.3.1/Starter Assets/Presets/XRI Default Dynamic Move.preset
  artifactKey: Guid(da25954ba1a2e604294f2ccda1d6372c) Importer(2089858483,b0f066a214c2f5e87bad3c948f4d605d)
Start importing Assets/Samples/XR Interaction Toolkit/3.3.1/Starter Assets/Presets/XRI Default Dynamic Move.preset using Guid(da25954ba1a2e604294f2ccda1d6372c) Importer(2089858483,b0f066a214c2f5e87bad3c948f4d605d) (ScriptedImporter) -> (artifact id: '0cdec624e8b1253482a2acfd5f464917') in 0.00892875 seconds
Number of updated asset objects reloaded before import = 0Number of asset objects unloaded after import = 4

========================================================================
Received Import Request.
  Time since last request: 0.000066 seconds.
  path: Assets/XR/Loaders/OpenXRLoader.asset
  artifactKey: Guid(835d83447ae454178811212ba41240ab) Importer(2089858483,b0f066a214c2f5e87bad3c948f4d605d)
Start importing Assets/XR/Loaders/OpenXRLoader.asset using Guid(835d83447ae454178811212ba41240ab) Importer(2089858483,b0f066a214c2f5e87bad3c948f4d605d) (ScriptedImporter) -> (artifact id: 'c620e5b6e26b391cebe5dc18e855e7a6') in 0.008931292 seconds
Number of updated asset objects reloaded before import = 0Number of asset objects unloaded after import = 1

========================================================================
Received Import Request.
  Time since last request: 0.000219 seconds.
  path: Assets/Samples/OpenXR Plugin/1.16.1/Controller/Prefabs/Vector2Control.prefab
  artifactKey: Guid(837cf611fc96adc49a471685e893097a) Importer(2089858483,b0f066a214c2f5e87bad3c948f4d605d)
Start importing Assets/Samples/OpenXR Plugin/1.16.1/Controller/Prefabs/Vector2Control.prefab using Guid(837cf611fc96adc49a471685e893097a) Importer(2089858483,b0f066a214c2f5e87bad3c948f4d605d) (ScriptedImporter) -> (artifact id: '5f7ffa263d54d59f3d33d78ab26ee9e6') in 0.017700458 seconds
Number of updated asset objects reloaded before import = 0Number of asset objects unloaded after import = 22

========================================================================
Received Import Request.
  Time since last request: 0.000160 seconds.
  path: Assets/Samples/XR Interaction Toolkit/3.3.1/Starter Assets/Shaders/Interactable.shadergraph
  artifactKey: Guid(0927d29e476ce5843b1f7d2a96943c51) Importer(2089858483,b0f066a214c2f5e87bad3c948f4d605d)
Start importing Assets/Samples/XR Interaction Toolkit/3.3.1/Starter Assets/Shaders/Interactable.shadergraph using Guid(0927d29e476ce5843b1f7d2a96943c51) Importer(2089858483,b0f066a214c2f5e87bad3c948f4d605d) (ScriptedImporter) -> (artifact id: '497567b10a21c1aec64850dd594c94cf') in 0.014956083 seconds
Number of updated asset objects reloaded before import = 0Number of asset objects unloaded after import = 5

========================================================================
Received Import Request.
  Time since last request: 0.000067 seconds.
  path: Assets/Samples/XR Interaction Toolkit/3.3.1/Starter Assets/Textures
  artifactKey: Guid(91a77be4c84205e4ba7056605bdb9e1d) Importer(2089858483,b0f066a214c2f5e87bad3c948f4d605d)
Start importing Assets/Samples/XR Interaction Toolkit/3.3.1/Starter Assets/Textures using Guid(91a77be4c84205e4ba7056605bdb9e1d) Importer(2089858483,b0f066a214c2f5e87bad3c948f4d605d) (ScriptedImporter) -> (artifact id: 'f56040427e7ac561bd9d2c23fec51833') in 0.002019791 seconds
Number of updated asset objects reloaded before import = 0Number of asset objects unloaded after import = 1

========================================================================
Received Import Request.
  Time since last request: 0.000051 seconds.
  path: Assets/Samples/OpenXR Plugin/1.16.1/Controller/Scripts/AutomaticTrackingModeChanger.cs
  artifactKey: Guid(d3724322d23523e42aad1efb9735340e) Importer(2089858483,b0f066a214c2f5e87bad3c948f4d605d)
Start importing Assets/Samples/OpenXR Plugin/1.16.1/Controller/Scripts/AutomaticTrackingModeChanger.cs using Guid(d3724322d23523e42aad1efb9735340e) Importer(2089858483,b0f066a214c2f5e87bad3c948f4d605d) (ScriptedImporter) -> (artifact id: '214adc40a7e0910a407472813d63d7f1') in 0.003218375 seconds
Number of updated asset objects reloaded before import = 0Number of asset objects unloaded after import = 0

========================================================================
Received Import Request.
  Time since last request: 0.000063 seconds.
  path: Assets/Samples/XR Interaction Toolkit/3.3.1/Starter Assets/DemoSceneAssets/Prefabs/UI/MinMaxSlider.prefab
  artifactKey: Guid(657321a07c3561043af55547ec4b0ed7) Importer(2089858483,b0f066a214c2f5e87bad3c948f4d605d)
Start importing Assets/Samples/XR Interaction Toolkit/3.3.1/Starter Assets/DemoSceneAssets/Prefabs/UI/MinMaxSlider.prefab using Guid(657321a07c3561043af55547ec4b0ed7) Importer(2089858483,b0f066a214c2f5e87bad3c948f4d605d) (ScriptedImporter) -> (artifact id: 'e6967db8eb311111f3c3c206e8ba7d8f') in 0.021523833 seconds
Number of updated asset objects reloaded before import = 0Number of asset objects unloaded after import = 26

========================================================================
Received Import Request.
  Time since last request: 0.000043 seconds.
  path: Assets/Samples/XR Interaction Toolkit/3.3.1/Starter Assets/DemoSceneAssets/Prefabs/Interactables/Push Button.prefab
  artifactKey: Guid(76f3439a0ae796e4b81bee3f91f888ee) Importer(2089858483,b0f066a214c2f5e87bad3c948f4d605d)
Start importing Assets/Samples/XR Interaction Toolkit/3.3.1/Starter Assets/DemoSceneAssets/Prefabs/Interactables/Push Button.prefab using Guid(76f3439a0ae796e4b81bee3f91f888ee) Importer(2089858483,b0f066a214c2f5e87bad3c948f4d605d) (ScriptedImporter) -> (artifact id: '0e2faa952dee1fbb7bf36da77634d36f') in 0.022118167 seconds
Number of updated asset objects reloaded before import = 0Number of asset objects unloaded after import = 32

========================================================================
Received Import Request.
  Time since last request: 0.000116 seconds.
  path: Assets/XR/Settings/OpenXR Package Settings.asset
  artifactKey: Guid(631b04769792c4435a62d672e530b0dc) Importer(2089858483,b0f066a214c2f5e87bad3c948f4d605d)
Start importing Assets/XR/Settings/OpenXR Package Settings.asset using Guid(631b04769792c4435a62d672e530b0dc) Importer(2089858483,b0f066a214c2f5e87bad3c948f4d605d) (ScriptedImporter) -> (artifact id: '6dd04c70ab377a41f3a252c62b28c5fb') in 0.013752917 seconds
Number of updated asset objects reloaded before import = 0Number of asset objects unloaded after import = 1

========================================================================
Received Import Request.
  Time since last request: 0.000067 seconds.
  path: Assets/Samples/OpenXR Plugin/1.16.1/Controller/Scripts/MarkLateLatchNode.cs
  artifactKey: Guid(1cc7f7343d6e839448320ad3382947b6) Importer(2089858483,b0f066a214c2f5e87bad3c948f4d605d)
Start importing Assets/Samples/OpenXR Plugin/1.16.1/Controller/Scripts/MarkLateLatchNode.cs using Guid(1cc7f7343d6e839448320ad3382947b6) Importer(2089858483,b0f066a214c2f5e87bad3c948f4d605d) (ScriptedImporter) -> (artifact id: '2a03f0ff0416f838133d26c26e01788c') in 0.002734708 seconds
Number of updated asset objects reloaded before import = 0Number of asset objects unloaded after import = 0

========================================================================
Received Import Request.
  Time since last request: 0.000048 seconds.
  path: Assets/Samples/OpenXR Plugin/1.16.1/Controller/Scripts/ActionToAxis.cs
  artifactKey: Guid(38137e6c2a95274448387b2203e288e2) Importer(2089858483,b0f066a214c2f5e87bad3c948f4d605d)
Start importing Assets/Samples/OpenXR Plugin/1.16.1/Controller/Scripts/ActionToAxis.cs using Guid(38137e6c2a95274448387b2203e288e2) Importer(2089858483,b0f066a214c2f5e87bad3c948f4d605d) (ScriptedImporter) -> (artifact id: '3a234420baf069a88ed826911ef30b77') in 0.002354792 seconds
Number of updated asset objects reloaded before import = 0Number of asset objects unloaded after import = 0

========================================================================
Received Import Request.
  Time since last request: 0.000081 seconds.
  path: Assets/Samples/OpenXR Plugin/1.16.1/Controller/ControllerSampleActions.inputactions
  artifactKey: Guid(e0ca4504471ca124088e1e2cfe6804ae) Importer(2089858483,b0f066a214c2f5e87bad3c948f4d605d)
Start importing Assets/Samples/OpenXR Plugin/1.16.1/Controller/ControllerSampleActions.inputactions using Guid(e0ca4504471ca124088e1e2cfe6804ae) Importer(2089858483,b0f066a214c2f5e87bad3c948f4d605d) (ScriptedImporter) -> (artifact id: '1c44b9421dbc5a010c29931f1642c708') in 0.045118333 seconds
Number of updated asset objects reloaded before import = 0Number of asset objects unloaded after import = 87

========================================================================
Received Import Request.
  Time since last request: 0.000043 seconds.
  path: Assets/Samples/OpenXR Plugin/1.16.1/Controller/Materials
  artifactKey: Guid(61f8c3bd2eeb6d5489c7d1c2890ec3c3) Importer(2089858483,b0f066a214c2f5e87bad3c948f4d605d)
Start importing Assets/Samples/OpenXR Plugin/1.16.1/Controller/Materials using Guid(61f8c3bd2eeb6d5489c7d1c2890ec3c3) Importer(2089858483,b0f066a214c2f5e87bad3c948f4d605d) (ScriptedImporter) -> (artifact id: '88e468a1d7a096698ccc557e1091f434') in 0.0033745 seconds
Number of updated asset objects reloaded before import = 0Number of asset objects unloaded after import = 1

========================================================================
Received Import Request.
  Time since last request: 0.000061 seconds.
  path: Assets/Samples/XR Interaction Toolkit/3.3.1/Starter Assets/DemoSceneAssets/Models/Primitive_Pyramid.fbx
  artifactKey: Guid(63e02ddb08ce42da868504e1333d48ae) Importer(2089858483,b0f066a214c2f5e87bad3c948f4d605d)
Start importing Assets/Samples/XR Interaction Toolkit/3.3.1/Starter Assets/DemoSceneAssets/Models/Primitive_Pyramid.fbx using Guid(63e02ddb08ce42da868504e1333d48ae) Importer(2089858483,b0f066a214c2f5e87bad3c948f4d605d) (ScriptedImporter) -> (artifact id: 'ff369fcc08b8b2eac673e7c6994b2380') in 0.033490125 seconds
Number of updated asset objects reloaded before import = 0Number of asset objects unloaded after import = 9

========================================================================
Received Import Request.
  Time since last request: 0.000054 seconds.
  path: Assets/Samples/XR Interaction Toolkit/3.3.1/Starter Assets/Models/Primitive_Wedge.fbx
  artifactKey: Guid(ab3a79eba4de4be0ad5fead9fb858190) Importer(2089858483,b0f066a214c2f5e87bad3c948f4d605d)
Start importing Assets/Samples/XR Interaction Toolkit/3.3.1/Starter Assets/Models/Primitive_Wedge.fbx using Guid(ab3a79eba4de4be0ad5fead9fb858190) Importer(2089858483,b0f066a214c2f5e87bad3c948f4d605d) (ScriptedImporter) -> (artifact id: '9c2448e45edce44de2b3df7b524f5607') in 0.00718225 seconds
Number of updated asset objects reloaded before import = 0Number of asset objects unloaded after import = 9

========================================================================
Received Import Request.
  Time since last request: 0.000053 seconds.
  path: Assets/Samples/XR Interaction Toolkit/3.3.1/Starter Assets/DemoSceneAssets/Audio/Button Pop.wav
  artifactKey: Guid(16fba6d30ed741d4a9fdd6e79ee2f3ac) Importer(2089858483,b0f066a214c2f5e87bad3c948f4d605d)
Start importing Assets/Samples/XR Interaction Toolkit/3.3.1/Starter Assets/DemoSceneAssets/Audio/Button Pop.wav using Guid(16fba6d30ed741d4a9fdd6e79ee2f3ac) Importer(2089858483,b0f066a214c2f5e87bad3c948f4d605d) (ScriptedImporter) -> (artifact id: 'e2a04e9f2f272517041c9407c53887b1') in 0.023956125 seconds
Number of updated asset objects reloaded before import = 0Number of asset objects unloaded after import = 1

========================================================================
Received Import Request.
  Time since last request: 0.000068 seconds.
  path: Assets/Samples/XR Interaction Toolkit/3.3.1/Starter Assets/Prefabs/Interactors/Gaze Interactor.prefab
  artifactKey: Guid(b84cd05e1160fe34cab2585022c8cd99) Importer(2089858483,b0f066a214c2f5e87bad3c948f4d605d)
Start importing Assets/Samples/XR Interaction Toolkit/3.3.1/Starter Assets/Prefabs/Interactors/Gaze Interactor.prefab using Guid(b84cd05e1160fe34cab2585022c8cd99) Importer(2089858483,b0f066a214c2f5e87bad3c948f4d605d) (ScriptedImporter) -> (artifact id: 'ed10033582effbd2f59924038f5c8e2c') in 0.044838625 seconds
Number of updated asset objects reloaded before import = 0Number of asset objects unloaded after import = 12

========================================================================
Received Import Request.
  Time since last request: 0.000032 seconds.
  path: Assets/Samples/XR Interaction Toolkit/3.3.1/Starter Assets/DemoSceneAssets/Prefabs/UI/Interactive Controls.prefab
  artifactKey: Guid(7bbb1960bab3e75459304488d8d1ffba) Importer(2089858483,b0f066a214c2f5e87bad3c948f4d605d)
Start importing Assets/Samples/XR Interaction Toolkit/3.3.1/Starter Assets/DemoSceneAssets/Prefabs/UI/Interactive Controls.prefab using Guid(7bbb1960bab3e75459304488d8d1ffba) Importer(2089858483,b0f066a214c2f5e87bad3c948f4d605d) (ScriptedImporter) -> (artifact id: '19d830a29da7a31eda728d2d64de23b0') in 0.027178875 seconds
Number of updated asset objects reloaded before import = 0Number of asset objects unloaded after import = 198

========================================================================
Received Import Request.
  Time since last request: 0.000037 seconds.
  path: Assets/Samples/XR Interaction Toolkit/3.3.1/Starter Assets/DemoSceneAssets/Prefabs/Teleport/Teleport Anchor.prefab
  artifactKey: Guid(fad94b617f0540568dbf4c9c4011248c) Importer(2089858483,b0f066a214c2f5e87bad3c948f4d605d)
Start importing Assets/Samples/XR Interaction Toolkit/3.3.1/Starter Assets/DemoSceneAssets/Prefabs/Teleport/Teleport Anchor.prefab using Guid(fad94b617f0540568dbf4c9c4011248c) Importer(2089858483,b0f066a214c2f5e87bad3c948f4d605d) (ScriptedImporter) -> (artifact id: 'a17a7cb92fb82cd322fbe75828b087b0') in 0.015131083 seconds
Number of updated asset objects reloaded before import = 0Number of asset objects unloaded after import = 13

========================================================================
Received Import Request.
  Time since last request: 0.000062 seconds.
  path: Assets/Samples/XR Interaction Toolkit/3.3.1/Starter Assets/DemoSceneAssets/Models/Primitive_Tapered_Cylinder.fbx
  artifactKey: Guid(e3493855a112e8248a2ea2c9828a51a1) Importer(2089858483,b0f066a214c2f5e87bad3c948f4d605d)
Start importing Assets/Samples/XR Interaction Toolkit/3.3.1/Starter Assets/DemoSceneAssets/Models/Primitive_Tapered_Cylinder.fbx using Guid(e3493855a112e8248a2ea2c9828a51a1) Importer(2089858483,b0f066a214c2f5e87bad3c948f4d605d) (ScriptedImporter) -> (artifact id: 'fecb0dc991a401f0bde5d8a6635238e5') in 0.007936417 seconds
Number of updated asset objects reloaded before import = 0Number of asset objects unloaded after import = 9

========================================================================
Received Import Request.
  Time since last request: 0.000049 seconds.
  path: Assets/Samples/OpenXR Plugin/1.16.1/Controller/Scripts/ActionToButtonISX.cs
  artifactKey: Guid(576c44685553a8b4c8ef9ed81b0d703c) Importer(2089858483,b0f066a214c2f5e87bad3c948f4d605d)
Start importing Assets/Samples/OpenXR Plugin/1.16.1/Controller/Scripts/ActionToButtonISX.cs using Guid(576c44685553a8b4c8ef9ed81b0d703c) Importer(2089858483,b0f066a214c2f5e87bad3c948f4d605d) (ScriptedImporter) -> (artifact id: '7341f74f56d45226671bfda629d7768d') in 0.002003167 seconds
Number of updated asset objects reloaded before import = 0Number of asset objects unloaded after import = 0

========================================================================
Received Import Request.
  Time since last request: 0.000045 seconds.
  path: Assets/Samples/OpenXR Plugin/1.16.1/Controller/Scripts
  artifactKey: Guid(f700d1df5d74d304ea1a6a032fb87630) Importer(2089858483,b0f066a214c2f5e87bad3c948f4d605d)
Start importing Assets/Samples/OpenXR Plugin/1.16.1/Controller/Scripts using Guid(f700d1df5d74d304ea1a6a032fb87630) Importer(2089858483,b0f066a214c2f5e87bad3c948f4d605d) (ScriptedImporter) -> (artifact id: 'bd2b139d2f61381c8aa0084d69ec0c60') in 0.001721541 seconds
Number of updated asset objects reloaded before import = 0Number of asset objects unloaded after import = 1

========================================================================
Received Import Request.
  Time since last request: 0.000046 seconds.
  path: Assets/Samples/OpenXR Plugin/1.16.1/Controller/Materials/White.mat
  artifactKey: Guid(5daffd924f4d0494c83ce461ca913878) Importer(2089858483,b0f066a214c2f5e87bad3c948f4d605d)
Start importing Assets/Samples/OpenXR Plugin/1.16.1/Controller/Materials/White.mat using Guid(5daffd924f4d0494c83ce461ca913878) Importer(2089858483,b0f066a214c2f5e87bad3c948f4d605d) (ScriptedImporter) -> (artifact id: '9c8dbed51fdd86375cfe5a634fc93ec9') in 0.003975042 seconds
Number of updated asset objects reloaded before import = 0Number of asset objects unloaded after import = 1

========================================================================
Received Import Request.
  Time since last request: 0.000037 seconds.
  path: Assets/Samples/XR Interaction Toolkit/3.3.1/Starter Assets/Scripts
  artifactKey: Guid(31bb803a87bc16a4f8153da2e9086604) Importer(2089858483,b0f066a214c2f5e87bad3c948f4d605d)
Start importing Assets/Samples/XR Interaction Toolkit/3.3.1/Starter Assets/Scripts using Guid(31bb803a87bc16a4f8153da2e9086604) Importer(2089858483,b0f066a214c2f5e87bad3c948f4d605d) (ScriptedImporter) -> (artifact id: '804272897177606212127c3ce0e48e35') in 0.001586166 seconds
Number of updated asset objects reloaded before import = 0Number of asset objects unloaded after import = 1

========================================================================
Received Import Request.
  Time since last request: 0.000045 seconds.
  path: Assets/Samples/OpenXR Plugin/1.16.1/Controller/ControllerSample.unity
  artifactKey: Guid(edb91e86bd8b7dc4ca40ad6c3167de73) Importer(2089858483,b0f066a214c2f5e87bad3c948f4d605d)
Start importing Assets/Samples/OpenXR Plugin/1.16.1/Controller/ControllerSample.unity using Guid(edb91e86bd8b7dc4ca40ad6c3167de73) Importer(2089858483,b0f066a214c2f5e87bad3c948f4d605d) (ScriptedImporter) -> (artifact id: '45fcc3dfe13d0234a6897b6b73248210') in 0.006478084 seconds
Number of updated asset objects reloaded before import = 0Number of asset objects unloaded after import = 1

========================================================================
Received Import Request.
  Time since last request: 0.000051 seconds.
  path: Assets/Samples/XR Interaction Toolkit/3.3.1/Starter Assets/DemoSceneAssets
  artifactKey: Guid(42541a22bf6270741bd05ac5ca0fccd4) Importer(2089858483,b0f066a214c2f5e87bad3c948f4d605d)
Start importing Assets/Samples/XR Interaction Toolkit/3.3.1/Starter Assets/DemoSceneAssets using Guid(42541a22bf6270741bd05ac5ca0fccd4) Importer(2089858483,b0f066a214c2f5e87bad3c948f4d605d) (ScriptedImporter) -> (artifact id: 'ab14e63d956192f5c3bab8ca207148a8') in 0.001422667 seconds
Number of updated asset objects reloaded before import = 0Number of asset objects unloaded after import = 1

========================================================================
Received Import Request.
  Time since last request: 0.000037 seconds.
  path: Assets/Samples/OpenXR Plugin/1.16.1/Controller/Scripts/ActionToVector2.cs
  artifactKey: Guid(fafe7132773ee4c459df58c5ef9bba92) Importer(2089858483,b0f066a214c2f5e87bad3c948f4d605d)
Start importing Assets/Samples/OpenXR Plugin/1.16.1/Controller/Scripts/ActionToVector2.cs using Guid(fafe7132773ee4c459df58c5ef9bba92) Importer(2089858483,b0f066a214c2f5e87bad3c948f4d605d) (ScriptedImporter) -> (artifact id: '03efd3bca9cf41d3f114b95589fbd4e1') in 0.002277875 seconds
Number of updated asset objects reloaded before import = 0Number of asset objects unloaded after import = 0

========================================================================
Received Import Request.
  Time since last request: 0.000067 seconds.
  path: Assets/Samples/OpenXR Plugin/1.16.1/Controller/Models/Cone.fbx
  artifactKey: Guid(fa14a214e9ffb1a42850851e0ad9db52) Importer(2089858483,b0f066a214c2f5e87bad3c948f4d605d)
Start importing Assets/Samples/OpenXR Plugin/1.16.1/Controller/Models/Cone.fbx using Guid(fa14a214e9ffb1a42850851e0ad9db52) Importer(2089858483,b0f066a214c2f5e87bad3c948f4d605d) (ScriptedImporter) -> (artifact id: '277c987b7183fbafc3f7cb3e04b6a1f5') in 0.0055545 seconds
Number of updated asset objects reloaded before import = 0Number of asset objects unloaded after import = 8

========================================================================
Received Import Request.
  Time since last request: 0.000036 seconds.
  path: Assets/Samples/XR Interaction Toolkit/3.3.1/Starter Assets/Animations
  artifactKey: Guid(8214388458fa6ed49b17bdcee2339a6d) Importer(2089858483,b0f066a214c2f5e87bad3c948f4d605d)
Start importing Assets/Samples/XR Interaction Toolkit/3.3.1/Starter Assets/Animations using Guid(8214388458fa6ed49b17bdcee2339a6d) Importer(2089858483,b0f066a214c2f5e87bad3c948f4d605d) (ScriptedImporter) -> (artifact id: 'fc7c4eed44b4033beb39aab1c1940ea0') in 0.001922709 seconds
Number of updated asset objects reloaded before import = 0Number of asset objects unloaded after import = 1

========================================================================
Received Import Request.
  Time since last request: 0.000054 seconds.
  path: Assets/Samples/OpenXR Plugin/1.16.1/Controller/Prefabs/ControlText.prefab
  artifactKey: Guid(0ff2eaa1d70408346a26179d75252fc4) Importer(2089858483,b0f066a214c2f5e87bad3c948f4d605d)
Start importing Assets/Samples/OpenXR Plugin/1.16.1/Controller/Prefabs/ControlText.prefab using Guid(0ff2eaa1d70408346a26179d75252fc4) Importer(2089858483,b0f066a214c2f5e87bad3c948f4d605d) (ScriptedImporter) -> (artifact id: 'f0a6f91af230e13488f6e7472779f221') in 0.010600666 seconds
Number of updated asset objects reloaded before import = 0Number of asset objects unloaded after import = 6

========================================================================
Received Import Request.
  Time since last request: 0.000040 seconds.
  path: Assets/XRI/Settings
  artifactKey: Guid(d8e9ad451b9be4b9f98573b287098c69) Importer(2089858483,b0f066a214c2f5e87bad3c948f4d605d)
Start importing Assets/XRI/Settings using Guid(d8e9ad451b9be4b9f98573b287098c69) Importer(2089858483,b0f066a214c2f5e87bad3c948f4d605d) (ScriptedImporter) -> (artifact id: '8558cbddbd160142b12365c479c9b2ea') in 0.001712167 seconds
Number of updated asset objects reloaded before import = 0Number of asset objects unloaded after import = 1

========================================================================
Received Import Request.
  Time since last request: 0.000044 seconds.
  path: Assets/XRI/Settings/Resources/InteractionLayerSettings.asset
  artifactKey: Guid(053b4d9443c214363a836c15ab93bbf5) Importer(2089858483,b0f066a214c2f5e87bad3c948f4d605d)
Start importing Assets/XRI/Settings/Resources/InteractionLayerSettings.asset using Guid(053b4d9443c214363a836c15ab93bbf5) Importer(2089858483,b0f066a214c2f5e87bad3c948f4d605d) (ScriptedImporter) -> (artifact id: '262c6bbbcb5f30b7a0ae81ee840c56dd') in 0.002485541 seconds
Number of updated asset objects reloaded before import = 0Number of asset objects unloaded after import = 1

========================================================================
Received Import Request.
  Time since last request: 0.000040 seconds.
  path: Assets/Samples/XR Interaction Toolkit/3.3.1/Starter Assets/DemoSceneAssets/Prefabs/Climb/Multi Floor Ladder.prefab
  artifactKey: Guid(652585f331bff7e44afb8fe71ec2119f) Importer(2089858483,b0f066a214c2f5e87bad3c948f4d605d)
Start importing Assets/Samples/XR Interaction Toolkit/3.3.1/Starter Assets/DemoSceneAssets/Prefabs/Climb/Multi Floor Ladder.prefab using Guid(652585f331bff7e44afb8fe71ec2119f) Importer(2089858483,b0f066a214c2f5e87bad3c948f4d605d) (ScriptedImporter) -> (artifact id: 'cb1f6b9def1a71f7a027bbdebaf38472') in 0.012863875 seconds
Number of updated asset objects reloaded before import = 0Number of asset objects unloaded after import = 292

========================================================================
Received Import Request.
  Time since last request: 0.000043 seconds.
  path: Assets/Samples/XR Interaction Toolkit/3.3.1/Starter Assets/Scripts/ToggleComponentZone.cs
  artifactKey: Guid(5fe39fdeebcc91a45919bfcb77ef6eb4) Importer(2089858483,b0f066a214c2f5e87bad3c948f4d605d)
Start importing Assets/Samples/XR Interaction Toolkit/3.3.1/Starter Assets/Scripts/ToggleComponentZone.cs using Guid(5fe39fdeebcc91a45919bfcb77ef6eb4) Importer(2089858483,b0f066a214c2f5e87bad3c948f4d605d) (ScriptedImporter) -> (artifact id: 'af865a25e1b19ac5a7bf36815c2f191b') in 0.002061542 seconds
Number of updated asset objects reloaded before import = 0Number of asset objects unloaded after import = 0

========================================================================
Received Import Request.
  Time since last request: 0.000036 seconds.
  path: Assets/Samples/XR Interaction Toolkit/3.3.1/Starter Assets/DemoSceneAssets/Prefabs/Climb/Single Floor Ladder.prefab
  artifactKey: Guid(1f62bdd0e59688d4bb754afe89fa2f5a) Importer(2089858483,b0f066a214c2f5e87bad3c948f4d605d)
Start importing Assets/Samples/XR Interaction Toolkit/3.3.1/Starter Assets/DemoSceneAssets/Prefabs/Climb/Single Floor Ladder.prefab using Guid(1f62bdd0e59688d4bb754afe89fa2f5a) Importer(2089858483,b0f066a214c2f5e87bad3c948f4d605d) (ScriptedImporter) -> (artifact id: '114002d446b723ef1517a5c44a5df702') in 0.00491325 seconds
Number of updated asset objects reloaded before import = 0Number of asset objects unloaded after import = 198

========================================================================
Received Import Request.
  Time since last request: 0.000060 seconds.
  path: Assets/Samples/XR Interaction Toolkit/3.3.1/Starter Assets/Materials/Telport Area.mat
  artifactKey: Guid(be1e10ce8a6f8cc4fb08d11c7f722469) Importer(2089858483,b0f066a214c2f5e87bad3c948f4d605d)
Start importing Assets/Samples/XR Interaction Toolkit/3.3.1/Starter Assets/Materials/Telport Area.mat using Guid(be1e10ce8a6f8cc4fb08d11c7f722469) Importer(2089858483,b0f066a214c2f5e87bad3c948f4d605d) (ScriptedImporter) -> (artifact id: 'e85183d3f34c0f35bccc50cf70d0a684') in 0.071638791 seconds
Number of updated asset objects reloaded before import = 0Number of asset objects unloaded after import = 1

========================================================================
Received Import Request.
  Time since last request: 0.000052 seconds.
  path: Assets/Samples/XR Interaction Toolkit/3.3.1/Starter Assets/DemoSceneAssets/Textures/Concrete_Metallic.tif
  artifactKey: Guid(f3fb518ec70eb4047b1c6ec34933fbce) Importer(2089858483,b0f066a214c2f5e87bad3c948f4d605d)
Start importing Assets/Samples/XR Interaction Toolkit/3.3.1/Starter Assets/DemoSceneAssets/Textures/Concrete_Metallic.tif using Guid(f3fb518ec70eb4047b1c6ec34933fbce) Importer(2089858483,b0f066a214c2f5e87bad3c948f4d605d) (ScriptedImporter) -> (artifact id: 'fff754ec16603f017d6632183f1adda5') in 0.023581084 seconds
Number of updated asset objects reloaded before import = 0Number of asset objects unloaded after import = 1

========================================================================
Received Import Request.
  Time since last request: 0.000047 seconds.
  path: Assets/Samples/XR Interaction Toolkit/3.3.1/Starter Assets/DemoScene.unity
  artifactKey: Guid(319dafa5c80f29f428dc1e0d03f04177) Importer(2089858483,b0f066a214c2f5e87bad3c948f4d605d)
Start importing Assets/Samples/XR Interaction Toolkit/3.3.1/Starter Assets/DemoScene.unity using Guid(319dafa5c80f29f428dc1e0d03f04177) Importer(2089858483,b0f066a214c2f5e87bad3c948f4d605d) (ScriptedImporter) -> (artifact id: 'a6a634a190b483a79296750495fe4c79') in 0.007939208 seconds
Number of updated asset objects reloaded before import = 0Number of asset objects unloaded after import = 1

========================================================================
Received Import Request.
  Time since last request: 0.000080 seconds.
  path: Assets/Samples/XR Interaction Toolkit/3.3.1/Starter Assets/AffordanceThemes/HighlightInteractionColor.asset
  artifactKey: Guid(8b0b5aede76faac438e02d2a468f4805) Importer(2089858483,b0f066a214c2f5e87bad3c948f4d605d)
Start importing Assets/Samples/XR Interaction Toolkit/3.3.1/Starter Assets/AffordanceThemes/HighlightInteractionColor.asset using Guid(8b0b5aede76faac438e02d2a468f4805) Importer(2089858483,b0f066a214c2f5e87bad3c948f4d605d) (ScriptedImporter) -> (artifact id: '03419423e396e94c1c19964b1dbd2cfe') in 0.002730541 seconds
Number of updated asset objects reloaded before import = 0Number of asset objects unloaded after import = 1

========================================================================
Received Import Request.
  Time since last request: 0.000099 seconds.
  path: Assets/Samples/XR Interaction Toolkit/3.3.1/Starter Assets/DemoSceneAssets/Materials
  artifactKey: Guid(d4e01b7fb24753742a7665cef9ed7839) Importer(2089858483,b0f066a214c2f5e87bad3c948f4d605d)
Start importing Assets/Samples/XR Interaction Toolkit/3.3.1/Starter Assets/DemoSceneAssets/Materials using Guid(d4e01b7fb24753742a7665cef9ed7839) Importer(2089858483,b0f066a214c2f5e87bad3c948f4d605d) (ScriptedImporter) -> (artifact id: '331f09cf84f8e1d3bff7feec82930659') in 0.002505917 seconds
Number of updated asset objects reloaded before import = 0Number of asset objects unloaded after import = 1

========================================================================
Received Import Request.
  Time since last request: 0.000098 seconds.
  path: Assets/Samples/XR Interaction Toolkit/3.3.1/Starter Assets/DemoSceneAssets/Prefabs/Interactables/Torus.prefab
  artifactKey: Guid(521327bdbcb341f782d36f02cab76cb0) Importer(2089858483,b0f066a214c2f5e87bad3c948f4d605d)
Start importing Assets/Samples/XR Interaction Toolkit/3.3.1/Starter Assets/DemoSceneAssets/Prefabs/Interactables/Torus.prefab using Guid(521327bdbcb341f782d36f02cab76cb0) Importer(2089858483,b0f066a214c2f5e87bad3c948f4d605d) (ScriptedImporter) -> (artifact id: '9b96f6b25aeb8e187e6d6bd7444b24d4') in 0.017851625 seconds
Number of updated asset objects reloaded before import = 0Number of asset objects unloaded after import = 25

========================================================================
Received Import Request.
  Time since last request: 0.000079 seconds.
  path: Assets/Samples/XR Interaction Toolkit/3.3.1/Starter Assets/TunnelingVignette/TunnelingVignette.mat
  artifactKey: Guid(0a35b7e20f75a8540a2c14b9555078cb) Importer(2089858483,b0f066a214c2f5e87bad3c948f4d605d)
Start importing Assets/Samples/XR Interaction Toolkit/3.3.1/Starter Assets/TunnelingVignette/TunnelingVignette.mat using Guid(0a35b7e20f75a8540a2c14b9555078cb) Importer(2089858483,b0f066a214c2f5e87bad3c948f4d605d) (ScriptedImporter) -> (artifact id: 'ef4333c307795dab2de9d11e134fc6d9') in 0.004391667 seconds
Number of updated asset objects reloaded before import = 0Number of asset objects unloaded after import = 2

========================================================================
Received Import Request.
  Time since last request: 0.000081 seconds.
  path: Assets/Samples/XR Interaction Toolkit/3.3.1/Starter Assets/DemoSceneAssets/Scripts/MultiAnchorTeleportReticle.cs
  artifactKey: Guid(e001d3dc91354f8f8c590b4e1d1d3da9) Importer(2089858483,b0f066a214c2f5e87bad3c948f4d605d)
Start importing Assets/Samples/XR Interaction Toolkit/3.3.1/Starter Assets/DemoSceneAssets/Scripts/MultiAnchorTeleportReticle.cs using Guid(e001d3dc91354f8f8c590b4e1d1d3da9) Importer(2089858483,b0f066a214c2f5e87bad3c948f4d605d) (ScriptedImporter) -> (artifact id: 'fa2a4ab8f675bfea1da12c2b0ca4b7b1') in 0.003616583 seconds
Number of updated asset objects reloaded before import = 0Number of asset objects unloaded after import = 0

========================================================================
Received Import Request.
  Time since last request: 0.000057 seconds.
  path: Assets/Samples/XR Interaction Toolkit/3.3.1/Starter Assets/Models
  artifactKey: Guid(34f03838a812f0e41b1e3da17ff4038e) Importer(2089858483,b0f066a214c2f5e87bad3c948f4d605d)
Start importing Assets/Samples/XR Interaction Toolkit/3.3.1/Starter Assets/Models using Guid(34f03838a812f0e41b1e3da17ff4038e) Importer(2089858483,b0f066a214c2f5e87bad3c948f4d605d) (ScriptedImporter) -> (artifact id: '0ce3788137c1c04a7a9e427d3cc7e31e') in 0.002213791 seconds
Number of updated asset objects reloaded before import = 0Number of asset objects unloaded after import = 1

========================================================================
Received Import Request.
  Time since last request: 0.000069 seconds.
  path: Assets/Samples/XR Interaction Toolkit/3.3.1/Starter Assets/TunnelingVignette/TunnelingVignetteHemisphere.fbx
  artifactKey: Guid(5833e680dc0f7ae47aec6b4286570484) Importer(2089858483,b0f066a214c2f5e87bad3c948f4d605d)
Start importing Assets/Samples/XR Interaction Toolkit/3.3.1/Starter Assets/TunnelingVignette/TunnelingVignetteHemisphere.fbx using Guid(5833e680dc0f7ae47aec6b4286570484) Importer(2089858483,b0f066a214c2f5e87bad3c948f4d605d) (ScriptedImporter) -> (artifact id: 'c96113d9605b9f16048e9455dc6e53f9') in 0.007319708 seconds
Number of updated asset objects reloaded before import = 0Number of asset objects unloaded after import = 7

========================================================================
Received Import Request.
  Time since last request: 0.000207 seconds.
  path: Assets/Samples/XR Interaction Toolkit/3.3.1/Starter Assets/DemoSceneAssets/Settings/GazeTeleportAnchorFilter.asset
  artifactKey: Guid(14af1242b4be8e2458dd5bee35c06ae5) Importer(2089858483,b0f066a214c2f5e87bad3c948f4d605d)
Start importing Assets/Samples/XR Interaction Toolkit/3.3.1/Starter Assets/DemoSceneAssets/Settings/GazeTeleportAnchorFilter.asset using Guid(14af1242b4be8e2458dd5bee35c06ae5) Importer(2089858483,b0f066a214c2f5e87bad3c948f4d605d) (ScriptedImporter) -> (artifact id: '5a8a7734f43f20fd9d08cd5f56a2ee57') in 0.002894625 seconds
Number of updated asset objects reloaded before import = 0Number of asset objects unloaded after import = 1

========================================================================
Received Import Request.
  Time since last request: 0.000076 seconds.
  path: Assets/Samples/XR Interaction Toolkit/3.3.1/Starter Assets/Prefabs/Interactors/Left_NearFarInteractor.prefab
  artifactKey: Guid(3df3e1220f2164f448701a6de8084f92) Importer(2089858483,b0f066a214c2f5e87bad3c948f4d605d)
Start importing Assets/Samples/XR Interaction Toolkit/3.3.1/Starter Assets/Prefabs/Interactors/Left_NearFarInteractor.prefab using Guid(3df3e1220f2164f448701a6de8084f92) Importer(2089858483,b0f066a214c2f5e87bad3c948f4d605d) (ScriptedImporter) -> (artifact id: 'ed0a51517c0b89c88319edb7a7466f35') in 0.039082458 seconds
Number of updated asset objects reloaded before import = 0Number of asset objects unloaded after import = 24

========================================================================
Received Import Request.
  Time since last request: 0.000049 seconds.
  path: Assets/Samples/XR Interaction Toolkit/3.3.1/Starter Assets/Presets/XRI Default Snap Turn.preset
  artifactKey: Guid(5d3a60dbf2f04694f9060712df89debb) Importer(2089858483,b0f066a214c2f5e87bad3c948f4d605d)
Start importing Assets/Samples/XR Interaction Toolkit/3.3.1/Starter Assets/Presets/XRI Default Snap Turn.preset using Guid(5d3a60dbf2f04694f9060712df89debb) Importer(2089858483,b0f066a214c2f5e87bad3c948f4d605d) (ScriptedImporter) -> (artifact id: '1ce32eadfbd3f5dafe6f08115d298496') in 0.004327709 seconds
Number of updated asset objects reloaded before import = 0Number of asset objects unloaded after import = 4

========================================================================
Received Import Request.
  Time since last request: 0.000158 seconds.
  path: Assets/Samples/XR Interaction Toolkit/3.3.1/Starter Assets/AffordanceThemes/HighlightStrengthInteraction.asset
  artifactKey: Guid(795305341a8dbbd46ae54e9a01d6ea95) Importer(2089858483,b0f066a214c2f5e87bad3c948f4d605d)
Start importing Assets/Samples/XR Interaction Toolkit/3.3.1/Starter Assets/AffordanceThemes/HighlightStrengthInteraction.asset using Guid(795305341a8dbbd46ae54e9a01d6ea95) Importer(2089858483,b0f066a214c2f5e87bad3c948f4d605d) (ScriptedImporter) -> (artifact id: '5fed298ae4fd3d5f18142799677548c1') in 0.004928208 seconds
Number of updated asset objects reloaded before import = 0Number of asset objects unloaded after import = 1

========================================================================
Received Import Request.
  Time since last request: 0.000048 seconds.
  path: Assets/Samples/XR Interaction Toolkit/3.3.1/Starter Assets/Materials/FresnelHighlight.mat
  artifactKey: Guid(f5ccd52dc494e054fbe7d7161dcabe25) Importer(2089858483,b0f066a214c2f5e87bad3c948f4d605d)
Start importing Assets/Samples/XR Interaction Toolkit/3.3.1/Starter Assets/Materials/FresnelHighlight.mat using Guid(f5ccd52dc494e054fbe7d7161dcabe25) Importer(2089858483,b0f066a214c2f5e87bad3c948f4d605d) (ScriptedImporter) -> (artifact id: '51bcd46b90dcb96523924702fd2e39f7') in 0.006608625 seconds
Number of updated asset objects reloaded before import = 0Number of asset objects unloaded after import = 2

========================================================================
Received Import Request.
  Time since last request: 0.000056 seconds.
  path: Assets/Samples/XR Interaction Toolkit/3.3.1/Starter Assets/DemoSceneAssets/Prefabs/Interactables
  artifactKey: Guid(6ac303adce39adb499d7f5c90a77c1c1) Importer(2089858483,b0f066a214c2f5e87bad3c948f4d605d)
Start importing Assets/Samples/XR Interaction Toolkit/3.3.1/Starter Assets/DemoSceneAssets/Prefabs/Interactables using Guid(6ac303adce39adb499d7f5c90a77c1c1) Importer(2089858483,b0f066a214c2f5e87bad3c948f4d605d) (ScriptedImporter) -> (artifact id: 'fcf4f9881ccef7d42d4297a4bf898dfb') in 0.001593667 seconds
Number of updated asset objects reloaded before import = 0Number of asset objects unloaded after import = 1

========================================================================
Received Import Request.
  Time since last request: 0.000095 seconds.
  path: Assets/Samples/XR Interaction Toolkit/3.3.1/Starter Assets/DemoSceneAssets/Sprites/Round Radius 4.png
  artifactKey: Guid(affa059594145a843b81788037b4ee21) Importer(2089858483,b0f066a214c2f5e87bad3c948f4d605d)
Start importing Assets/Samples/XR Interaction Toolkit/3.3.1/Starter Assets/DemoSceneAssets/Sprites/Round Radius 4.png using Guid(affa059594145a843b81788037b4ee21) Importer(2089858483,b0f066a214c2f5e87bad3c948f4d605d) (ScriptedImporter) -> (artifact id: 'bbe2accb87e26cea1941a48fe8dfd9f2') in 0.010187333 seconds
Number of updated asset objects reloaded before import = 0Number of asset objects unloaded after import = 3

========================================================================
Received Import Request.
  Time since last request: 0.000064 seconds.
  path: Assets/Samples/XR Interaction Toolkit/3.3.1/Starter Assets/DemoSceneAssets/Prefabs/Interactables/Pot.prefab
  artifactKey: Guid(d5615d616019430d9c2e8727e71c97fb) Importer(2089858483,b0f066a214c2f5e87bad3c948f4d605d)
Start importing Assets/Samples/XR Interaction Toolkit/3.3.1/Starter Assets/DemoSceneAssets/Prefabs/Interactables/Pot.prefab using Guid(d5615d616019430d9c2e8727e71c97fb) Importer(2089858483,b0f066a214c2f5e87bad3c948f4d605d) (ScriptedImporter) -> (artifact id: '3c6c7ac9babc073ffbfda1fa01dd368c') in 0.008194167 seconds
Number of updated asset objects reloaded before import = 0Number of asset objects unloaded after import = 24

========================================================================
Received Import Request.
  Time since last request: 0.000041 seconds.
  path: Assets/Samples/XR Interaction Toolkit/3.3.1/Starter Assets/AffordanceThemes/PokeSphereInteraction.asset
  artifactKey: Guid(c2712227db89c5142adad58b143bf039) Importer(2089858483,b0f066a214c2f5e87bad3c948f4d605d)
Start importing Assets/Samples/XR Interaction Toolkit/3.3.1/Starter Assets/AffordanceThemes/PokeSphereInteraction.asset using Guid(c2712227db89c5142adad58b143bf039) Importer(2089858483,b0f066a214c2f5e87bad3c948f4d605d) (ScriptedImporter) -> (artifact id: 'ecf97eb7e6d9e715f62eb1e904125302') in 0.002824292 seconds
Number of updated asset objects reloaded before import = 0Number of asset objects unloaded after import = 1

========================================================================
Received Import Request.
  Time since last request: 0.000061 seconds.
  path: Assets/Samples/XR Interaction Toolkit/3.3.1/Starter Assets/Presets
  artifactKey: Guid(18789729524e2584cb481572b253a15c) Importer(2089858483,b0f066a214c2f5e87bad3c948f4d605d)
Start importing Assets/Samples/XR Interaction Toolkit/3.3.1/Starter Assets/Presets using Guid(18789729524e2584cb481572b253a15c) Importer(2089858483,b0f066a214c2f5e87bad3c948f4d605d) (ScriptedImporter) -> (artifact id: '1585bfcb3b5af48b6c22a70e16f915fd') in 0.001751334 seconds
Number of updated asset objects reloaded before import = 0Number of asset objects unloaded after import = 1

========================================================================
Received Import Request.
  Time since last request: 0.000032 seconds.
  path: Assets/Samples/XR Interaction Toolkit/3.3.1/Starter Assets/Prefabs/Affordances/PokePointerAffordance.prefab
  artifactKey: Guid(bb91fcbcb3cc896468b372b1c762bfab) Importer(2089858483,b0f066a214c2f5e87bad3c948f4d605d)
Start importing Assets/Samples/XR Interaction Toolkit/3.3.1/Starter Assets/Prefabs/Affordances/PokePointerAffordance.prefab using Guid(bb91fcbcb3cc896468b372b1c762bfab) Importer(2089858483,b0f066a214c2f5e87bad3c948f4d605d) (ScriptedImporter) -> (artifact id: 'efdaa4568312837907ee26343b63f490') in 0.004634541 seconds
Number of updated asset objects reloaded before import = 0Number of asset objects unloaded after import = 15

========================================================================
Received Import Request.
  Time since last request: 0.000060 seconds.
  path: Assets/Samples/XR Interaction Toolkit/3.3.1/Starter Assets/DemoSceneAssets/Prefabs/UI Sample.prefab
  artifactKey: Guid(fd28f23af44f73f4a95e33435872ad15) Importer(2089858483,b0f066a214c2f5e87bad3c948f4d605d)
Start importing Assets/Samples/XR Interaction Toolkit/3.3.1/Starter Assets/DemoSceneAssets/Prefabs/UI Sample.prefab using Guid(fd28f23af44f73f4a95e33435872ad15) Importer(2089858483,b0f066a214c2f5e87bad3c948f4d605d) (ScriptedImporter) -> (artifact id: '092cdb74497b3f0a12cf44a5e7d127ef') in 0.010096417 seconds
Number of updated asset objects reloaded before import = 0Number of asset objects unloaded after import = 309

========================================================================
Received Import Request.
  Time since last request: 0.000036 seconds.
  path: Assets/Samples/OpenXR Plugin/1.16.1/Controller/Scripts/ActionToVisibility.cs
  artifactKey: Guid(00af11ffcda1ca346ba8d727adb83ec8) Importer(2089858483,b0f066a214c2f5e87bad3c948f4d605d)
Start importing Assets/Samples/OpenXR Plugin/1.16.1/Controller/Scripts/ActionToVisibility.cs using Guid(00af11ffcda1ca346ba8d727adb83ec8) Importer(2089858483,b0f066a214c2f5e87bad3c948f4d605d) (ScriptedImporter) -> (artifact id: '2fe25da4d397b84a5abea3daad7ba5e3') in 0.0021445 seconds
Number of updated asset objects reloaded before import = 0Number of asset objects unloaded after import = 0

========================================================================
Received Import Request.
  Time since last request: 0.000056 seconds.
  path: Assets/Samples/XR Interaction Toolkit/3.3.1/Starter Assets/Prefabs/Interactors/Ray Interactor.prefab
  artifactKey: Guid(ad818c36731146e994540a1896ad8f24) Importer(2089858483,b0f066a214c2f5e87bad3c948f4d605d)
Start importing Assets/Samples/XR Interaction Toolkit/3.3.1/Starter Assets/Prefabs/Interactors/Ray Interactor.prefab using Guid(ad818c36731146e994540a1896ad8f24) Importer(2089858483,b0f066a214c2f5e87bad3c948f4d605d) (ScriptedImporter) -> (artifact id: '8e403645284ede32a57c6b436d93ce8a') in 0.041821291 seconds
Number of updated asset objects reloaded before import = 0Number of asset objects unloaded after import = 10

========================================================================
Received Import Request.
  Time since last request: 0.000101 seconds.
  path: Assets/XR/Settings/OpenXR Editor Settings.asset
  artifactKey: Guid(5d58d26e129e940448f4992ecadbcf16) Importer(2089858483,b0f066a214c2f5e87bad3c948f4d605d)
Start importing Assets/XR/Settings/OpenXR Editor Settings.asset using Guid(5d58d26e129e940448f4992ecadbcf16) Importer(2089858483,b0f066a214c2f5e87bad3c948f4d605d) (ScriptedImporter) -> (artifact id: '0eb0285c9bdf36f61e77f3d2ce58e91e') in 0.003729458 seconds
Number of updated asset objects reloaded before import = 0Number of asset objects unloaded after import = 1

========================================================================
Received Import Request.
  Time since last request: 0.000047 seconds.
  path: Assets/Samples/XR Interaction Toolkit/3.3.1/Starter Assets/DemoSceneAssets/AffordanceThemes
  artifactKey: Guid(f635bc48476c3db41b2fe75737878deb) Importer(2089858483,b0f066a214c2f5e87bad3c948f4d605d)
Start importing Assets/Samples/XR Interaction Toolkit/3.3.1/Starter Assets/DemoSceneAssets/AffordanceThemes using Guid(f635bc48476c3db41b2fe75737878deb) Importer(2089858483,b0f066a214c2f5e87bad3c948f4d605d) (ScriptedImporter) -> (artifact id: '16b9b17d06b4256e0471486edd67720c') in 0.00174025 seconds
Number of updated asset objects reloaded before import = 0Number of asset objects unloaded after import = 1

========================================================================
Received Import Request.
  Time since last request: 0.000046 seconds.
  path: Assets/Samples/XR Interaction Toolkit/3.3.1/Starter Assets/DemoSceneAssets/Prefabs/Far Grab Samples.prefab
  artifactKey: Guid(f5ee409d69254d64da7a3b74d31a5a40) Importer(2089858483,b0f066a214c2f5e87bad3c948f4d605d)
Start importing Assets/Samples/XR Interaction Toolkit/3.3.1/Starter Assets/DemoSceneAssets/Prefabs/Far Grab Samples.prefab using Guid(f5ee409d69254d64da7a3b74d31a5a40) Importer(2089858483,b0f066a214c2f5e87bad3c948f4d605d) (ScriptedImporter) -> (artifact id: '0518684df7a95ed52410aa16211b2576') in 0.008915958 seconds
Number of updated asset objects reloaded before import = 0Number of asset objects unloaded after import = 84

========================================================================
Received Import Request.
  Time since last request: 0.000056 seconds.
  path: Assets/Samples/XR Interaction Toolkit/3.3.1/Starter Assets/DemoSceneAssets/Prefabs/Interactables/Cylinder.prefab
  artifactKey: Guid(2ed984a58a974166bf92c82a74380454) Importer(2089858483,b0f066a214c2f5e87bad3c948f4d605d)
Start importing Assets/Samples/XR Interaction Toolkit/3.3.1/Starter Assets/DemoSceneAssets/Prefabs/Interactables/Cylinder.prefab using Guid(2ed984a58a974166bf92c82a74380454) Importer(2089858483,b0f066a214c2f5e87bad3c948f4d605d) (ScriptedImporter) -> (artifact id: 'b39a231be0147f19034c9fb410680637') in 0.007441625 seconds
Number of updated asset objects reloaded before import = 0Number of asset objects unloaded after import = 25

========================================================================
Received Import Request.
  Time since last request: 0.000041 seconds.
  path: Assets/Samples/XR Interaction Toolkit/3.3.1/Starter Assets/DemoSceneAssets/Sprites/Asset.png
  artifactKey: Guid(17d565bb4a7744b41b7e4dc7e3a09e35) Importer(2089858483,b0f066a214c2f5e87bad3c948f4d605d)
Start importing Assets/Samples/XR Interaction Toolkit/3.3.1/Starter Assets/DemoSceneAssets/Sprites/Asset.png using Guid(17d565bb4a7744b41b7e4dc7e3a09e35) Importer(2089858483,b0f066a214c2f5e87bad3c948f4d605d) (ScriptedImporter) -> (artifact id: 'd5a8fba681b76b94817d193f29be28d2') in 0.006939917 seconds
Number of updated asset objects reloaded before import = 0Number of asset objects unloaded after import = 3

========================================================================
Received Import Request.
  Time since last request: 0.000033 seconds.
  path: Assets/Samples/XR Interaction Toolkit/3.3.1/Starter Assets/Prefabs/Interactors
  artifactKey: Guid(f585a443d5224c19adcc94a236a4b2d6) Importer(2089858483,b0f066a214c2f5e87bad3c948f4d605d)
Start importing Assets/Samples/XR Interaction Toolkit/3.3.1/Starter Assets/Prefabs/Interactors using Guid(f585a443d5224c19adcc94a236a4b2d6) Importer(2089858483,b0f066a214c2f5e87bad3c948f4d605d) (ScriptedImporter) -> (artifact id: 'e6c4087c428838fc3aa92c4701a155fa') in 0.001768208 seconds
Number of updated asset objects reloaded before import = 0Number of asset objects unloaded after import = 1

========================================================================
Received Import Request.
  Time since last request: 0.000045 seconds.
  path: Assets/Samples/XR Interaction Toolkit/3.3.1/Starter Assets/DemoSceneAssets/AffordanceThemes/InteractionColor.asset
  artifactKey: Guid(3ec238cb3e80e274c844d7b56f585392) Importer(2089858483,b0f066a214c2f5e87bad3c948f4d605d)
Start importing Assets/Samples/XR Interaction Toolkit/3.3.1/Starter Assets/DemoSceneAssets/AffordanceThemes/InteractionColor.asset using Guid(3ec238cb3e80e274c844d7b56f585392) Importer(2089858483,b0f066a214c2f5e87bad3c948f4d605d) (ScriptedImporter) -> (artifact id: '7acefb5688c357bbf5fc495c0e2b55b8') in 0.002518042 seconds
Number of updated asset objects reloaded before import = 0Number of asset objects unloaded after import = 1

========================================================================
Received Import Request.
  Time since last request: 0.000035 seconds.
  path: Assets/Samples/XR Interaction Toolkit/3.3.1/Starter Assets/Presets/XRI Default XR UI Input Module.preset
  artifactKey: Guid(2c3e7ff9ab352b74da862a5a8779b276) Importer(2089858483,b0f066a214c2f5e87bad3c948f4d605d)
Start importing Assets/Samples/XR Interaction Toolkit/3.3.1/Starter Assets/Presets/XRI Default XR UI Input Module.preset using Guid(2c3e7ff9ab352b74da862a5a8779b276) Importer(2089858483,b0f066a214c2f5e87bad3c948f4d605d) (ScriptedImporter) -> (artifact id: 'f44ee9422db11bd7cb788807ab08447f') in 0.00443175 seconds
Number of updated asset objects reloaded before import = 0Number of asset objects unloaded after import = 10

========================================================================
Received Import Request.
  Time since last request: 0.000031 seconds.
  path: Assets/Samples/XR Interaction Toolkit/3.3.1/Starter Assets/DemoSceneAssets/Models/Primitive_Blaster.fbx
  artifactKey: Guid(e8cf87fef9298444ca38948b2c8a4073) Importer(2089858483,b0f066a214c2f5e87bad3c948f4d605d)
Start importing Assets/Samples/XR Interaction Toolkit/3.3.1/Starter Assets/DemoSceneAssets/Models/Primitive_Blaster.fbx using Guid(e8cf87fef9298444ca38948b2c8a4073) Importer(2089858483,b0f066a214c2f5e87bad3c948f4d605d) (ScriptedImporter) -> (artifact id: '79b5f4e7e53aae3dcfa763c2a654c6b3') in 0.00675075 seconds
Number of updated asset objects reloaded before import = 0Number of asset objects unloaded after import = 9

========================================================================
Received Import Request.
  Time since last request: 0.000063 seconds.
  path: Assets/Samples/XR Interaction Toolkit/3.3.1/Starter Assets/Animations/Climb Teleport Arrow.controller
  artifactKey: Guid(db6239f7ccb29ca4aac63126c6a35e7d) Importer(2089858483,b0f066a214c2f5e87bad3c948f4d605d)
Start importing Assets/Samples/XR Interaction Toolkit/3.3.1/Starter Assets/Animations/Climb Teleport Arrow.controller using Guid(db6239f7ccb29ca4aac63126c6a35e7d) Importer(2089858483,b0f066a214c2f5e87bad3c948f4d605d) (ScriptedImporter) -> (artifact id: '9304be1d24031a37b9f0d5ade5f839ea') in 0.003436875 seconds
Number of updated asset objects reloaded before import = 0Number of asset objects unloaded after import = 4

========================================================================
Received Import Request.
  Time since last request: 0.000043 seconds.
  path: Assets/Samples/XR Interaction Toolkit/3.3.1/Starter Assets/DemoSceneAssets/Materials/Concrete Dark Blue.mat
  artifactKey: Guid(bbb56ac3cf3c61a46ab3887c0fdbda8f) Importer(2089858483,b0f066a214c2f5e87bad3c948f4d605d)
Start importing Assets/Samples/XR Interaction Toolkit/3.3.1/Starter Assets/DemoSceneAssets/Materials/Concrete Dark Blue.mat using Guid(bbb56ac3cf3c61a46ab3887c0fdbda8f) Importer(2089858483,b0f066a214c2f5e87bad3c948f4d605d) (ScriptedImporter) -> (artifact id: 'f0689f2be67a0e29a3be5d8a19cdaad1') in 0.032369416 seconds
Number of updated asset objects reloaded before import = 0Number of asset objects unloaded after import = 3

========================================================================
Received Import Request.
  Time since last request: 0.000043 seconds.
  path: Assets/Samples/OpenXR Plugin/1.16.1/Controller/Prefabs/PoseMarker.prefab
  artifactKey: Guid(759d6c64eadd0244eb752fb65642d6d2) Importer(2089858483,b0f066a214c2f5e87bad3c948f4d605d)
Start importing Assets/Samples/OpenXR Plugin/1.16.1/Controller/Prefabs/PoseMarker.prefab using Guid(759d6c64eadd0244eb752fb65642d6d2) Importer(2089858483,b0f066a214c2f5e87bad3c948f4d605d) (ScriptedImporter) -> (artifact id: '0716d50bbbf47f84b2e342157dfd8f71') in 0.00303525 seconds
Number of updated asset objects reloaded before import = 0Number of asset objects unloaded after import = 37

========================================================================
Received Import Request.
  Time since last request: 0.000041 seconds.
  path: Assets/Samples/XR Interaction Toolkit/3.3.1/Starter Assets/Models/Reticle_Torus.fbx
  artifactKey: Guid(be2911572dc3afa448d24b4e97edc5f1) Importer(2089858483,b0f066a214c2f5e87bad3c948f4d605d)
Start importing Assets/Samples/XR Interaction Toolkit/3.3.1/Starter Assets/Models/Reticle_Torus.fbx using Guid(be2911572dc3afa448d24b4e97edc5f1) Importer(2089858483,b0f066a214c2f5e87bad3c948f4d605d) (ScriptedImporter) -> (artifact id: 'a315f096f8f127c87d41a4abccd74df6') in 0.006506834 seconds
Number of updated asset objects reloaded before import = 0Number of asset objects unloaded after import = 9

========================================================================
Received Import Request.
  Time since last request: 0.000044 seconds.
  path: Assets/Samples/XR Interaction Toolkit/3.3.1/Starter Assets/Materials/MaterialPipelineHandler.asset
  artifactKey: Guid(dbe8dcb68b75cd2498ab6c1d96e072a4) Importer(2089858483,b0f066a214c2f5e87bad3c948f4d605d)
Start importing Assets/Samples/XR Interaction Toolkit/3.3.1/Starter Assets/Materials/MaterialPipelineHandler.asset using Guid(dbe8dcb68b75cd2498ab6c1d96e072a4) Importer(2089858483,b0f066a214c2f5e87bad3c948f4d605d) (ScriptedImporter) -> (artifact id: '5bce82b5af535fd746001596bb84e2d1') in 0.009673334 seconds
Number of updated asset objects reloaded before import = 0Number of asset objects unloaded after import = 21

========================================================================
Received Import Request.
  Time since last request: 0.000050 seconds.
  path: Assets/Samples/XR Interaction Toolkit/3.3.1/Starter Assets/Materials/Interactable.mat
  artifactKey: Guid(76618f7490c40334fa7b685859587d2e) Importer(2089858483,b0f066a214c2f5e87bad3c948f4d605d)
Start importing Assets/Samples/XR Interaction Toolkit/3.3.1/Starter Assets/Materials/Interactable.mat using Guid(76618f7490c40334fa7b685859587d2e) Importer(2089858483,b0f066a214c2f5e87bad3c948f4d605d) (ScriptedImporter) -> (artifact id: 'b6d5659cb05436c8135ae07bf122198b') in 0.00398 seconds
Number of updated asset objects reloaded before import = 0Number of asset objects unloaded after import = 2

========================================================================
Received Import Request.
  Time since last request: 0.000051 seconds.
  path: Assets/Samples/XR Interaction Toolkit/3.3.1/Starter Assets/TunnelingVignette/TunnelingVignetteSG.shadergraph
  artifactKey: Guid(c109fab5d2bf5f64598ed69d2c16ceb3) Importer(2089858483,b0f066a214c2f5e87bad3c948f4d605d)
Start importing Assets/Samples/XR Interaction Toolkit/3.3.1/Starter Assets/TunnelingVignette/TunnelingVignetteSG.shadergraph using Guid(c109fab5d2bf5f64598ed69d2c16ceb3) Importer(2089858483,b0f066a214c2f5e87bad3c948f4d605d) (ScriptedImporter) -> (artifact id: 'ede5cd20d0cb802bccf54f8d77abb882') in 0.004738208 seconds
Number of updated asset objects reloaded before import = 0Number of asset objects unloaded after import = 5

========================================================================
Received Import Request.
  Time since last request: 0.000041 seconds.
  path: Assets/Samples/XR Interaction Toolkit/3.3.1/Starter Assets/DemoSceneAssets/Models/PushButton.fbx
  artifactKey: Guid(7ab6f3b0fd1a6ba41b2a47766c16613f) Importer(2089858483,b0f066a214c2f5e87bad3c948f4d605d)
Start importing Assets/Samples/XR Interaction Toolkit/3.3.1/Starter Assets/DemoSceneAssets/Models/PushButton.fbx using Guid(7ab6f3b0fd1a6ba41b2a47766c16613f) Importer(2089858483,b0f066a214c2f5e87bad3c948f4d605d) (ScriptedImporter) -> (artifact id: 'f04ec6ccde07a7e36899e0f647212d76') in 0.007804833 seconds
Number of updated asset objects reloaded before import = 0Number of asset objects unloaded after import = 18

========================================================================
Received Import Request.
  Time since last request: 0.000033 seconds.
  path: Assets/Samples/XR Interaction Toolkit/3.3.1/Starter Assets/Prefabs/Affordances/HighlightInteractionAffordance.prefab
  artifactKey: Guid(6b12f432fa58c224baf0d659706362be) Importer(2089858483,b0f066a214c2f5e87bad3c948f4d605d)
Start importing Assets/Samples/XR Interaction Toolkit/3.3.1/Starter Assets/Prefabs/Affordances/HighlightInteractionAffordance.prefab using Guid(6b12f432fa58c224baf0d659706362be) Importer(2089858483,b0f066a214c2f5e87bad3c948f4d605d) (ScriptedImporter) -> (artifact id: '8f961d8414edd367e426d1855199eee6') in 0.003861583 seconds
Number of updated asset objects reloaded before import = 0Number of asset objects unloaded after import = 12

========================================================================
Received Import Request.
  Time since last request: 0.000084 seconds.
  path: Assets/Samples/XR Interaction Toolkit/3.3.1/Starter Assets/DemoSceneAssets/Textures/Concrete_Albedo.tif
  artifactKey: Guid(5a327724a94a9674a8a93e6b4e9a6eee) Importer(2089858483,b0f066a214c2f5e87bad3c948f4d605d)
Start importing Assets/Samples/XR Interaction Toolkit/3.3.1/Starter Assets/DemoSceneAssets/Textures/Concrete_Albedo.tif using Guid(5a327724a94a9674a8a93e6b4e9a6eee) Importer(2089858483,b0f066a214c2f5e87bad3c948f4d605d) (ScriptedImporter) -> (artifact id: '5fef191e0c71d4251f4a09cf206343ea') in 0.004745583 seconds
Number of updated asset objects reloaded before import = 0Number of asset objects unloaded after import = 1

========================================================================
Received Import Request.
  Time since last request: 0.000050 seconds.
  path: Assets/Samples/XR Interaction Toolkit/3.3.1/Starter Assets/Scripts/PlatformUnderstanding.cs
  artifactKey: Guid(3ce213c1f32595b4888e78a36e017d3e) Importer(2089858483,b0f066a214c2f5e87bad3c948f4d605d)
Start importing Assets/Samples/XR Interaction Toolkit/3.3.1/Starter Assets/Scripts/PlatformUnderstanding.cs using Guid(3ce213c1f32595b4888e78a36e017d3e) Importer(2089858483,b0f066a214c2f5e87bad3c948f4d605d) (ScriptedImporter) -> (artifact id: '6cdda8c36cc4c50c809b8060e7915e56') in 0.001870292 seconds
Number of updated asset objects reloaded before import = 0Number of asset objects unloaded after import = 0

========================================================================
Received Import Request.
  Time since last request: 0.000041 seconds.
  path: Assets/Samples/XR Interaction Toolkit/3.3.1/Starter Assets/DemoSceneAssets/Prefabs/UI
  artifactKey: Guid(579a84533ec1ecc498bdc2cc489d2e79) Importer(2089858483,b0f066a214c2f5e87bad3c948f4d605d)
Start importing Assets/Samples/XR Interaction Toolkit/3.3.1/Starter Assets/DemoSceneAssets/Prefabs/UI using Guid(579a84533ec1ecc498bdc2cc489d2e79) Importer(2089858483,b0f066a214c2f5e87bad3c948f4d605d) (ScriptedImporter) -> (artifact id: '17e783f44ee71c5dc94f53f6c3da3d9e') in 0.001799792 seconds
Number of updated asset objects reloaded before import = 0Number of asset objects unloaded after import = 1

========================================================================
Received Import Request.
  Time since last request: 0.000040 seconds.
  path: Assets/Samples/XR Interaction Toolkit/3.3.1/Starter Assets/Shaders
  artifactKey: Guid(388cb625f9bdf7444b7b2df5b64a84c6) Importer(2089858483,b0f066a214c2f5e87bad3c948f4d605d)
Start importing Assets/Samples/XR Interaction Toolkit/3.3.1/Starter Assets/Shaders using Guid(388cb625f9bdf7444b7b2df5b64a84c6) Importer(2089858483,b0f066a214c2f5e87bad3c948f4d605d) (ScriptedImporter) -> (artifact id: 'fae958698eae1a94bfdfeb36b30fb159') in 0.001945583 seconds
Number of updated asset objects reloaded before import = 0Number of asset objects unloaded after import = 1

========================================================================
Received Import Request.
  Time since last request: 0.000062 seconds.
  path: Assets/Samples/XR Interaction Toolkit/3.3.1/Starter Assets/DemoSceneAssets/Prefabs/UI/Scroll UI Sample.prefab
  artifactKey: Guid(0cbc0856f0fb8d84a81be5dea463c369) Importer(2089858483,b0f066a214c2f5e87bad3c948f4d605d)
Start importing Assets/Samples/XR Interaction Toolkit/3.3.1/Starter Assets/DemoSceneAssets/Prefabs/UI/Scroll UI Sample.prefab using Guid(0cbc0856f0fb8d84a81be5dea463c369) Importer(2089858483,b0f066a214c2f5e87bad3c948f4d605d) (ScriptedImporter) -> (artifact id: 'c1f700f4710755688cc57d8e92f9c944') in 0.005984125 seconds
Number of updated asset objects reloaded before import = 0Number of asset objects unloaded after import = 72

========================================================================
Received Import Request.
  Time since last request: 0.000032 seconds.
  path: Assets/Samples/XR Interaction Toolkit/3.3.1/Starter Assets/AffordanceThemes/ControllerPokeSphereScale.asset
  artifactKey: Guid(fd784a23f6ef7774a8998adf6e979d04) Importer(2089858483,b0f066a214c2f5e87bad3c948f4d605d)
Start importing Assets/Samples/XR Interaction Toolkit/3.3.1/Starter Assets/AffordanceThemes/ControllerPokeSphereScale.asset using Guid(fd784a23f6ef7774a8998adf6e979d04) Importer(2089858483,b0f066a214c2f5e87bad3c948f4d605d) (ScriptedImporter) -> (artifact id: 'b594e126f52031198d062f5f8949b29f') in 0.002302958 seconds
Number of updated asset objects reloaded before import = 0Number of asset objects unloaded after import = 1

========================================================================
Received Import Request.
  Time since last request: 0.000065 seconds.
  path: Assets/Samples/XR Interaction Toolkit/3.3.1/Starter Assets/DemoSceneAssets/Scripts
  artifactKey: Guid(89c7da9a19d09c8419df6ac7f38d429e) Importer(2089858483,b0f066a214c2f5e87bad3c948f4d605d)
Start importing Assets/Samples/XR Interaction Toolkit/3.3.1/Starter Assets/DemoSceneAssets/Scripts using Guid(89c7da9a19d09c8419df6ac7f38d429e) Importer(2089858483,b0f066a214c2f5e87bad3c948f4d605d) (ScriptedImporter) -> (artifact id: '552956628a58502c800bd6a9505fc706') in 0.001696708 seconds
Number of updated asset objects reloaded before import = 0Number of asset objects unloaded after import = 1

========================================================================
Received Import Request.
  Time since last request: 0.000052 seconds.
  path: Assets/Samples/XR Interaction Toolkit/3.3.1/Starter Assets/Presets/XRI Default Continuous Turn.preset
  artifactKey: Guid(735a78fc7c2a98a4e85e0e42bf895f48) Importer(2089858483,b0f066a214c2f5e87bad3c948f4d605d)
Start importing Assets/Samples/XR Interaction Toolkit/3.3.1/Starter Assets/Presets/XRI Default Continuous Turn.preset using Guid(735a78fc7c2a98a4e85e0e42bf895f48) Importer(2089858483,b0f066a214c2f5e87bad3c948f4d605d) (ScriptedImporter) -> (artifact id: '680076cb07017e96947727a0d9ec2b68') in 0.003733375 seconds
Number of updated asset objects reloaded before import = 0Number of asset objects unloaded after import = 4

========================================================================
Received Import Request.
  Time since last request: 0.000033 seconds.
  path: Assets/Samples/XR Interaction Toolkit/3.3.1/Starter Assets/DemoSceneAssets/Prefabs/Interactables/Cube.prefab
  artifactKey: Guid(2e16046ebcbcb6742a86569d82e56cce) Importer(2089858483,b0f066a214c2f5e87bad3c948f4d605d)
Start importing Assets/Samples/XR Interaction Toolkit/3.3.1/Starter Assets/DemoSceneAssets/Prefabs/Interactables/Cube.prefab using Guid(2e16046ebcbcb6742a86569d82e56cce) Importer(2089858483,b0f066a214c2f5e87bad3c948f4d605d) (ScriptedImporter) -> (artifact id: '8a7730d4b43b0c7dbfaa3eff87dd1c6f') in 0.003799333 seconds
Number of updated asset objects reloaded before import = 0Number of asset objects unloaded after import = 20

========================================================================
Received Import Request.
  Time since last request: 0.000058 seconds.
  path: Assets/Samples/XR Interaction Toolkit/3.3.1/Starter Assets/DemoSceneAssets/Scripts/IncrementUIText.cs
  artifactKey: Guid(ba6ff5e7c92519444bc2a7ca46558963) Importer(2089858483,b0f066a214c2f5e87bad3c948f4d605d)
Start importing Assets/Samples/XR Interaction Toolkit/3.3.1/Starter Assets/DemoSceneAssets/Scripts/IncrementUIText.cs using Guid(ba6ff5e7c92519444bc2a7ca46558963) Importer(2089858483,b0f066a214c2f5e87bad3c948f4d605d) (ScriptedImporter) -> (artifact id: '99b9356682f68d55c6f509f46790afd6') in 0.004027667 seconds
Number of updated asset objects reloaded before import = 0Number of asset objects unloaded after import = 0

========================================================================
Received Import Request.
  Time since last request: 0.000076 seconds.
  path: Assets/Samples/XR Interaction Toolkit/3.3.1/Starter Assets/Editor/StarterAssets.Editor.asmdef
  artifactKey: Guid(9233538b711383d449a485633568d17c) Importer(2089858483,b0f066a214c2f5e87bad3c948f4d605d)
Start importing Assets/Samples/XR Interaction Toolkit/3.3.1/Starter Assets/Editor/StarterAssets.Editor.asmdef using Guid(9233538b711383d449a485633568d17c) Importer(2089858483,b0f066a214c2f5e87bad3c948f4d605d) (ScriptedImporter) -> (artifact id: '85551af3118f65ab2b7e343ae40e85f6') in 0.002257042 seconds
Number of updated asset objects reloaded before import = 0Number of asset objects unloaded after import = 1

========================================================================
Received Import Request.
  Time since last request: 0.000063 seconds.
  path: Assets/Samples/XR Interaction Toolkit/3.3.1/Starter Assets/DemoSceneAssets/Sprites/Forward.png
  artifactKey: Guid(f8ecc54972abacc46a93f671b0602139) Importer(2089858483,b0f066a214c2f5e87bad3c948f4d605d)
Start importing Assets/Samples/XR Interaction Toolkit/3.3.1/Starter Assets/DemoSceneAssets/Sprites/Forward.png using Guid(f8ecc54972abacc46a93f671b0602139) Importer(2089858483,b0f066a214c2f5e87bad3c948f4d605d) (ScriptedImporter) -> (artifact id: '06ed00abcde9b23f33aa34170008e585') in 0.004240833 seconds
Number of updated asset objects reloaded before import = 0Number of asset objects unloaded after import = 3

========================================================================
Received Import Request.
  Time since last request: 0.000044 seconds.
  path: Assets/Samples/XR Interaction Toolkit/3.3.1/Starter Assets/DemoSceneAssets/Prefabs/Interactables/Torus-Cut.prefab
  artifactKey: Guid(833cb867d186193418fc107735ae3139) Importer(2089858483,b0f066a214c2f5e87bad3c948f4d605d)
Start importing Assets/Samples/XR Interaction Toolkit/3.3.1/Starter Assets/DemoSceneAssets/Prefabs/Interactables/Torus-Cut.prefab using Guid(833cb867d186193418fc107735ae3139) Importer(2089858483,b0f066a214c2f5e87bad3c948f4d605d) (ScriptedImporter) -> (artifact id: 'ae0d376cc3da0af2cdc43ae63a789c2b') in 0.008515417 seconds
Number of updated asset objects reloaded before import = 0Number of asset objects unloaded after import = 24

========================================================================
Received Import Request.
  Time since last request: 0.000071 seconds.
  path: Assets/Samples/XR Interaction Toolkit/3.3.1/Starter Assets/DemoSceneAssets/Prefabs/UI/Text Toggle.prefab
  artifactKey: Guid(6a448845c7017044e8a9f3d711cfe825) Importer(2089858483,b0f066a214c2f5e87bad3c948f4d605d)
Start importing Assets/Samples/XR Interaction Toolkit/3.3.1/Starter Assets/DemoSceneAssets/Prefabs/UI/Text Toggle.prefab using Guid(6a448845c7017044e8a9f3d711cfe825) Importer(2089858483,b0f066a214c2f5e87bad3c948f4d605d) (ScriptedImporter) -> (artifact id: '5ef66d2fa29ad26e797cdcbbab6caa65') in 0.013121833 seconds
Number of updated asset objects reloaded before import = 0Number of asset objects unloaded after import = 25

========================================================================
Received Import Request.
  Time since last request: 0.000051 seconds.
  path: Assets/Samples/XR Interaction Toolkit/3.3.1/Starter Assets/DemoSceneAssets/Prefabs/UI/Icon Button.prefab
  artifactKey: Guid(56686f82f64b0af4688a89676403a500) Importer(2089858483,b0f066a214c2f5e87bad3c948f4d605d)
Start importing Assets/Samples/XR Interaction Toolkit/3.3.1/Starter Assets/DemoSceneAssets/Prefabs/UI/Icon Button.prefab using Guid(56686f82f64b0af4688a89676403a500) Importer(2089858483,b0f066a214c2f5e87bad3c948f4d605d) (ScriptedImporter) -> (artifact id: 'caf195722ad3534f4de4f62fd026edcd') in 0.010361667 seconds
Number of updated asset objects reloaded before import = 0Number of asset objects unloaded after import = 24

========================================================================
Received Import Request.
  Time since last request: 0.000035 seconds.
  path: Assets/Samples/XR Interaction Toolkit/3.3.1/Starter Assets/DemoSceneAssets/Prefabs/Gaze Interactables.prefab
  artifactKey: Guid(e05cd47ab8981f64badd3bfe29af8f4e) Importer(2089858483,b0f066a214c2f5e87bad3c948f4d605d)
Start importing Assets/Samples/XR Interaction Toolkit/3.3.1/Starter Assets/DemoSceneAssets/Prefabs/Gaze Interactables.prefab using Guid(e05cd47ab8981f64badd3bfe29af8f4e) Importer(2089858483,b0f066a214c2f5e87bad3c948f4d605d) (ScriptedImporter) -> (artifact id: 'd551c24f0f0b580ac0591d752da1a502') in 0.003695625 seconds
Number of updated asset objects reloaded before import = 0Number of asset objects unloaded after import = 41

========================================================================
Received Import Request.
  Time since last request: 0.000043 seconds.
  path: Assets/Samples/XR Interaction Toolkit/3.3.1/Starter Assets/DemoSceneAssets/Prefabs/Teleport/Snap Teleport Anchor.prefab
  artifactKey: Guid(037ba65d346be2a48ad006b9a9a3873e) Importer(2089858483,b0f066a214c2f5e87bad3c948f4d605d)
Start importing Assets/Samples/XR Interaction Toolkit/3.3.1/Starter Assets/DemoSceneAssets/Prefabs/Teleport/Snap Teleport Anchor.prefab using Guid(037ba65d346be2a48ad006b9a9a3873e) Importer(2089858483,b0f066a214c2f5e87bad3c948f4d605d) (ScriptedImporter) -> (artifact id: 'c55413073dd658bd4e2b37cd0961d590') in 0.006315 seconds
Number of updated asset objects reloaded before import = 0Number of asset objects unloaded after import = 37

========================================================================
Received Import Request.
  Time since last request: 0.000037 seconds.
  path: Assets/Samples/XR Interaction Toolkit/3.3.1/Starter Assets/DemoSceneAssets/Prefabs/Climb/Ladder.prefab
  artifactKey: Guid(b3830b3b2f190ee46a9c88433e985221) Importer(2089858483,b0f066a214c2f5e87bad3c948f4d605d)
Start importing Assets/Samples/XR Interaction Toolkit/3.3.1/Starter Assets/DemoSceneAssets/Prefabs/Climb/Ladder.prefab using Guid(b3830b3b2f190ee46a9c88433e985221) Importer(2089858483,b0f066a214c2f5e87bad3c948f4d605d) (ScriptedImporter) -> (artifact id: 'e1d6faf88d51146a78a6b244d72f54f6') in 0.005599208 seconds
Number of updated asset objects reloaded before import = 0Number of asset objects unloaded after import = 141

========================================================================
Received Import Request.
  Time since last request: 0.000034 seconds.
  path: Assets/Samples/XR Interaction Toolkit/3.3.1/Starter Assets/Filters/AnyGazedAtTeleportAnchorFilter.asset
  artifactKey: Guid(0f906c94e2aa0c3488832acc1db04295) Importer(2089858483,b0f066a214c2f5e87bad3c948f4d605d)
Start importing Assets/Samples/XR Interaction Toolkit/3.3.1/Starter Assets/Filters/AnyGazedAtTeleportAnchorFilter.asset using Guid(0f906c94e2aa0c3488832acc1db04295) Importer(2089858483,b0f066a214c2f5e87bad3c948f4d605d) (ScriptedImporter) -> (artifact id: '05d2c7378c400ec0459871087921ede3') in 0.002782083 seconds
Number of updated asset objects reloaded before import = 0Number of asset objects unloaded after import = 1

========================================================================
Received Import Request.
  Time since last request: 0.000037 seconds.
  path: Assets/Samples/XR Interaction Toolkit/3.3.1/Starter Assets/DemoSceneAssets/Prefabs/UI/TextButton.prefab
  artifactKey: Guid(e5db301629853dd4a99835fa70099d79) Importer(2089858483,b0f066a214c2f5e87bad3c948f4d605d)
Start importing Assets/Samples/XR Interaction Toolkit/3.3.1/Starter Assets/DemoSceneAssets/Prefabs/UI/TextButton.prefab using Guid(e5db301629853dd4a99835fa70099d79) Importer(2089858483,b0f066a214c2f5e87bad3c948f4d605d) (ScriptedImporter) -> (artifact id: 'e218b30a5be8a2f89bd6bcdffa208739') in 0.007836625 seconds
Number of updated asset objects reloaded before import = 0Number of asset objects unloaded after import = 24

========================================================================
Received Import Request.
  Time since last request: 0.000060 seconds.
  path: Assets/Samples/XR Interaction Toolkit/3.3.1/Starter Assets/Prefabs
  artifactKey: Guid(d93dd55b5e3f13549ab7e819935c2b3f) Importer(2089858483,b0f066a214c2f5e87bad3c948f4d605d)
Start importing Assets/Samples/XR Interaction Toolkit/3.3.1/Starter Assets/Prefabs using Guid(d93dd55b5e3f13549ab7e819935c2b3f) Importer(2089858483,b0f066a214c2f5e87bad3c948f4d605d) (ScriptedImporter) -> (artifact id: 'fc323f9fca5e635149304f10da3ed3fa') in 0.001555791 seconds
Number of updated asset objects reloaded before import = 0Number of asset objects unloaded after import = 1

========================================================================
Received Import Request.
  Time since last request: 0.000039 seconds.
  path: Assets/Samples/XR Interaction Toolkit/3.3.1/Starter Assets/Prefabs/XR Origin (XR Rig).prefab
  artifactKey: Guid(f6336ac4ac8b4d34bc5072418cdc62a0) Importer(2089858483,b0f066a214c2f5e87bad3c948f4d605d)
Start importing Assets/Samples/XR Interaction Toolkit/3.3.1/Starter Assets/Prefabs/XR Origin (XR Rig).prefab using Guid(f6336ac4ac8b4d34bc5072418cdc62a0) Importer(2089858483,b0f066a214c2f5e87bad3c948f4d605d) (ScriptedImporter) -> (artifact id: '59779c703e23c7d4ff3ad2b258ff67a1') in 0.020770083 seconds
Number of updated asset objects reloaded before import = 0Number of asset objects unloaded after import = 357

========================================================================
Received Import Request.
  Time since last request: 0.000059 seconds.
  path: Assets/Samples/XR Interaction Toolkit/3.3.1/Starter Assets/Materials/Flat Blue.mat
  artifactKey: Guid(91ff3830fc4055a4fb0d0d2be32101a7) Importer(2089858483,b0f066a214c2f5e87bad3c948f4d605d)
Start importing Assets/Samples/XR Interaction Toolkit/3.3.1/Starter Assets/Materials/Flat Blue.mat using Guid(91ff3830fc4055a4fb0d0d2be32101a7) Importer(2089858483,b0f066a214c2f5e87bad3c948f4d605d) (ScriptedImporter) -> (artifact id: '2b46d19b70418c95bd19da26d12256ee') in 0.002917458 seconds
Number of updated asset objects reloaded before import = 0Number of asset objects unloaded after import = 1

========================================================================
Received Import Request.
  Time since last request: 0.000053 seconds.
  path: Assets/Samples/XR Interaction Toolkit/3.3.1/Starter Assets/AffordanceThemes/PokeSphereColor.asset
  artifactKey: Guid(fc690d1505c48cb4696838b71abd2ca0) Importer(2089858483,b0f066a214c2f5e87bad3c948f4d605d)
Start importing Assets/Samples/XR Interaction Toolkit/3.3.1/Starter Assets/AffordanceThemes/PokeSphereColor.asset using Guid(fc690d1505c48cb4696838b71abd2ca0) Importer(2089858483,b0f066a214c2f5e87bad3c948f4d605d) (ScriptedImporter) -> (artifact id: '0f95e6845d3bdd52c6cc9da5ce9ab570') in 0.0023535 seconds
Number of updated asset objects reloaded before import = 0Number of asset objects unloaded after import = 1

========================================================================
Received Import Request.
  Time since last request: 0.000068 seconds.
  path: Assets/Samples/XR Interaction Toolkit/3.3.1/Starter Assets/Shaders/Unlit_Fresnel.shadergraph
  artifactKey: Guid(e19b5bb6cb8e91e43b1b5d81a069296f) Importer(2089858483,b0f066a214c2f5e87bad3c948f4d605d)
Start importing Assets/Samples/XR Interaction Toolkit/3.3.1/Starter Assets/Shaders/Unlit_Fresnel.shadergraph using Guid(e19b5bb6cb8e91e43b1b5d81a069296f) Importer(2089858483,b0f066a214c2f5e87bad3c948f4d605d) (ScriptedImporter) -> (artifact id: '9156c240bc60af7c5da6201cb030c401') in 0.003948167 seconds
Number of updated asset objects reloaded before import = 0Number of asset objects unloaded after import = 5

========================================================================
Received Import Request.
  Time since last request: 0.000031 seconds.
  path: Assets/Samples/XR Interaction Toolkit/3.3.1/Starter Assets/DemoSceneAssets/Prefabs/Interactables Sample.prefab
  artifactKey: Guid(6821e1b7f44d8c44b8a2ba02f37309d5) Importer(2089858483,b0f066a214c2f5e87bad3c948f4d605d)
Start importing Assets/Samples/XR Interaction Toolkit/3.3.1/Starter Assets/DemoSceneAssets/Prefabs/Interactables Sample.prefab using Guid(6821e1b7f44d8c44b8a2ba02f37309d5) Importer(2089858483,b0f066a214c2f5e87bad3c948f4d605d) (ScriptedImporter) -> (artifact id: 'd69efbc3cd10604b3f7f6335a7122193') in 0.004066625 seconds
Number of updated asset objects reloaded before import = 0Number of asset objects unloaded after import = 68

========================================================================
Received Import Request.
  Time since last request: 0.000070 seconds.
  path: Assets/Samples/XR Interaction Toolkit/3.3.1/Starter Assets/Shaders/UI-NoZTest.shader
  artifactKey: Guid(a661e7516de55c047905f40ca76fe701) Importer(2089858483,b0f066a214c2f5e87bad3c948f4d605d)
Start importing Assets/Samples/XR Interaction Toolkit/3.3.1/Starter Assets/Shaders/UI-NoZTest.shader using Guid(a661e7516de55c047905f40ca76fe701) Importer(2089858483,b0f066a214c2f5e87bad3c948f4d605d) (ScriptedImporter) -> (artifact id: '37728823b3b3147a1575a8fee1b7bff1') in 0.002821625 seconds
Number of updated asset objects reloaded before import = 0Number of asset objects unloaded after import = 1

========================================================================
Received Import Request.
  Time since last request: 0.000045 seconds.
  path: Assets/Samples/OpenXR Plugin
  artifactKey: Guid(437e5ba916712474fb3496034b14c10e) Importer(2089858483,b0f066a214c2f5e87bad3c948f4d605d)
Start importing Assets/Samples/OpenXR Plugin using Guid(437e5ba916712474fb3496034b14c10e) Importer(2089858483,b0f066a214c2f5e87bad3c948f4d605d) (ScriptedImporter) -> (artifact id: '713ecda76b7c21f74a1d5ec52b7c66fc') in 0.001494542 seconds
Number of updated asset objects reloaded before import = 0Number of asset objects unloaded after import = 1

========================================================================
Received Import Request.
  Time since last request: 0.000051 seconds.
  path: Assets/Samples/XR Interaction Toolkit/3.3.1/Starter Assets/DemoSceneAssets/Materials/Concrete Grey.mat
  artifactKey: Guid(842f1b88643f1bb458ba6243088e344e) Importer(2089858483,b0f066a214c2f5e87bad3c948f4d605d)
Start importing Assets/Samples/XR Interaction Toolkit/3.3.1/Starter Assets/DemoSceneAssets/Materials/Concrete Grey.mat using Guid(842f1b88643f1bb458ba6243088e344e) Importer(2089858483,b0f066a214c2f5e87bad3c948f4d605d) (ScriptedImporter) -> (artifact id: 'bff2e8ab356c5dbb69954c26694b6bc7') in 0.005208625 seconds
Number of updated asset objects reloaded before import = 0Number of asset objects unloaded after import = 3

========================================================================
Received Import Request.
  Time since last request: 0.000059 seconds.
  path: Assets/Samples/XR Interaction Toolkit/3.3.1/Starter Assets/TunnelingVignette
  artifactKey: Guid(14305397b55fd2148ab7fcbdcbb60a50) Importer(2089858483,b0f066a214c2f5e87bad3c948f4d605d)
Start importing Assets/Samples/XR Interaction Toolkit/3.3.1/Starter Assets/TunnelingVignette using Guid(14305397b55fd2148ab7fcbdcbb60a50) Importer(2089858483,b0f066a214c2f5e87bad3c948f4d605d) (ScriptedImporter) -> (artifact id: '1c59db615c5e59611b95b20f5b6c8dbc') in 0.001586792 seconds
Number of updated asset objects reloaded before import = 0Number of asset objects unloaded after import = 1

========================================================================
Received Import Request.
  Time since last request: 0.000056 seconds.
  path: Assets/Samples
  artifactKey: Guid(343a44b133c774ec4b949ba7d227ef29) Importer(2089858483,b0f066a214c2f5e87bad3c948f4d605d)
Start importing Assets/Samples using Guid(343a44b133c774ec4b949ba7d227ef29) Importer(2089858483,b0f066a214c2f5e87bad3c948f4d605d) (ScriptedImporter) -> (artifact id: '9e13bc54778d9da905f826aaf6400f56') in 0.001620667 seconds
Number of updated asset objects reloaded before import = 0Number of asset objects unloaded after import = 1

========================================================================
Received Import Request.
  Time since last request: 0.000037 seconds.
  path: Assets/Samples/XR Interaction Toolkit/3.3.1/Starter Assets/DemoSceneAssets/Textures/Concrete_Normal.tif
  artifactKey: Guid(cdebec39dbf81a14688e1de8d12897b4) Importer(2089858483,b0f066a214c2f5e87bad3c948f4d605d)
Start importing Assets/Samples/XR Interaction Toolkit/3.3.1/Starter Assets/DemoSceneAssets/Textures/Concrete_Normal.tif using Guid(cdebec39dbf81a14688e1de8d12897b4) Importer(2089858483,b0f066a214c2f5e87bad3c948f4d605d) (ScriptedImporter) -> (artifact id: 'cccdef76e995e30ca1cb8d56f4440fd3') in 0.004271791 seconds
Number of updated asset objects reloaded before import = 0Number of asset objects unloaded after import = 1

========================================================================
Received Import Request.
  Time since last request: 0.000047 seconds.
  path: Assets/Samples/XR Interaction Toolkit/3.3.1/Starter Assets/Materials
  artifactKey: Guid(5cfaae8b567b8aa45b7a432b5bb5560c) Importer(2089858483,b0f066a214c2f5e87bad3c948f4d605d)
Start importing Assets/Samples/XR Interaction Toolkit/3.3.1/Starter Assets/Materials using Guid(5cfaae8b567b8aa45b7a432b5bb5560c) Importer(2089858483,b0f066a214c2f5e87bad3c948f4d605d) (ScriptedImporter) -> (artifact id: 'b89d28dc479a2662d9181942bca0e546') in 0.001448334 seconds
Number of updated asset objects reloaded before import = 0Number of asset objects unloaded after import = 1

========================================================================
Received Import Request.
  Time since last request: 278.112537 seconds.
  path: Assets/Samples/XR Interaction Toolkit/3.3.1/Starter Assets/XRI Default Input Actions.inputactions
  artifactKey: Guid(c348712bda248c246b8c49b3db54643f) Importer(815301076,1909f56bfc062723c751e8b465ee728b)
Start importing Assets/Samples/XR Interaction Toolkit/3.3.1/Starter Assets/XRI Default Input Actions.inputactions using Guid(c348712bda248c246b8c49b3db54643f) Importer(815301076,1909f56bfc062723c751e8b465ee728b) (PreviewImporter) -> (artifact id: '607d68f178829e8ff6005a6c04af65c9') in 0.076207417 seconds
Number of updated asset objects reloaded before import = 0Number of asset objects unloaded after import = 93

========================================================================
Received Import Request.
  Time since last request: 3.104336 seconds.
  path: Assets/Samples/XR Interaction Toolkit/3.3.1/Starter Assets/Prefabs/XR Origin (XR Rig).prefab
  artifactKey: Guid(f6336ac4ac8b4d34bc5072418cdc62a0) Importer(815301076,1909f56bfc062723c751e8b465ee728b)
Start importing Assets/Samples/XR Interaction Toolkit/3.3.1/Starter Assets/Prefabs/XR Origin (XR Rig).prefab using Guid(f6336ac4ac8b4d34bc5072418cdc62a0) Importer(815301076,1909f56bfc062723c751e8b465ee728b) (PreviewImporter) -> (artifact id: 'bb9d086e5e954a37caeb5e06afed1d87') in 0.999829209 seconds
Number of updated asset objects reloaded before import = 0Number of asset objects unloaded after import = 545

========================================================================
Received Import Request.
  Time since last request: 794.955884 seconds.
  path: Assets/Samples/XR Interaction Toolkit/3.3.1/Starter Assets/Materials/FresnelHighlight.mat
  artifactKey: Guid(f5ccd52dc494e054fbe7d7161dcabe25) Importer(2089858483,b0f066a214c2f5e87bad3c948f4d605d)
Start importing Assets/Samples/XR Interaction Toolkit/3.3.1/Starter Assets/Materials/FresnelHighlight.mat using Guid(f5ccd52dc494e054fbe7d7161dcabe25) Importer(2089858483,b0f066a214c2f5e87bad3c948f4d605d) (ScriptedImporter) -> (artifact id: 'eb6d4771da75a839952a133823e66136') in 0.360603458 seconds
Number of updated asset objects reloaded before import = 2Number of asset objects unloaded after import = 6

========================================================================
Received Import Request.
  Time since last request: 0.000148 seconds.
  path: Assets/Settings/UniversalRenderPipelineGlobalSettings.asset
  artifactKey: Guid(18dc0cd2c080841dea60987a38ce93fa) Importer(2089858483,b0f066a214c2f5e87bad3c948f4d605d)
Start importing Assets/Settings/UniversalRenderPipelineGlobalSettings.asset using Guid(18dc0cd2c080841dea60987a38ce93fa) Importer(2089858483,b0f066a214c2f5e87bad3c948f4d605d) (ScriptedImporter) -> (artifact id: 'c5974d5575f5a60edcf91654d6817af2') in 0.111448875 seconds
Number of updated asset objects reloaded before import = 0Number of asset objects unloaded after import = 0

========================================================================
Received Import Request.
  Time since last request: 0.000109 seconds.
  path: Assets/Samples/XR Interaction Toolkit/3.3.1/Starter Assets/DemoSceneAssets/Materials/Concrete Light Blue.mat
  artifactKey: Guid(830d28b607e09a2479e2005c2eb5c75e) Importer(2089858483,b0f066a214c2f5e87bad3c948f4d605d)
Start importing Assets/Samples/XR Interaction Toolkit/3.3.1/Starter Assets/DemoSceneAssets/Materials/Concrete Light Blue.mat using Guid(830d28b607e09a2479e2005c2eb5c75e) Importer(2089858483,b0f066a214c2f5e87bad3c948f4d605d) (ScriptedImporter) -> (artifact id: '307f2ab5fb4e6b81435972a464919c39') in 0.078884542 seconds
Number of updated asset objects reloaded before import = 0Number of asset objects unloaded after import = 3

========================================================================
Received Import Request.
  Time since last request: 0.000046 seconds.
  path: Assets/Samples/XR Interaction Toolkit/3.3.1/Starter Assets/Materials/Telport Area.mat
  artifactKey: Guid(be1e10ce8a6f8cc4fb08d11c7f722469) Importer(2089858483,b0f066a214c2f5e87bad3c948f4d605d)
Start importing Assets/Samples/XR Interaction Toolkit/3.3.1/Starter Assets/Materials/Telport Area.mat using Guid(be1e10ce8a6f8cc4fb08d11c7f722469) Importer(2089858483,b0f066a214c2f5e87bad3c948f4d605d) (ScriptedImporter) -> (artifact id: 'd6456647b44ae70df62f986fe7698f72') in 0.084098708 seconds
Number of updated asset objects reloaded before import = 0Number of asset objects unloaded after import = 2

========================================================================
Received Import Request.
  Time since last request: 1215.964712 seconds.
  path: Assets/TextMesh Pro/Shaders/TMP_SDF-HDRP LIT.shadergraph
  artifactKey: Guid(ca2ed216f98028c4dae6c5224a952b3c) Importer(2089858483,b0f066a214c2f5e87bad3c948f4d605d)
Start importing Assets/TextMesh Pro/Shaders/TMP_SDF-HDRP LIT.shadergraph using Guid(ca2ed216f98028c4dae6c5224a952b3c) Importer(2089858483,b0f066a214c2f5e87bad3c948f4d605d) (ScriptedImporter) -> (artifact id: 'f030de96ab84925efb67dc1148cbed9b') in 0.034316458 seconds
Number of updated asset objects reloaded before import = 0Number of asset objects unloaded after import = 3

========================================================================
Received Import Request.
  Time since last request: 0.000152 seconds.
  path: Assets/TextMesh Pro/Shaders/TMP_SDF.shader
  artifactKey: Guid(68e6db2ebdc24f95958faec2be5558d6) Importer(2089858483,b0f066a214c2f5e87bad3c948f4d605d)
Start importing Assets/TextMesh Pro/Shaders/TMP_SDF.shader using Guid(68e6db2ebdc24f95958faec2be5558d6) Importer(2089858483,b0f066a214c2f5e87bad3c948f4d605d) (ScriptedImporter)Shader 'TextMeshPro/Distance Field': fallback shader 'TextMeshPro/Mobile/Distance Field' not found
 -> (artifact id: 'e1ad0526dac517d108f7806e2b9a368f') in 0.003540584 seconds
Number of updated asset objects reloaded before import = 0Number of asset objects unloaded after import = 1

========================================================================
Received Import Request.
  Time since last request: 0.000059 seconds.
  path: Assets/TextMesh Pro/Shaders/TMPro_Mobile.cginc
  artifactKey: Guid(c334973cef89a9840b0b0c507e0377ab) Importer(2089858483,b0f066a214c2f5e87bad3c948f4d605d)
Start importing Assets/TextMesh Pro/Shaders/TMPro_Mobile.cginc using Guid(c334973cef89a9840b0b0c507e0377ab) Importer(2089858483,b0f066a214c2f5e87bad3c948f4d605d) (ScriptedImporter) -> (artifact id: '77d217f58047cab7dcdff154a1c187d7') in 0.002246083 seconds
Number of updated asset objects reloaded before import = 0Number of asset objects unloaded after import = 1

========================================================================
Received Import Request.
  Time since last request: 0.000069 seconds.
  path: Assets/TextMesh Pro/Resources/Fonts & Materials/LiberationSans SDF.asset
  artifactKey: Guid(8f586378b4e144a9851e7b34d9b748ee) Importer(2089858483,b0f066a214c2f5e87bad3c948f4d605d)
Start importing Assets/TextMesh Pro/Resources/Fonts & Materials/LiberationSans SDF.asset using Guid(8f586378b4e144a9851e7b34d9b748ee) Importer(2089858483,b0f066a214c2f5e87bad3c948f4d605d) (ScriptedImporter) -> (artifact id: '40ddcfc7b3b910391f3facf412f8c8bf') in 0.057874042 seconds
Number of updated asset objects reloaded before import = 0Number of asset objects unloaded after import = 9

========================================================================
Received Import Request.
  Time since last request: 0.000065 seconds.
  path: Assets/TextMesh Pro/Fonts/LiberationSans - OFL.txt
  artifactKey: Guid(6e59c59b81ab47f9b6ec5781fa725d2c) Importer(2089858483,b0f066a214c2f5e87bad3c948f4d605d)
Start importing Assets/TextMesh Pro/Fonts/LiberationSans - OFL.txt using Guid(6e59c59b81ab47f9b6ec5781fa725d2c) Importer(2089858483,b0f066a214c2f5e87bad3c948f4d605d) (ScriptedImporter) -> (artifact id: 'd57343aaa1be9f3b75310b85f45ff34d') in 0.002498 seconds
Number of updated asset objects reloaded before import = 0Number of asset objects unloaded after import = 1

========================================================================
Received Import Request.
  Time since last request: 0.000105 seconds.
  path: Assets/TextMesh Pro/Shaders/TMP_SDF-Mobile Masking.shader
  artifactKey: Guid(bc1ede39bf3643ee8e493720e4259791) Importer(2089858483,b0f066a214c2f5e87bad3c948f4d605d)
Start importing Assets/TextMesh Pro/Shaders/TMP_SDF-Mobile Masking.shader using Guid(bc1ede39bf3643ee8e493720e4259791) Importer(2089858483,b0f066a214c2f5e87bad3c948f4d605d) (ScriptedImporter) -> (artifact id: 'd8fc1816c42c71bc88a3fda3bfe813ce') in 0.003496708 seconds
Number of updated asset objects reloaded before import = 0Number of asset objects unloaded after import = 1

========================================================================
Received Import Request.
  Time since last request: 0.000044 seconds.
  path: Assets/TextMesh Pro/Sprites/EmojiOne Attribution.txt
  artifactKey: Guid(381dcb09d5029d14897e55f98031fca5) Importer(2089858483,b0f066a214c2f5e87bad3c948f4d605d)
Start importing Assets/TextMesh Pro/Sprites/EmojiOne Attribution.txt using Guid(381dcb09d5029d14897e55f98031fca5) Importer(2089858483,b0f066a214c2f5e87bad3c948f4d605d) (ScriptedImporter) -> (artifact id: '531f4f64029fba8b1269a5ca7daddbc6') in 0.001945584 seconds
Number of updated asset objects reloaded before import = 0Number of asset objects unloaded after import = 1

========================================================================
Received Import Request.
  Time since last request: 0.000056 seconds.
  path: Assets/TextMesh Pro/Shaders/TMP_SDF-Mobile SSD.shader
  artifactKey: Guid(c8d12adcee749c344b8117cf7c7eb912) Importer(2089858483,b0f066a214c2f5e87bad3c948f4d605d)
Start importing Assets/TextMesh Pro/Shaders/TMP_SDF-Mobile SSD.shader using Guid(c8d12adcee749c344b8117cf7c7eb912) Importer(2089858483,b0f066a214c2f5e87bad3c948f4d605d) (ScriptedImporter) -> (artifact id: 'c443f8a9861bfa44f36bf507f0b46a0c') in 0.002723667 seconds
Number of updated asset objects reloaded before import = 0Number of asset objects unloaded after import = 1

========================================================================
Received Import Request.
  Time since last request: 0.000063 seconds.
  path: Assets/TextMesh Pro/Shaders/TMP_SDF-Surface-Mobile.shader
  artifactKey: Guid(85187c2149c549c5b33f0cdb02836b17) Importer(2089858483,b0f066a214c2f5e87bad3c948f4d605d)
Start importing Assets/TextMesh Pro/Shaders/TMP_SDF-Surface-Mobile.shader using Guid(85187c2149c549c5b33f0cdb02836b17) Importer(2089858483,b0f066a214c2f5e87bad3c948f4d605d) (ScriptedImporter) -> (artifact id: '3669f4b631e320d6c13e732d618706e7') in 0.003203167 seconds
Number of updated asset objects reloaded before import = 0Number of asset objects unloaded after import = 1

========================================================================
Received Import Request.
  Time since last request: 0.000083 seconds.
  path: Assets/TextMesh Pro/Resources/Sprite Assets
  artifactKey: Guid(512a49d95c0c4332bdd98131869c23c9) Importer(2089858483,b0f066a214c2f5e87bad3c948f4d605d)
Start importing Assets/TextMesh Pro/Resources/Sprite Assets using Guid(512a49d95c0c4332bdd98131869c23c9) Importer(2089858483,b0f066a214c2f5e87bad3c948f4d605d) (ScriptedImporter) -> (artifact id: 'a8558c49e83987e0fe25a0bff23b7aef') in 0.002108833 seconds
Number of updated asset objects reloaded before import = 0Number of asset objects unloaded after import = 1

========================================================================
Received Import Request.
  Time since last request: 0.000084 seconds.
  path: Assets/TextMesh Pro/Resources/Sprite Assets/EmojiOne.asset
  artifactKey: Guid(c41005c129ba4d66911b75229fd70b45) Importer(2089858483,b0f066a214c2f5e87bad3c948f4d605d)
Start importing Assets/TextMesh Pro/Resources/Sprite Assets/EmojiOne.asset using Guid(c41005c129ba4d66911b75229fd70b45) Importer(2089858483,b0f066a214c2f5e87bad3c948f4d605d) (ScriptedImporter) -> (artifact id: 'e68d2e059d09bcfc36a596f5155ed4a3') in 0.006454458 seconds
Number of updated asset objects reloaded before import = 0Number of asset objects unloaded after import = 4

========================================================================
Received Import Request.
  Time since last request: 0.000065 seconds.
  path: Assets/TextMesh Pro/Resources/LineBreaking Following Characters.txt
  artifactKey: Guid(fade42e8bc714b018fac513c043d323b) Importer(2089858483,b0f066a214c2f5e87bad3c948f4d605d)
Start importing Assets/TextMesh Pro/Resources/LineBreaking Following Characters.txt using Guid(fade42e8bc714b018fac513c043d323b) Importer(2089858483,b0f066a214c2f5e87bad3c948f4d605d) (ScriptedImporter) -> (artifact id: '814a1dc14fbfc958f08f41fcbf6c2716') in 0.002208292 seconds
Number of updated asset objects reloaded before import = 0Number of asset objects unloaded after import = 1

========================================================================
Received Import Request.
  Time since last request: 0.000053 seconds.
  path: Assets/TextMesh Pro/Shaders
  artifactKey: Guid(e9f693669af91aa45ad615fc681ed29f) Importer(2089858483,b0f066a214c2f5e87bad3c948f4d605d)
Start importing Assets/TextMesh Pro/Shaders using Guid(e9f693669af91aa45ad615fc681ed29f) Importer(2089858483,b0f066a214c2f5e87bad3c948f4d605d) (ScriptedImporter) -> (artifact id: '0cef24a2e7c23d34875ce0962b0674a2') in 0.001955 seconds
Number of updated asset objects reloaded before import = 0Number of asset objects unloaded after import = 1

========================================================================
Received Import Request.
  Time since last request: 0.000079 seconds.
  path: Assets/TextMesh Pro/Resources/Fonts & Materials/LiberationSans SDF - Fallback.asset
  artifactKey: Guid(2e498d1c8094910479dc3e1b768306a4) Importer(2089858483,b0f066a214c2f5e87bad3c948f4d605d)
Start importing Assets/TextMesh Pro/Resources/Fonts & Materials/LiberationSans SDF - Fallback.asset using Guid(2e498d1c8094910479dc3e1b768306a4) Importer(2089858483,b0f066a214c2f5e87bad3c948f4d605d) (ScriptedImporter) -> (artifact id: 'd2f951e9e811e9d00f7b7027005c2aaf') in 0.009339459 seconds
Number of updated asset objects reloaded before import = 0Number of asset objects unloaded after import = 6

========================================================================
Received Import Request.
  Time since last request: 0.000102 seconds.
  path: Assets/TextMesh Pro/Sprites/EmojiOne.png
  artifactKey: Guid(dffef66376be4fa480fb02b19edbe903) Importer(2089858483,b0f066a214c2f5e87bad3c948f4d605d)
Start importing Assets/TextMesh Pro/Sprites/EmojiOne.png using Guid(dffef66376be4fa480fb02b19edbe903) Importer(2089858483,b0f066a214c2f5e87bad3c948f4d605d) (ScriptedImporter) -> (artifact id: '1c733bad7992e80885c02be705cff87e') in 0.006056958 seconds
Number of updated asset objects reloaded before import = 0Number of asset objects unloaded after import = 1

========================================================================
Received Import Request.
  Time since last request: 0.000044 seconds.
  path: Assets/TextMesh Pro/Fonts/LiberationSans.ttf
  artifactKey: Guid(e3265ab4bf004d28a9537516768c1c75) Importer(2089858483,b0f066a214c2f5e87bad3c948f4d605d)
Start importing Assets/TextMesh Pro/Fonts/LiberationSans.ttf using Guid(e3265ab4bf004d28a9537516768c1c75) Importer(2089858483,b0f066a214c2f5e87bad3c948f4d605d) (ScriptedImporter) -> (artifact id: 'e27021ac6e89923c1648865bfd6547ae') in 0.0101915 seconds
Number of updated asset objects reloaded before import = 0Number of asset objects unloaded after import = 3

========================================================================
Received Import Request.
  Time since last request: 0.000065 seconds.
  path: Assets/TextMesh Pro
  artifactKey: Guid(f54d1bd14bd3ca042bd867b519fee8cc) Importer(2089858483,b0f066a214c2f5e87bad3c948f4d605d)
Start importing Assets/TextMesh Pro using Guid(f54d1bd14bd3ca042bd867b519fee8cc) Importer(2089858483,b0f066a214c2f5e87bad3c948f4d605d) (ScriptedImporter) -> (artifact id: '0d778baecd5f40e6d6631db3a731bf3b') in 0.0062685 seconds
Number of updated asset objects reloaded before import = 0Number of asset objects unloaded after import = 1

========================================================================
Received Import Request.
  Time since last request: 0.000074 seconds.
  path: Assets/TextMesh Pro/Shaders/TMP_SDF-URP Lit.shadergraph
  artifactKey: Guid(a3d800b099a06e0478fb790c5e79057a) Importer(2089858483,b0f066a214c2f5e87bad3c948f4d605d)
Start importing Assets/TextMesh Pro/Shaders/TMP_SDF-URP Lit.shadergraph using Guid(a3d800b099a06e0478fb790c5e79057a) Importer(2089858483,b0f066a214c2f5e87bad3c948f4d605d) (ScriptedImporter) -> (artifact id: '5ae72c0e2881c22c74b86dda7e6e4ce6') in 0.41453925 seconds
Number of updated asset objects reloaded before import = 0Number of asset objects unloaded after import = 4

========================================================================
Received Import Request.
  Time since last request: 0.000048 seconds.
  path: Assets/TextMesh Pro/Shaders/TMP_Bitmap-Mobile.shader
  artifactKey: Guid(1e3b057af24249748ff873be7fafee47) Importer(2089858483,b0f066a214c2f5e87bad3c948f4d605d)
Start importing Assets/TextMesh Pro/Shaders/TMP_Bitmap-Mobile.shader using Guid(1e3b057af24249748ff873be7fafee47) Importer(2089858483,b0f066a214c2f5e87bad3c948f4d605d) (ScriptedImporter) -> (artifact id: '451e714c9ecc9e6d1b66e0485b193f22') in 0.003667875 seconds
Number of updated asset objects reloaded before import = 0Number of asset objects unloaded after import = 1

========================================================================
Received Import Request.
  Time since last request: 0.000084 seconds.
  path: Assets/TextMesh Pro/Shaders/TMPro.cginc
  artifactKey: Guid(407bc68d299748449bbf7f48ee690f8d) Importer(2089858483,b0f066a214c2f5e87bad3c948f4d605d)
Start importing Assets/TextMesh Pro/Shaders/TMPro.cginc using Guid(407bc68d299748449bbf7f48ee690f8d) Importer(2089858483,b0f066a214c2f5e87bad3c948f4d605d) (ScriptedImporter) -> (artifact id: '682f4d4e357757dc27085a78a174c145') in 0.003212709 seconds
Number of updated asset objects reloaded before import = 0Number of asset objects unloaded after import = 1

========================================================================
Received Import Request.
  Time since last request: 0.000069 seconds.
  path: Assets/TextMesh Pro/Shaders/TMP_SDF Overlay.shader
  artifactKey: Guid(dd89cf5b9246416f84610a006f916af7) Importer(2089858483,b0f066a214c2f5e87bad3c948f4d605d)
Start importing Assets/TextMesh Pro/Shaders/TMP_SDF Overlay.shader using Guid(dd89cf5b9246416f84610a006f916af7) Importer(2089858483,b0f066a214c2f5e87bad3c948f4d605d) (ScriptedImporter)Shader 'TextMeshPro/Distance Field Overlay': fallback shader 'TextMeshPro/Mobile/Distance Field' not found
 -> (artifact id: '2e3277b881ec6efe1d0a0277a8c09c6e') in 0.003091125 seconds
Number of updated asset objects reloaded before import = 0Number of asset objects unloaded after import = 1

========================================================================
Received Import Request.
  Time since last request: 0.000173 seconds.
  path: Assets/TextMesh Pro/Shaders/TMP_Bitmap.shader
  artifactKey: Guid(128e987d567d4e2c824d754223b3f3b0) Importer(2089858483,b0f066a214c2f5e87bad3c948f4d605d)
Start importing Assets/TextMesh Pro/Shaders/TMP_Bitmap.shader using Guid(128e987d567d4e2c824d754223b3f3b0) Importer(2089858483,b0f066a214c2f5e87bad3c948f4d605d) (ScriptedImporter) -> (artifact id: '505e4e639e0d50de4291daa0ca56de6b') in 0.005303208 seconds
Number of updated asset objects reloaded before import = 0Number of asset objects unloaded after import = 1

========================================================================
Received Import Request.
  Time since last request: 0.000069 seconds.
  path: Assets/TextMesh Pro/Sprites/EmojiOne.json
  artifactKey: Guid(8f05276190cf498a8153f6cbe761d4e6) Importer(2089858483,b0f066a214c2f5e87bad3c948f4d605d)
Start importing Assets/TextMesh Pro/Sprites/EmojiOne.json using Guid(8f05276190cf498a8153f6cbe761d4e6) Importer(2089858483,b0f066a214c2f5e87bad3c948f4d605d) (ScriptedImporter) -> (artifact id: '5ef7b69a867f7fd6fc47b83bac82db7d') in 0.001947042 seconds
Number of updated asset objects reloaded before import = 0Number of asset objects unloaded after import = 1

========================================================================
Received Prepare
Begin MonoManager ReloadAssembly
[Licensing::Client] Successfully resolved entitlement details
Thread 0x16bc5f000 may have been prematurely finalized
ADTM: Control thread waiting for realtime thread timed out, have to lock...
- Loaded All Assemblies, in  1.686 seconds
Refreshing native plugins compatible for Editor in 1.82 ms, found 8 plugins.
Assertion failed on expression: 'pred(*previous, *i)'
Assertion failed on expression: 'pred(*previous, *i)'
Assertion failed on expression: 'pred(*previous, *i)'
Assertion failed on expression: 'pred(*previous, *i)'
Assertion failed on expression: 'pred(*previous, *i)'
Assertion failed on expression: 'pred(*previous, *i)'
Assertion failed on expression: 'pred(*previous, *i)'
Assertion failed on expression: 'pred(*previous, *i)'
Assertion failed on expression: 'pred(*previous, *i)'
Assertion failed on expression: 'pred(*previous, *i)'
Assertion failed on expression: 'pred(*previous, *i)'
Assertion failed on expression: 'pred(*previous, *i)'
Assertion failed on expression: 'pred(*previous, *i)'
Assertion failed on expression: 'pred(*previous, *i)'
Assertion failed on expression: 'pred(*previous, *i)'
Assertion failed on expression: 'pred(*previous, *i)'
Assertion failed on expression: 'pred(*previous, *i)'
Assertion failed on expression: 'pred(*previous, *i)'
Assertion failed on expression: 'pred(*previous, *i)'
Assertion failed on expression: 'pred(*previous, *i)'
Assertion failed on expression: 'pred(*previous, *i)'
Assertion failed on expression: 'pred(*previous, *i)'
Assertion failed on expression: 'pred(*previous, *i)'
Assertion failed on expression: 'pred(*previous, *i)'
Assertion failed on expression: 'pred(*previous, *i)'
Assertion failed on expression: 'pred(*previous, *i)'
Native extension for OSXStandalone target not found
Native extension for WebGL target not found
[Package Manager] Failed to launch server process. Reason: Unity was launched with the -noUpm command-line argument
[Package Manager] Unable to send message (not connected to server process).
[Package Manager] Cannot connect to Unity Package Manager local server
ScheduleIndexationOnStartup MainProcess:False IndexOnStartup:True
Mono: successfully reloaded assembly
[Package Manager] Failed to launch server process. Reason: Unity was launched with the -noUpm command-line argument
[Package Manager] Unable to send message (not connected to server process).
[Package Manager] Cannot connect to Unity Package Manager local server
- Finished resetting the current domain, in  0.612 seconds
Domain Reload Profiling: 2302ms
	BeginReloadAssembly (1263ms)
		ExecutionOrderSort (0ms)
		DisableScriptedObjects (37ms)
		BackupInstance (0ms)
		ReleaseScriptingObjects (1ms)
		CreateAndSetChildDomain (1107ms)
	RebuildCommonClasses (29ms)
	RebuildNativeTypeToScriptingClass (14ms)
	initialDomainReloadingComplete (27ms)
	LoadAllAssembliesAndSetupDomain (357ms)
		LoadAssemblies (230ms)
		RebuildTransferFunctionScriptingTraits (0ms)
		AnalyzeDomain (183ms)
			TypeCache.Refresh (15ms)
				TypeCache.ScanAssembly (1ms)
			BuildScriptInfoCaches (145ms)
			ResolveRequiredComponents (9ms)
	FinalizeReload (613ms)
		ReleaseScriptCaches (0ms)
		RebuildScriptCaches (0ms)
		SetupLoadedEditorAssemblies (496ms)
			LogAssemblyErrors (0ms)
			InitializePlatformSupportModulesInManaged (2ms)
			SetLoadedEditorAssemblies (4ms)
			BeforeProcessingInitializeOnLoad (126ms)
			ProcessInitializeOnLoadAttributes (263ms)
			ProcessInitializeOnLoadMethodAttributes (100ms)
			AfterProcessingInitializeOnLoad (1ms)
			EditorAssembliesLoaded (0ms)
		ExecutionOrderSort2 (0ms)
		AwakeInstancesAfterBackupRestoration (7ms)
WARNING: Shader Unsupported: 'Universal Render Pipeline/VR/SpatialMapping/Wireframe' - All subshaders removed
WARNING: Shader Did you use #pragma only_renderers and omit this platform?
WARNING: Shader If subshaders removal was intentional, you may have forgotten turning Fallback off?
WARNING: Shader Unsupported: 'Universal Render Pipeline/VR/SpatialMapping/Wireframe' - All subshaders removed
WARNING: Shader Did you use #pragma only_renderers and omit this platform?
WARNING: Shader If subshaders removal was intentional, you may have forgotten turning Fallback off?
Refreshing native plugins compatible for Editor in 2.81 ms, found 8 plugins.
Preloading 0 native plugins for Editor in 0.00 ms.
Unloading 34 Unused Serialized files (Serialized files now loaded: 0)
Unloading 7412 unused Assets / (6.7 MB). Loaded Objects now: 8249.
Memory consumption went from 262.4 MB to 255.7 MB.
Total: 8.497084 ms (FindLiveObjects: 0.353083 ms CreateObjectMapping: 0.203458 ms MarkObjects: 5.010584 ms  DeleteObjects: 2.929542 ms)

Prepare: number of updated asset objects reloaded= 0
========================================================================
Received Import Request.
  Time since last request: 21841.612734 seconds.
  path: Assets/TextMesh Pro/Examples & Extras/Sprites/Default Sprites.png
  artifactKey: Guid(a0fc465d6cf04254a2938578735e2383) Importer(2089858483,b0f066a214c2f5e87bad3c948f4d605d)
Start importing Assets/TextMesh Pro/Examples & Extras/Sprites/Default Sprites.png using Guid(a0fc465d6cf04254a2938578735e2383) Importer(2089858483,b0f066a214c2f5e87bad3c948f4d605d) (ScriptedImporter) -> (artifact id: '3b83a54fb1a6ba62f572f38e613c6943') in 0.687953584 seconds
Number of updated asset objects reloaded before import = 0Number of asset objects unloaded after import = 1

========================================================================
Received Import Request.
  Time since last request: 0.000834 seconds.
  path: Assets/TextMesh Pro/Examples & Extras/Scenes/16 - Linked text overflow mode example.unity
  artifactKey: Guid(9442cda25baa4a0bb544c4d095b00caa) Importer(2089858483,b0f066a214c2f5e87bad3c948f4d605d)
Start importing Assets/TextMesh Pro/Examples & Extras/Scenes/16 - Linked text overflow mode example.unity using Guid(9442cda25baa4a0bb544c4d095b00caa) Importer(2089858483,b0f066a214c2f5e87bad3c948f4d605d) (ScriptedImporter) -> (artifact id: 'd47eac008a6cc9a9691669b4f3be4840') in 0.014738333 seconds
Number of updated asset objects reloaded before import = 0Number of asset objects unloaded after import = 1

========================================================================
Received Import Request.
  Time since last request: 0.000108 seconds.
  path: Assets/TextMesh Pro/Examples & Extras/Resources/Fonts & Materials/Anton SDF - Drop Shadow.mat
  artifactKey: Guid(749b9069dc4742c5bfa5c74644049926) Importer(2089858483,b0f066a214c2f5e87bad3c948f4d605d)
Start importing Assets/TextMesh Pro/Examples & Extras/Resources/Fonts & Materials/Anton SDF - Drop Shadow.mat using Guid(749b9069dc4742c5bfa5c74644049926) Importer(2089858483,b0f066a214c2f5e87bad3c948f4d605d) (ScriptedImporter) -> (artifact id: '62589fd42b57235a40a295d1f759383e') in 0.059972458 seconds
Number of updated asset objects reloaded before import = 0Number of asset objects unloaded after import = 3

========================================================================
Received Import Request.
  Time since last request: 0.000098 seconds.
  path: Assets/TextMesh Pro/Examples & Extras/Scenes/28 - HDRP Shader Example/Sky and Fog Volume Profile.asset
  artifactKey: Guid(83ba2e375bed45f48bce43e5a5f7c88a) Importer(2089858483,b0f066a214c2f5e87bad3c948f4d605d)
Start importing Assets/TextMesh Pro/Examples & Extras/Scenes/28 - HDRP Shader Example/Sky and Fog Volume Profile.asset using Guid(83ba2e375bed45f48bce43e5a5f7c88a) Importer(2089858483,b0f066a214c2f5e87bad3c948f4d605d) (ScriptedImporter) -> (artifact id: '8619171435c9d71531ef09596bcab1ca') in 0.016802792 seconds
Number of updated asset objects reloaded before import = 0Number of asset objects unloaded after import = 2

========================================================================
Received Import Request.
  Time since last request: 0.000099 seconds.
  path: Assets/TextMesh Pro/Examples & Extras/Scripts/SimpleScript.cs
  artifactKey: Guid(9eff140b25d64601aabc6ba32245d099) Importer(2089858483,b0f066a214c2f5e87bad3c948f4d605d)
Start importing Assets/TextMesh Pro/Examples & Extras/Scripts/SimpleScript.cs using Guid(9eff140b25d64601aabc6ba32245d099) Importer(2089858483,b0f066a214c2f5e87bad3c948f4d605d) (ScriptedImporter) -> (artifact id: '592e9d7240435b10588b4135997b1db8') in 0.124932167 seconds
Number of updated asset objects reloaded before import = 0Number of asset objects unloaded after import = 0

========================================================================
Received Import Request.
  Time since last request: 0.000097 seconds.
  path: Assets/TextMesh Pro/Examples & Extras/Scripts/VertexJitter.cs
  artifactKey: Guid(2ed57967c52645d390a89dcf8f61ba73) Importer(2089858483,b0f066a214c2f5e87bad3c948f4d605d)
Start importing Assets/TextMesh Pro/Examples & Extras/Scripts/VertexJitter.cs using Guid(2ed57967c52645d390a89dcf8f61ba73) Importer(2089858483,b0f066a214c2f5e87bad3c948f4d605d) (ScriptedImporter) -> (artifact id: 'd1e5b5c59c27f73c3fdda3b925330c45') in 0.00338175 seconds
Number of updated asset objects reloaded before import = 0Number of asset objects unloaded after import = 0

========================================================================
Received Import Request.
  Time since last request: 0.000055 seconds.
  path: Assets/TextMesh Pro/Examples & Extras/Scripts/TMP_PhoneNumberValidator.cs
  artifactKey: Guid(83680ab1a69f4102ac67d1459fe76e1f) Importer(2089858483,b0f066a214c2f5e87bad3c948f4d605d)
Start importing Assets/TextMesh Pro/Examples & Extras/Scripts/TMP_PhoneNumberValidator.cs using Guid(83680ab1a69f4102ac67d1459fe76e1f) Importer(2089858483,b0f066a214c2f5e87bad3c948f4d605d) (ScriptedImporter) -> (artifact id: 'fa5b115cad70eacd32058ff1ece57570') in 0.004341 seconds
Number of updated asset objects reloaded before import = 0Number of asset objects unloaded after import = 0

========================================================================
Received Import Request.
  Time since last request: 0.000062 seconds.
  path: Assets/TextMesh Pro/Examples & Extras/Fonts/Bangers.ttf
  artifactKey: Guid(5dd49b3eacc540408c98eee0de38e0f1) Importer(2089858483,b0f066a214c2f5e87bad3c948f4d605d)
Start importing Assets/TextMesh Pro/Examples & Extras/Fonts/Bangers.ttf using Guid(5dd49b3eacc540408c98eee0de38e0f1) Importer(2089858483,b0f066a214c2f5e87bad3c948f4d605d) (ScriptedImporter) -> (artifact id: '0427cf68dbdbf0729a27506f4fce2329') in 0.017828208 seconds
Number of updated asset objects reloaded before import = 0Number of asset objects unloaded after import = 3

========================================================================
Received Import Request.
  Time since last request: 0.000159 seconds.
  path: Assets/TextMesh Pro/Examples & Extras/Scripts/VertexShakeB.cs
  artifactKey: Guid(e4e0d9ccee5f4950be8979268c9014e0) Importer(2089858483,b0f066a214c2f5e87bad3c948f4d605d)
Start importing Assets/TextMesh Pro/Examples & Extras/Scripts/VertexShakeB.cs using Guid(e4e0d9ccee5f4950be8979268c9014e0) Importer(2089858483,b0f066a214c2f5e87bad3c948f4d605d) (ScriptedImporter) -> (artifact id: 'ca1a76667200a63559d3bbee00aff919') in 0.003114708 seconds
Number of updated asset objects reloaded before import = 0Number of asset objects unloaded after import = 0

========================================================================
Received Import Request.
  Time since last request: 0.000082 seconds.
  path: Assets/TextMesh Pro/Examples & Extras/Scripts/TeleType.cs
  artifactKey: Guid(e32c266ee6204b21a427753cb0694c81) Importer(2089858483,b0f066a214c2f5e87bad3c948f4d605d)
Start importing Assets/TextMesh Pro/Examples & Extras/Scripts/TeleType.cs using Guid(e32c266ee6204b21a427753cb0694c81) Importer(2089858483,b0f066a214c2f5e87bad3c948f4d605d) (ScriptedImporter) -> (artifact id: '9f601157c8f1e196bb77e722234948f7') in 0.005458042 seconds
Number of updated asset objects reloaded before import = 0Number of asset objects unloaded after import = 0

========================================================================
Received Import Request.
  Time since last request: 0.000084 seconds.
  path: Assets/TextMesh Pro/Examples & Extras/Resources/Color Gradient Presets/Light to Dark Green - Vertical.asset
  artifactKey: Guid(5cf8ae092ca54931b443bec5148f3c59) Importer(2089858483,b0f066a214c2f5e87bad3c948f4d605d)
Start importing Assets/TextMesh Pro/Examples & Extras/Resources/Color Gradient Presets/Light to Dark Green - Vertical.asset using Guid(5cf8ae092ca54931b443bec5148f3c59) Importer(2089858483,b0f066a214c2f5e87bad3c948f4d605d) (ScriptedImporter) -> (artifact id: '04ab673d7bb116e4aaceeb08454535b7') in 0.058980583 seconds
Number of updated asset objects reloaded before import = 0Number of asset objects unloaded after import = 1

========================================================================
Received Import Request.
  Time since last request: 0.000079 seconds.
  path: Assets/TextMesh Pro/Examples & Extras/Resources
  artifactKey: Guid(d6d3a169ad794942a21da6a552d62f6f) Importer(2089858483,b0f066a214c2f5e87bad3c948f4d605d)
Start importing Assets/TextMesh Pro/Examples & Extras/Resources using Guid(d6d3a169ad794942a21da6a552d62f6f) Importer(2089858483,b0f066a214c2f5e87bad3c948f4d605d) (ScriptedImporter) -> (artifact id: '07ef4846b63bb0e3dd35d9f19a0aa386') in 0.003037333 seconds
Number of updated asset objects reloaded before import = 0Number of asset objects unloaded after import = 1

========================================================================
Received Import Request.
  Time since last request: 0.000058 seconds.
  path: Assets/TextMesh Pro/Examples & Extras/Resources/Color Gradient Presets/Yellow to Orange - Vertical.asset
  artifactKey: Guid(69a525efa7e6472eab268f6ea605f06e) Importer(2089858483,b0f066a214c2f5e87bad3c948f4d605d)
Start importing Assets/TextMesh Pro/Examples & Extras/Resources/Color Gradient Presets/Yellow to Orange - Vertical.asset using Guid(69a525efa7e6472eab268f6ea605f06e) Importer(2089858483,b0f066a214c2f5e87bad3c948f4d605d) (ScriptedImporter) -> (artifact id: '2f22b9506c138b82145675cf70b95fbc') in 0.003313458 seconds
Number of updated asset objects reloaded before import = 0Number of asset objects unloaded after import = 1

========================================================================
Received Import Request.
  Time since last request: 0.000066 seconds.
  path: Assets/TextMesh Pro/Examples & Extras/Scenes/26 - Dropdown Placeholder Example.unity
  artifactKey: Guid(0851605490a599b46b6ac5cb681d93ea) Importer(2089858483,b0f066a214c2f5e87bad3c948f4d605d)
Start importing Assets/TextMesh Pro/Examples & Extras/Scenes/26 - Dropdown Placeholder Example.unity using Guid(0851605490a599b46b6ac5cb681d93ea) Importer(2089858483,b0f066a214c2f5e87bad3c948f4d605d) (ScriptedImporter) -> (artifact id: '95f3bc820322fa9fc32e9f9b11f5a244') in 0.006736 seconds
Number of updated asset objects reloaded before import = 0Number of asset objects unloaded after import = 1

========================================================================
Received Import Request.
  Time since last request: 0.000081 seconds.
  path: Assets/TextMesh Pro/Examples & Extras/Resources/Sprite Assets
  artifactKey: Guid(3ac6db30e75b49b282a3564110579f27) Importer(2089858483,b0f066a214c2f5e87bad3c948f4d605d)
Start importing Assets/TextMesh Pro/Examples & Extras/Resources/Sprite Assets using Guid(3ac6db30e75b49b282a3564110579f27) Importer(2089858483,b0f066a214c2f5e87bad3c948f4d605d) (ScriptedImporter) -> (artifact id: '01869fc5f4ee9e760756a18ecb8c2f7c') in 0.002748291 seconds
Number of updated asset objects reloaded before import = 0Number of asset objects unloaded after import = 1

========================================================================
Received Import Request.
  Time since last request: 0.000064 seconds.
  path: Assets/TextMesh Pro/Examples & Extras/Resources/Fonts & Materials/Roboto-Bold SDF - Drop Shadow.mat
  artifactKey: Guid(b246c4190f4e46ec9352fe15a7b09ce0) Importer(2089858483,b0f066a214c2f5e87bad3c948f4d605d)
Start importing Assets/TextMesh Pro/Examples & Extras/Resources/Fonts & Materials/Roboto-Bold SDF - Drop Shadow.mat using Guid(b246c4190f4e46ec9352fe15a7b09ce0) Importer(2089858483,b0f066a214c2f5e87bad3c948f4d605d) (ScriptedImporter) -> (artifact id: 'fed72d59bd9a68c980bfe6382844cc4d') in 0.005311584 seconds
Number of updated asset objects reloaded before import = 0Number of asset objects unloaded after import = 3

========================================================================
Received Import Request.
  Time since last request: 0.000082 seconds.
  path: Assets/TextMesh Pro/Examples & Extras/Scripts/ObjectSpin.cs
  artifactKey: Guid(4f19c7f94c794c5097d8bd11e39c750d) Importer(2089858483,b0f066a214c2f5e87bad3c948f4d605d)
Start importing Assets/TextMesh Pro/Examples & Extras/Scripts/ObjectSpin.cs using Guid(4f19c7f94c794c5097d8bd11e39c750d) Importer(2089858483,b0f066a214c2f5e87bad3c948f4d605d) (ScriptedImporter) -> (artifact id: '1bcd0850aaa357b647cc2f8ec8984751') in 0.002712917 seconds
Number of updated asset objects reloaded before import = 0Number of asset objects unloaded after import = 0

========================================================================
Received Import Request.
  Time since last request: 0.000094 seconds.
  path: Assets/TextMesh Pro/Examples & Extras/Textures/Small Crate_diffuse.jpg
  artifactKey: Guid(602cb87b6a29443b8636370ea0751574) Importer(2089858483,b0f066a214c2f5e87bad3c948f4d605d)
Start importing Assets/TextMesh Pro/Examples & Extras/Textures/Small Crate_diffuse.jpg using Guid(602cb87b6a29443b8636370ea0751574) Importer(2089858483,b0f066a214c2f5e87bad3c948f4d605d) (ScriptedImporter) -> (artifact id: 'fb1b732c694ec3199accad57131611d0') in 0.011722459 seconds
Number of updated asset objects reloaded before import = 0Number of asset objects unloaded after import = 1

========================================================================
Received Import Request.
  Time since last request: 0.000053 seconds.
  path: Assets/TextMesh Pro/Examples & Extras/Scenes/18 - ScrollRect & Masking & Layout.unity
  artifactKey: Guid(03f9d74cec8e4b94a29d2dfd177c821b) Importer(2089858483,b0f066a214c2f5e87bad3c948f4d605d)
Start importing Assets/TextMesh Pro/Examples & Extras/Scenes/18 - ScrollRect & Masking & Layout.unity using Guid(03f9d74cec8e4b94a29d2dfd177c821b) Importer(2089858483,b0f066a214c2f5e87bad3c948f4d605d) (ScriptedImporter) -> (artifact id: '361df2ec6316c10aa427034f555dfaf5') in 0.008338958 seconds
Number of updated asset objects reloaded before import = 0Number of asset objects unloaded after import = 1

========================================================================
Received Import Request.
  Time since last request: 0.000057 seconds.
  path: Assets/TextMesh Pro/Examples & Extras/Scenes/05 - Style Tags.unity
  artifactKey: Guid(70615243e2be4a81afaab9bf5d273d65) Importer(2089858483,b0f066a214c2f5e87bad3c948f4d605d)
Start importing Assets/TextMesh Pro/Examples & Extras/Scenes/05 - Style Tags.unity using Guid(70615243e2be4a81afaab9bf5d273d65) Importer(2089858483,b0f066a214c2f5e87bad3c948f4d605d) (ScriptedImporter) -> (artifact id: '23f6eef070df525e94d2e8dce4c05e89') in 0.006149083 seconds
Number of updated asset objects reloaded before import = 0Number of asset objects unloaded after import = 1

========================================================================
Received Import Request.
  Time since last request: 0.000071 seconds.
  path: Assets/TextMesh Pro/Examples & Extras/Resources/Fonts & Materials/Bangers SDF - Drop Shadow.mat
  artifactKey: Guid(f2dcf029949142e28b974630369c8b4e) Importer(2089858483,b0f066a214c2f5e87bad3c948f4d605d)
Start importing Assets/TextMesh Pro/Examples & Extras/Resources/Fonts & Materials/Bangers SDF - Drop Shadow.mat using Guid(f2dcf029949142e28b974630369c8b4e) Importer(2089858483,b0f066a214c2f5e87bad3c948f4d605d) (ScriptedImporter) -> (artifact id: 'd8a6abad242ab5e48ec44909bb332231') in 0.008946208 seconds
Number of updated asset objects reloaded before import = 0Number of asset objects unloaded after import = 3

========================================================================
Received Import Request.
  Time since last request: 0.000332 seconds.
  path: Assets/TextMesh Pro/Examples & Extras/Resources/Color Gradient Presets/Dark to Light Green - Vertical.asset
  artifactKey: Guid(4c86a3366cd840348ebe8dc438570ee4) Importer(2089858483,b0f066a214c2f5e87bad3c948f4d605d)
Start importing Assets/TextMesh Pro/Examples & Extras/Resources/Color Gradient Presets/Dark to Light Green - Vertical.asset using Guid(4c86a3366cd840348ebe8dc438570ee4) Importer(2089858483,b0f066a214c2f5e87bad3c948f4d605d) (ScriptedImporter) -> (artifact id: '6dfdea9a0d83a7388a620ac4ce28a763') in 0.005886375 seconds
Number of updated asset objects reloaded before import = 0Number of asset objects unloaded after import = 1

========================================================================
Received Import Request.
  Time since last request: 0.000112 seconds.
  path: Assets/TextMesh Pro/Examples & Extras/Resources/Fonts & Materials/Bangers SDF Logo - URP.mat
  artifactKey: Guid(6751ce1a4611b3940812c13a6847d94f) Importer(2089858483,b0f066a214c2f5e87bad3c948f4d605d)
Start importing Assets/TextMesh Pro/Examples & Extras/Resources/Fonts & Materials/Bangers SDF Logo - URP.mat using Guid(6751ce1a4611b3940812c13a6847d94f) Importer(2089858483,b0f066a214c2f5e87bad3c948f4d605d) (ScriptedImporter) -> (artifact id: '9feb4be6bd8df9cbcc84adf9d9a6a049') in 0.017099334 seconds
Number of updated asset objects reloaded before import = 0Number of asset objects unloaded after import = 4

========================================================================
Received Import Request.
  Time since last request: 0.000087 seconds.
  path: Assets/TextMesh Pro/Examples & Extras/Fonts/Roboto-Bold.ttf
  artifactKey: Guid(4beb055f07aaff244873dec698d0363e) Importer(2089858483,b0f066a214c2f5e87bad3c948f4d605d)
Start importing Assets/TextMesh Pro/Examples & Extras/Fonts/Roboto-Bold.ttf using Guid(4beb055f07aaff244873dec698d0363e) Importer(2089858483,b0f066a214c2f5e87bad3c948f4d605d) (ScriptedImporter) -> (artifact id: '0332b718cb589bfd0a072a5e79307182') in 0.011446083 seconds
Number of updated asset objects reloaded before import = 0Number of asset objects unloaded after import = 3

========================================================================
Received Import Request.
  Time since last request: 0.000059 seconds.
  path: Assets/TextMesh Pro/Examples & Extras/Scripts/TMP_TextSelector_B.cs
  artifactKey: Guid(a05dcd8be7ec4ccbb35c26219884aa37) Importer(2089858483,b0f066a214c2f5e87bad3c948f4d605d)
Start importing Assets/TextMesh Pro/Examples & Extras/Scripts/TMP_TextSelector_B.cs using Guid(a05dcd8be7ec4ccbb35c26219884aa37) Importer(2089858483,b0f066a214c2f5e87bad3c948f4d605d) (ScriptedImporter) -> (artifact id: '0ab5e0d419956626537f8d6ce2c1e7e6') in 0.0031845 seconds
Number of updated asset objects reloaded before import = 0Number of asset objects unloaded after import = 0

========================================================================
Received Import Request.
  Time since last request: 0.000090 seconds.
  path: Assets/TextMesh Pro/Examples & Extras/Resources/Fonts & Materials/Electronic Highway Sign SDF.asset
  artifactKey: Guid(dc36b3fdc14f47ebb36fd484a67e268a) Importer(2089858483,b0f066a214c2f5e87bad3c948f4d605d)
Start importing Assets/TextMesh Pro/Examples & Extras/Resources/Fonts & Materials/Electronic Highway Sign SDF.asset using Guid(dc36b3fdc14f47ebb36fd484a67e268a) Importer(2089858483,b0f066a214c2f5e87bad3c948f4d605d) (ScriptedImporter) -> (artifact id: '6c4ef2df6ef1b7e531659fbd51e0b6f0') in 0.045443708 seconds
Number of updated asset objects reloaded before import = 0Number of asset objects unloaded after import = 6

========================================================================
Received Import Request.
  Time since last request: 0.000058 seconds.
  path: Assets/TextMesh Pro/Examples & Extras
  artifactKey: Guid(ce51c8e33b734b4db6086586558c53a3) Importer(2089858483,b0f066a214c2f5e87bad3c948f4d605d)
Start importing Assets/TextMesh Pro/Examples & Extras using Guid(ce51c8e33b734b4db6086586558c53a3) Importer(2089858483,b0f066a214c2f5e87bad3c948f4d605d) (ScriptedImporter) -> (artifact id: '731155077265d055b5771ff2b2a2121d') in 0.003603584 seconds
Number of updated asset objects reloaded before import = 0Number of asset objects unloaded after import = 1

========================================================================
Received Import Request.
  Time since last request: 0.000062 seconds.
  path: Assets/TextMesh Pro/Examples & Extras/Scenes/01-  Single Line TextMesh Pro.unity
  artifactKey: Guid(2ac8cf212df6445e8aebbe3cb832e993) Importer(2089858483,b0f066a214c2f5e87bad3c948f4d605d)
Start importing Assets/TextMesh Pro/Examples & Extras/Scenes/01-  Single Line TextMesh Pro.unity using Guid(2ac8cf212df6445e8aebbe3cb832e993) Importer(2089858483,b0f066a214c2f5e87bad3c948f4d605d) (ScriptedImporter) -> (artifact id: 'ad588546d3c74a34dfc73263c65242ad') in 0.006658708 seconds
Number of updated asset objects reloaded before import = 0Number of asset objects unloaded after import = 1

========================================================================
Received Import Request.
  Time since last request: 0.000128 seconds.
  path: Assets/TextMesh Pro/Examples & Extras/Scenes/09 - Margin Tag Example.unity
  artifactKey: Guid(349f38d3606449708c7340d26740e1e2) Importer(2089858483,b0f066a214c2f5e87bad3c948f4d605d)
Start importing Assets/TextMesh Pro/Examples & Extras/Scenes/09 - Margin Tag Example.unity using Guid(349f38d3606449708c7340d26740e1e2) Importer(2089858483,b0f066a214c2f5e87bad3c948f4d605d) (ScriptedImporter) -> (artifact id: 'bfc307a31632af2fbefb8a986420c847') in 0.004569208 seconds
Number of updated asset objects reloaded before import = 0Number of asset objects unloaded after import = 1

========================================================================
Received Import Request.
  Time since last request: 0.000042 seconds.
  path: Assets/TextMesh Pro/Examples & Extras/Sprites/DropCap Numbers.psd
  artifactKey: Guid(fd09957580ac4326916010f1f260975b) Importer(2089858483,b0f066a214c2f5e87bad3c948f4d605d)
Start importing Assets/TextMesh Pro/Examples & Extras/Sprites/DropCap Numbers.psd using Guid(fd09957580ac4326916010f1f260975b) Importer(2089858483,b0f066a214c2f5e87bad3c948f4d605d) (ScriptedImporter) -> (artifact id: 'fa89c64893bc5a1ed4f452900cbdcecd') in 0.016243834 seconds
Number of updated asset objects reloaded before import = 0Number of asset objects unloaded after import = 1

========================================================================
Received Import Request.
  Time since last request: 0.000175 seconds.
  path: Assets/TextMesh Pro/Examples & Extras/Scripts/TextConsoleSimulator.cs
  artifactKey: Guid(43bcd35a1c0c40ccb6d472893fe2093f) Importer(2089858483,b0f066a214c2f5e87bad3c948f4d605d)
Start importing Assets/TextMesh Pro/Examples & Extras/Scripts/TextConsoleSimulator.cs using Guid(43bcd35a1c0c40ccb6d472893fe2093f) Importer(2089858483,b0f066a214c2f5e87bad3c948f4d605d) (ScriptedImporter) -> (artifact id: '06a5987abf2d6e87ca2fc1f39b01f513') in 0.004128958 seconds
Number of updated asset objects reloaded before import = 0Number of asset objects unloaded after import = 0

========================================================================
Received Import Request.
  Time since last request: 0.000079 seconds.
  path: Assets/TextMesh Pro/Examples & Extras/Scripts/SkewTextExample.cs
  artifactKey: Guid(d412675cfb3441efa3bf8dcd9b7624dc) Importer(2089858483,b0f066a214c2f5e87bad3c948f4d605d)
Start importing Assets/TextMesh Pro/Examples & Extras/Scripts/SkewTextExample.cs using Guid(d412675cfb3441efa3bf8dcd9b7624dc) Importer(2089858483,b0f066a214c2f5e87bad3c948f4d605d) (ScriptedImporter) -> (artifact id: '768565f8e78d21c6909a82fd56573157') in 0.004025459 seconds
Number of updated asset objects reloaded before import = 0Number of asset objects unloaded after import = 0

========================================================================
Received Import Request.
  Time since last request: 0.000071 seconds.
  path: Assets/TextMesh Pro/Examples & Extras/Fonts/Oswald-Bold.ttf
  artifactKey: Guid(c9f6d0e7bc8541498c9a4799ba184ede) Importer(2089858483,b0f066a214c2f5e87bad3c948f4d605d)
Start importing Assets/TextMesh Pro/Examples & Extras/Fonts/Oswald-Bold.ttf using Guid(c9f6d0e7bc8541498c9a4799ba184ede) Importer(2089858483,b0f066a214c2f5e87bad3c948f4d605d) (ScriptedImporter) -> (artifact id: 'b196971072e67e5402d3352702af1b7e') in 0.007199917 seconds
Number of updated asset objects reloaded before import = 0Number of asset objects unloaded after import = 3

========================================================================
Received Import Request.
  Time since last request: 0.000125 seconds.
  path: Assets/TextMesh Pro/Examples & Extras/Textures/Brushed Metal 3.jpg
  artifactKey: Guid(f88677df267a41d6be1e7a6133e7d227) Importer(2089858483,b0f066a214c2f5e87bad3c948f4d605d)
Start importing Assets/TextMesh Pro/Examples & Extras/Textures/Brushed Metal 3.jpg using Guid(f88677df267a41d6be1e7a6133e7d227) Importer(2089858483,b0f066a214c2f5e87bad3c948f4d605d) (ScriptedImporter) -> (artifact id: 'eb2724b9ff33a13a9b2f4cef3607aa40') in 0.008296542 seconds
Number of updated asset objects reloaded before import = 0Number of asset objects unloaded after import = 1

========================================================================
Received Import Request.
  Time since last request: 0.000057 seconds.
  path: Assets/TextMesh Pro/Examples & Extras/Textures/Floor Cement.jpg
  artifactKey: Guid(283f897e4925411ebbaa758b4cb13fc2) Importer(2089858483,b0f066a214c2f5e87bad3c948f4d605d)
Start importing Assets/TextMesh Pro/Examples & Extras/Textures/Floor Cement.jpg using Guid(283f897e4925411ebbaa758b4cb13fc2) Importer(2089858483,b0f066a214c2f5e87bad3c948f4d605d) (ScriptedImporter) -> (artifact id: '788bc8c1d293c7038b3a2456c1830ae2') in 0.007301917 seconds
Number of updated asset objects reloaded before import = 0Number of asset objects unloaded after import = 1

========================================================================
Received Import Request.
  Time since last request: 0.000218 seconds.
  path: Assets/TextMesh Pro/Examples & Extras/Prefabs
  artifactKey: Guid(5bff2544887143f5807c7d5059d07f79) Importer(2089858483,b0f066a214c2f5e87bad3c948f4d605d)
Start importing Assets/TextMesh Pro/Examples & Extras/Prefabs using Guid(5bff2544887143f5807c7d5059d07f79) Importer(2089858483,b0f066a214c2f5e87bad3c948f4d605d) (ScriptedImporter) -> (artifact id: 'ff5b2cb9e072154f90c4c25e4c69b780') in 0.004467833 seconds
Number of updated asset objects reloaded before import = 0Number of asset objects unloaded after import = 1

========================================================================
Received Import Request.
  Time since last request: 0.000069 seconds.
  path: Assets/TextMesh Pro/Examples & Extras/Fonts/Bangers - OFL.txt
  artifactKey: Guid(efe0bf4ac872451e91612d1ae593f480) Importer(2089858483,b0f066a214c2f5e87bad3c948f4d605d)
Start importing Assets/TextMesh Pro/Examples & Extras/Fonts/Bangers - OFL.txt using Guid(efe0bf4ac872451e91612d1ae593f480) Importer(2089858483,b0f066a214c2f5e87bad3c948f4d605d) (ScriptedImporter) -> (artifact id: '704b053b29332e7429cc68bb27b69a88') in 0.006557541 seconds
Number of updated asset objects reloaded before import = 0Number of asset objects unloaded after import = 1

========================================================================
Received Import Request.
  Time since last request: 0.000192 seconds.
  path: Assets/TextMesh Pro/Examples & Extras/Scenes/28 - HDRP Shader Example.unity
  artifactKey: Guid(eea2b7206368b444e84fbec4ec32b64a) Importer(2089858483,b0f066a214c2f5e87bad3c948f4d605d)
Start importing Assets/TextMesh Pro/Examples & Extras/Scenes/28 - HDRP Shader Example.unity using Guid(eea2b7206368b444e84fbec4ec32b64a) Importer(2089858483,b0f066a214c2f5e87bad3c948f4d605d) (ScriptedImporter) -> (artifact id: '7c12c2dfe16829a8e0d267861b191603') in 0.006503542 seconds
Number of updated asset objects reloaded before import = 0Number of asset objects unloaded after import = 1

========================================================================
Received Import Request.
  Time since last request: 0.000041 seconds.
  path: Assets/TextMesh Pro/Examples & Extras/Scenes/21 - Script Example.unity
  artifactKey: Guid(50f52f9274434ecfb34dd87f0836f323) Importer(2089858483,b0f066a214c2f5e87bad3c948f4d605d)
Start importing Assets/TextMesh Pro/Examples & Extras/Scenes/21 - Script Example.unity using Guid(50f52f9274434ecfb34dd87f0836f323) Importer(2089858483,b0f066a214c2f5e87bad3c948f4d605d) (ScriptedImporter) -> (artifact id: '5d6187573428d3677dd3760e55031dfd') in 0.005422541 seconds
Number of updated asset objects reloaded before import = 0Number of asset objects unloaded after import = 1

========================================================================
Received Import Request.
  Time since last request: 0.000075 seconds.
  path: Assets/TextMesh Pro/Examples & Extras/Textures/Gradient Diagonal (Color).jpg
  artifactKey: Guid(2ce5c55e85304b819a1826ecbc839aa5) Importer(2089858483,b0f066a214c2f5e87bad3c948f4d605d)
Start importing Assets/TextMesh Pro/Examples & Extras/Textures/Gradient Diagonal (Color).jpg using Guid(2ce5c55e85304b819a1826ecbc839aa5) Importer(2089858483,b0f066a214c2f5e87bad3c948f4d605d) (ScriptedImporter) -> (artifact id: 'b0ac1ff332ffb271ee0239fe63228a00') in 0.008788208 seconds
Number of updated asset objects reloaded before import = 0Number of asset objects unloaded after import = 1

========================================================================
Received Import Request.
  Time since last request: 0.000053 seconds.
  path: Assets/TextMesh Pro/Examples & Extras/Scenes/22 - Basic Scripting Example.unity
  artifactKey: Guid(6250f98e58fe4abbaada5d84b7ca846d) Importer(2089858483,b0f066a214c2f5e87bad3c948f4d605d)
Start importing Assets/TextMesh Pro/Examples & Extras/Scenes/22 - Basic Scripting Example.unity using Guid(6250f98e58fe4abbaada5d84b7ca846d) Importer(2089858483,b0f066a214c2f5e87bad3c948f4d605d) (ScriptedImporter) -> (artifact id: '917c744643a33169287171e422b07f41') in 0.007752917 seconds
Number of updated asset objects reloaded before import = 0Number of asset objects unloaded after import = 1

========================================================================
Received Import Request.
  Time since last request: 0.000087 seconds.
  path: Assets/TextMesh Pro/Examples & Extras/Scripts/TMP_TextEventCheck.cs
  artifactKey: Guid(d736ce056cf444ca96e424f4d9c42b76) Importer(2089858483,b0f066a214c2f5e87bad3c948f4d605d)
Start importing Assets/TextMesh Pro/Examples & Extras/Scripts/TMP_TextEventCheck.cs using Guid(d736ce056cf444ca96e424f4d9c42b76) Importer(2089858483,b0f066a214c2f5e87bad3c948f4d605d) (ScriptedImporter) -> (artifact id: 'aa5d91ed267d9a3c5d482138f049aebb') in 0.006889916 seconds
Number of updated asset objects reloaded before import = 0Number of asset objects unloaded after import = 0

========================================================================
Received Import Request.
  Time since last request: 0.000107 seconds.
  path: Assets/TextMesh Pro/Examples & Extras/Scripts/TMP_ExampleScript_01.cs
  artifactKey: Guid(6f2c5b59b6874405865e2616e4ec276a) Importer(2089858483,b0f066a214c2f5e87bad3c948f4d605d)
Start importing Assets/TextMesh Pro/Examples & Extras/Scripts/TMP_ExampleScript_01.cs using Guid(6f2c5b59b6874405865e2616e4ec276a) Importer(2089858483,b0f066a214c2f5e87bad3c948f4d605d) (ScriptedImporter) -> (artifact id: '01fa6b115a98cddc488f253609a1ecc1') in 0.007263458 seconds
Number of updated asset objects reloaded before import = 0Number of asset objects unloaded after import = 0

========================================================================
Received Import Request.
  Time since last request: 0.000071 seconds.
  path: Assets/TextMesh Pro/Examples & Extras/Scripts/Benchmark01_UGUI.cs
  artifactKey: Guid(8ef7be1c625941f7ba8ed7cc71718c0d) Importer(2089858483,b0f066a214c2f5e87bad3c948f4d605d)
Start importing Assets/TextMesh Pro/Examples & Extras/Scripts/Benchmark01_UGUI.cs using Guid(8ef7be1c625941f7ba8ed7cc71718c0d) Importer(2089858483,b0f066a214c2f5e87bad3c948f4d605d) (ScriptedImporter) -> (artifact id: '435c695546f0227c8a5ab160d862fff4') in 0.007450792 seconds
Number of updated asset objects reloaded before import = 0Number of asset objects unloaded after import = 0

========================================================================
Received Import Request.
  Time since last request: 0.000059 seconds.
  path: Assets/TextMesh Pro/Examples & Extras/Scripts/VertexColorCycler.cs
  artifactKey: Guid(91b8ba3d52e041fab2d0e0f169855539) Importer(2089858483,b0f066a214c2f5e87bad3c948f4d605d)
Start importing Assets/TextMesh Pro/Examples & Extras/Scripts/VertexColorCycler.cs using Guid(91b8ba3d52e041fab2d0e0f169855539) Importer(2089858483,b0f066a214c2f5e87bad3c948f4d605d) (ScriptedImporter) -> (artifact id: '8c02a0a73591ab4261a759ae4c782d54') in 0.005382083 seconds
Number of updated asset objects reloaded before import = 0Number of asset objects unloaded after import = 0

========================================================================
Received Import Request.
  Time since last request: 0.000048 seconds.
  path: Assets/TextMesh Pro/Examples & Extras/Resources/Fonts & Materials/Anton SDF - Sunny Days.mat
  artifactKey: Guid(6522f30e342599e4e9dd4cc2cc03c830) Importer(2089858483,b0f066a214c2f5e87bad3c948f4d605d)
Start importing Assets/TextMesh Pro/Examples & Extras/Resources/Fonts & Materials/Anton SDF - Sunny Days.mat using Guid(6522f30e342599e4e9dd4cc2cc03c830) Importer(2089858483,b0f066a214c2f5e87bad3c948f4d605d) (ScriptedImporter) -> (artifact id: '6551c92bb35d9c56f85f53e505e67bad') in 0.017710333 seconds
Number of updated asset objects reloaded before import = 0Number of asset objects unloaded after import = 6

========================================================================
Received Import Request.
  Time since last request: 0.000605 seconds.
  path: Assets/TextMesh Pro/Examples & Extras/Scripts/ShaderPropAnimator.cs
  artifactKey: Guid(2787a46a4dc848c1b4b7b9307b614bfd) Importer(2089858483,b0f066a214c2f5e87bad3c948f4d605d)
Start importing Assets/TextMesh Pro/Examples & Extras/Scripts/ShaderPropAnimator.cs using Guid(2787a46a4dc848c1b4b7b9307b614bfd) Importer(2089858483,b0f066a214c2f5e87bad3c948f4d605d) (ScriptedImporter) -> (artifact id: 'af1f3372e2f764a6abb53290f8fd0477') in 0.004156709 seconds
Number of updated asset objects reloaded before import = 0Number of asset objects unloaded after import = 0

========================================================================
Received Import Request.
  Time since last request: 0.000056 seconds.
  path: Assets/TextMesh Pro/Examples & Extras/Scenes/28 - HDRP Shader Example
  artifactKey: Guid(a7eaeb4188c60454faf0a41c253b505c) Importer(2089858483,b0f066a214c2f5e87bad3c948f4d605d)
Start importing Assets/TextMesh Pro/Examples & Extras/Scenes/28 - HDRP Shader Example using Guid(a7eaeb4188c60454faf0a41c253b505c) Importer(2089858483,b0f066a214c2f5e87bad3c948f4d605d) (ScriptedImporter) -> (artifact id: 'e4138f8b0a07c8d63655c362e990db43') in 0.00305475 seconds
Number of updated asset objects reloaded before import = 0Number of asset objects unloaded after import = 1

========================================================================
Received Import Request.
  Time since last request: 0.000590 seconds.
  path: Assets/TextMesh Pro/Examples & Extras/Resources/Color Gradient Presets/Blue to Purple - Vertical.asset
  artifactKey: Guid(479a66fa4b094512a62b0a8e553ad95a) Importer(2089858483,b0f066a214c2f5e87bad3c948f4d605d)
Start importing Assets/TextMesh Pro/Examples & Extras/Resources/Color Gradient Presets/Blue to Purple - Vertical.asset using Guid(479a66fa4b094512a62b0a8e553ad95a) Importer(2089858483,b0f066a214c2f5e87bad3c948f4d605d) (ScriptedImporter) -> (artifact id: 'dbf24fe6b509046c8986562cc2e8ac8f') in 0.005745708 seconds
Number of updated asset objects reloaded before import = 0Number of asset objects unloaded after import = 1

========================================================================
Received Import Request.
  Time since last request: 0.000043 seconds.
  path: Assets/TextMesh Pro/Examples & Extras/Scenes/19 - Masking Texture & Soft Mask.unity
  artifactKey: Guid(9abcd5bd764646568a6ea70d00f9264c) Importer(2089858483,b0f066a214c2f5e87bad3c948f4d605d)
Start importing Assets/TextMesh Pro/Examples & Extras/Scenes/19 - Masking Texture & Soft Mask.unity using Guid(9abcd5bd764646568a6ea70d00f9264c) Importer(2089858483,b0f066a214c2f5e87bad3c948f4d605d) (ScriptedImporter) -> (artifact id: 'e18e92751f004ca59dec292341c37c86') in 0.006793875 seconds
Number of updated asset objects reloaded before import = 0Number of asset objects unloaded after import = 1

========================================================================
Received Import Request.
  Time since last request: 0.000066 seconds.
  path: Assets/TextMesh Pro/Examples & Extras/Scripts/EnvMapAnimator.cs
  artifactKey: Guid(a4b6f99e8bc54541bbd149b014ff441c) Importer(2089858483,b0f066a214c2f5e87bad3c948f4d605d)
Start importing Assets/TextMesh Pro/Examples & Extras/Scripts/EnvMapAnimator.cs using Guid(a4b6f99e8bc54541bbd149b014ff441c) Importer(2089858483,b0f066a214c2f5e87bad3c948f4d605d) (ScriptedImporter) -> (artifact id: 'fcf1ecde0249bfbaac958e2161a53dd4') in 0.002656958 seconds
Number of updated asset objects reloaded before import = 0Number of asset objects unloaded after import = 0

========================================================================
Received Import Request.
  Time since last request: 0.000126 seconds.
  path: Assets/TextMesh Pro/Examples & Extras/Scenes
  artifactKey: Guid(db1090641b3241f6995b587eb21637bc) Importer(2089858483,b0f066a214c2f5e87bad3c948f4d605d)
Start importing Assets/TextMesh Pro/Examples & Extras/Scenes using Guid(db1090641b3241f6995b587eb21637bc) Importer(2089858483,b0f066a214c2f5e87bad3c948f4d605d) (ScriptedImporter) -> (artifact id: '8913a78cf30bd7188096f69e2ef510cb') in 0.002053292 seconds
Number of updated asset objects reloaded before import = 0Number of asset objects unloaded after import = 1

========================================================================
Received Import Request.
  Time since last request: 0.000098 seconds.
  path: Assets/TextMesh Pro/Examples & Extras/Scenes/25 - Sunny Days Example.unity
  artifactKey: Guid(f9b4c22e15cff344ba9fc6542a58dd07) Importer(2089858483,b0f066a214c2f5e87bad3c948f4d605d)
Start importing Assets/TextMesh Pro/Examples & Extras/Scenes/25 - Sunny Days Example.unity using Guid(f9b4c22e15cff344ba9fc6542a58dd07) Importer(2089858483,b0f066a214c2f5e87bad3c948f4d605d) (ScriptedImporter) -> (artifact id: '23e4513e2fca959db397cac9fca03df0') in 0.008443875 seconds
Number of updated asset objects reloaded before import = 0Number of asset objects unloaded after import = 1

========================================================================
Received Import Request.
  Time since last request: 0.000120 seconds.
  path: Assets/TextMesh Pro/Examples & Extras/Resources/Fonts & Materials/Roboto-Bold SDF - Surface.mat
  artifactKey: Guid(e6b276ec991f467aa14ef1f3cc665993) Importer(2089858483,b0f066a214c2f5e87bad3c948f4d605d)
Start importing Assets/TextMesh Pro/Examples & Extras/Resources/Fonts & Materials/Roboto-Bold SDF - Surface.mat using Guid(e6b276ec991f467aa14ef1f3cc665993) Importer(2089858483,b0f066a214c2f5e87bad3c948f4d605d) (ScriptedImporter) -> (artifact id: '66c8109d30af5d351d7d1450664b925a') in 0.311785167 seconds
Number of updated asset objects reloaded before import = 0Number of asset objects unloaded after import = 3

========================================================================
Received Import Request.
  Time since last request: 0.000081 seconds.
  path: Assets/TextMesh Pro/Examples & Extras/Resources/Fonts & Materials/Bangers SDF Logo.mat
  artifactKey: Guid(f4e195ac1e204eff960149d1cb34e18c) Importer(2089858483,b0f066a214c2f5e87bad3c948f4d605d)
Start importing Assets/TextMesh Pro/Examples & Extras/Resources/Fonts & Materials/Bangers SDF Logo.mat using Guid(f4e195ac1e204eff960149d1cb34e18c) Importer(2089858483,b0f066a214c2f5e87bad3c948f4d605d) (ScriptedImporter) -> (artifact id: 'bbae6eb746a116e6fdd8401c08607c2a') in 0.036861458 seconds
Number of updated asset objects reloaded before import = 0Number of asset objects unloaded after import = 5

========================================================================
Received Import Request.
  Time since last request: 0.000060 seconds.
  path: Assets/TextMesh Pro/Examples & Extras/Resources/Fonts & Materials/Unity SDF.asset
  artifactKey: Guid(c9adb1f542a93ae489bacfeae21e8394) Importer(2089858483,b0f066a214c2f5e87bad3c948f4d605d)
Start importing Assets/TextMesh Pro/Examples & Extras/Resources/Fonts & Materials/Unity SDF.asset using Guid(c9adb1f542a93ae489bacfeae21e8394) Importer(2089858483,b0f066a214c2f5e87bad3c948f4d605d) (ScriptedImporter) -> (artifact id: 'ee416d8e44e35288d1a5d3cca0e9c1c2') in 0.088303292 seconds
Number of updated asset objects reloaded before import = 0Number of asset objects unloaded after import = 4

========================================================================
Received Import Request.
  Time since last request: 0.000086 seconds.
  path: Assets/TextMesh Pro/Examples & Extras/Textures/Fruit Jelly (B&W).jpg
  artifactKey: Guid(1cdc5b506b1a4a33a53c30669ced1f51) Importer(2089858483,b0f066a214c2f5e87bad3c948f4d605d)
Start importing Assets/TextMesh Pro/Examples & Extras/Textures/Fruit Jelly (B&W).jpg using Guid(1cdc5b506b1a4a33a53c30669ced1f51) Importer(2089858483,b0f066a214c2f5e87bad3c948f4d605d) (ScriptedImporter) -> (artifact id: 'fd51ac1500c04d68f96dff7a9a90404d') in 0.012148583 seconds
Number of updated asset objects reloaded before import = 0Number of asset objects unloaded after import = 1

========================================================================
Received Import Request.
  Time since last request: 0.000112 seconds.
  path: Assets/TextMesh Pro/Examples & Extras/Materials/Crate - Surface Shader Scene.mat
  artifactKey: Guid(e6b9b44320f4448d9d5e0ee634259966) Importer(2089858483,b0f066a214c2f5e87bad3c948f4d605d)
Start importing Assets/TextMesh Pro/Examples & Extras/Materials/Crate - Surface Shader Scene.mat using Guid(e6b9b44320f4448d9d5e0ee634259966) Importer(2089858483,b0f066a214c2f5e87bad3c948f4d605d) (ScriptedImporter) -> (artifact id: '40fc9671579c22d4a62b27ea6536dd58') in 0.047421917 seconds
Number of updated asset objects reloaded before import = 0Number of asset objects unloaded after import = 3

========================================================================
Received Import Request.
  Time since last request: 0.000053 seconds.
  path: Assets/TextMesh Pro/Examples & Extras/Scenes/13 - Soft Hyphenation.unity
  artifactKey: Guid(875684baf40f4d008ce806d03e2a81b2) Importer(2089858483,b0f066a214c2f5e87bad3c948f4d605d)
Start importing Assets/TextMesh Pro/Examples & Extras/Scenes/13 - Soft Hyphenation.unity using Guid(875684baf40f4d008ce806d03e2a81b2) Importer(2089858483,b0f066a214c2f5e87bad3c948f4d605d) (ScriptedImporter) -> (artifact id: '43d458ba720f146106ae118b3870628f') in 0.004936875 seconds
Number of updated asset objects reloaded before import = 0Number of asset objects unloaded after import = 1

========================================================================
Received Import Request.
  Time since last request: 0.000068 seconds.
  path: Assets/TextMesh Pro/Examples & Extras/Scripts/TMPro_InstructionOverlay.cs
  artifactKey: Guid(c3c1afeda5e545e0b19add5373896d2e) Importer(2089858483,b0f066a214c2f5e87bad3c948f4d605d)
Start importing Assets/TextMesh Pro/Examples & Extras/Scripts/TMPro_InstructionOverlay.cs using Guid(c3c1afeda5e545e0b19add5373896d2e) Importer(2089858483,b0f066a214c2f5e87bad3c948f4d605d) (ScriptedImporter) -> (artifact id: '864eb9cca76558400fe50b8d897941fb') in 0.003102584 seconds
Number of updated asset objects reloaded before import = 0Number of asset objects unloaded after import = 0

========================================================================
Received Import Request.
  Time since last request: 0.000601 seconds.
  path: Assets/TextMesh Pro/Examples & Extras/Sprites
  artifactKey: Guid(701e577af2ba48b689972d42efb95456) Importer(2089858483,b0f066a214c2f5e87bad3c948f4d605d)
Start importing Assets/TextMesh Pro/Examples & Extras/Sprites using Guid(701e577af2ba48b689972d42efb95456) Importer(2089858483,b0f066a214c2f5e87bad3c948f4d605d) (ScriptedImporter) -> (artifact id: 'c3ffd9e427ab8e375660ed9e83078d5e') in 0.003705209 seconds
Number of updated asset objects reloaded before import = 0Number of asset objects unloaded after import = 1

========================================================================
Received Import Request.
  Time since last request: 0.000041 seconds.
  path: Assets/TextMesh Pro/Examples & Extras/Scenes/07 - Superscript & Subscript Example.unity
  artifactKey: Guid(03ec435d4b7140e9b2d87f79136d8374) Importer(2089858483,b0f066a214c2f5e87bad3c948f4d605d)
Start importing Assets/TextMesh Pro/Examples & Extras/Scenes/07 - Superscript & Subscript Example.unity using Guid(03ec435d4b7140e9b2d87f79136d8374) Importer(2089858483,b0f066a214c2f5e87bad3c948f4d605d) (ScriptedImporter) -> (artifact id: '6af26d7b936e00655d32005ce7b519d9') in 0.003641208 seconds
Number of updated asset objects reloaded before import = 0Number of asset objects unloaded after import = 1

========================================================================
Received Import Request.
  Time since last request: 0.000104 seconds.
  path: Assets/TextMesh Pro/Examples & Extras/Scenes/24 - Surface Shader Example.unity
  artifactKey: Guid(8c4969fd8ba94a68b07cf11f3e7a5137) Importer(2089858483,b0f066a214c2f5e87bad3c948f4d605d)
Start importing Assets/TextMesh Pro/Examples & Extras/Scenes/24 - Surface Shader Example.unity using Guid(8c4969fd8ba94a68b07cf11f3e7a5137) Importer(2089858483,b0f066a214c2f5e87bad3c948f4d605d) (ScriptedImporter) -> (artifact id: '971ca5657c9f553cc4c07418ba16cdf5') in 0.006504875 seconds
Number of updated asset objects reloaded before import = 0Number of asset objects unloaded after import = 1

========================================================================
Received Import Request.
  Time since last request: 0.000100 seconds.
  path: Assets/TextMesh Pro/Examples & Extras/Scenes/23 - Animating Vertex Attributes.unity
  artifactKey: Guid(54e994244b4b467e8583cf2da6dcc716) Importer(2089858483,b0f066a214c2f5e87bad3c948f4d605d)
Start importing Assets/TextMesh Pro/Examples & Extras/Scenes/23 - Animating Vertex Attributes.unity using Guid(54e994244b4b467e8583cf2da6dcc716) Importer(2089858483,b0f066a214c2f5e87bad3c948f4d605d) (ScriptedImporter) -> (artifact id: 'b46892daefcacde28408022d6a2b3aaa') in 0.003321458 seconds
Number of updated asset objects reloaded before import = 0Number of asset objects unloaded after import = 1

========================================================================
Received Import Request.
  Time since last request: 0.000045 seconds.
  path: Assets/TextMesh Pro/Examples & Extras/Textures
  artifactKey: Guid(6e5c6d5e25574122a7a12dbdbbeed156) Importer(2089858483,b0f066a214c2f5e87bad3c948f4d605d)
Start importing Assets/TextMesh Pro/Examples & Extras/Textures using Guid(6e5c6d5e25574122a7a12dbdbbeed156) Importer(2089858483,b0f066a214c2f5e87bad3c948f4d605d) (ScriptedImporter) -> (artifact id: 'ace2fe9128b09597f5f1d8b7ff1658f2') in 0.001893833 seconds
Number of updated asset objects reloaded before import = 0Number of asset objects unloaded after import = 1

========================================================================
Received Import Request.
  Time since last request: 0.000069 seconds.
  path: Assets/TextMesh Pro/Examples & Extras/Fonts/Unity.ttf
  artifactKey: Guid(f4eec857a4fdf2f43be0e9f3d1a984e7) Importer(2089858483,b0f066a214c2f5e87bad3c948f4d605d)
Start importing Assets/TextMesh Pro/Examples & Extras/Fonts/Unity.ttf using Guid(f4eec857a4fdf2f43be0e9f3d1a984e7) Importer(2089858483,b0f066a214c2f5e87bad3c948f4d605d) (ScriptedImporter) -> (artifact id: 'ec4c6f4064e3781b6fbcf831d782cd95') in 0.005064916 seconds
Number of updated asset objects reloaded before import = 0Number of asset objects unloaded after import = 3

========================================================================
Received Import Request.
  Time since last request: 0.000149 seconds.
  path: Assets/TextMesh Pro/Examples & Extras/Resources/Fonts & Materials
  artifactKey: Guid(4f1e85c79acf49968737939ce8b445c7) Importer(2089858483,b0f066a214c2f5e87bad3c948f4d605d)
Start importing Assets/TextMesh Pro/Examples & Extras/Resources/Fonts & Materials using Guid(4f1e85c79acf49968737939ce8b445c7) Importer(2089858483,b0f066a214c2f5e87bad3c948f4d605d) (ScriptedImporter) -> (artifact id: '76a7b8b34f97df030271cfa8c696e300') in 0.002435 seconds
Number of updated asset objects reloaded before import = 0Number of asset objects unloaded after import = 1

========================================================================
Received Import Request.
  Time since last request: 0.000082 seconds.
  path: Assets/TextMesh Pro/Examples & Extras/Textures/Mask Zig-n-Zag.psd
  artifactKey: Guid(bb8dfcd263ad4eb383a33d74a720be6f) Importer(2089858483,b0f066a214c2f5e87bad3c948f4d605d)
Start importing Assets/TextMesh Pro/Examples & Extras/Textures/Mask Zig-n-Zag.psd using Guid(bb8dfcd263ad4eb383a33d74a720be6f) Importer(2089858483,b0f066a214c2f5e87bad3c948f4d605d) (ScriptedImporter) -> (artifact id: '66dcf24dc9e3e9bfa1a3e3d58ca038ee') in 0.007726834 seconds
Number of updated asset objects reloaded before import = 0Number of asset objects unloaded after import = 1

========================================================================
Received Import Request.
  Time since last request: 0.000064 seconds.
  path: Assets/TextMesh Pro/Examples & Extras/Resources/Fonts & Materials/Roboto-Bold SDF.asset
  artifactKey: Guid(5302535af1044152a457ed104f1f4b91) Importer(2089858483,b0f066a214c2f5e87bad3c948f4d605d)
Start importing Assets/TextMesh Pro/Examples & Extras/Resources/Fonts & Materials/Roboto-Bold SDF.asset using Guid(5302535af1044152a457ed104f1f4b91) Importer(2089858483,b0f066a214c2f5e87bad3c948f4d605d) (ScriptedImporter) -> (artifact id: '9be1bd89699a9c500c02df8cf8ce8f35') in 0.012447125 seconds
Number of updated asset objects reloaded before import = 0Number of asset objects unloaded after import = 6

========================================================================
Received Import Request.
  Time since last request: 0.000089 seconds.
  path: Assets/TextMesh Pro/Examples & Extras/Fonts/Electronic Highway Sign.TTF
  artifactKey: Guid(8a2b9e2a607dd2143b58c44bc32410b4) Importer(2089858483,b0f066a214c2f5e87bad3c948f4d605d)
Start importing Assets/TextMesh Pro/Examples & Extras/Fonts/Electronic Highway Sign.TTF using Guid(8a2b9e2a607dd2143b58c44bc32410b4) Importer(2089858483,b0f066a214c2f5e87bad3c948f4d605d) (ScriptedImporter) -> (artifact id: '296adb30cd7f6a2732b9fec6ca62bfa6') in 0.004308625 seconds
Number of updated asset objects reloaded before import = 0Number of asset objects unloaded after import = 3

========================================================================
Received Import Request.
  Time since last request: 0.000094 seconds.
  path: Assets/TextMesh Pro/Examples & Extras/Scenes/04 - Word Wrapping.unity
  artifactKey: Guid(8f7137eacd7042d5b17ef0efe5e744f5) Importer(2089858483,b0f066a214c2f5e87bad3c948f4d605d)
Start importing Assets/TextMesh Pro/Examples & Extras/Scenes/04 - Word Wrapping.unity using Guid(8f7137eacd7042d5b17ef0efe5e744f5) Importer(2089858483,b0f066a214c2f5e87bad3c948f4d605d) (ScriptedImporter) -> (artifact id: 'f20a5d047a979159ccc63ad6becb2d47') in 0.004648583 seconds
Number of updated asset objects reloaded before import = 0Number of asset objects unloaded after import = 1

========================================================================
Received Import Request.
  Time since last request: 0.000058 seconds.
  path: Assets/TextMesh Pro/Examples & Extras/Textures/Gradient Vertical (Color).jpg
  artifactKey: Guid(03d0538de6e24c0f819bfc9ce084dfa9) Importer(2089858483,b0f066a214c2f5e87bad3c948f4d605d)
Start importing Assets/TextMesh Pro/Examples & Extras/Textures/Gradient Vertical (Color).jpg using Guid(03d0538de6e24c0f819bfc9ce084dfa9) Importer(2089858483,b0f066a214c2f5e87bad3c948f4d605d) (ScriptedImporter) -> (artifact id: '932a45e9b0f9847a4c76e6adb6013180') in 0.0064535 seconds
Number of updated asset objects reloaded before import = 0Number of asset objects unloaded after import = 1

========================================================================
Received Import Request.
  Time since last request: 0.000051 seconds.
  path: Assets/TextMesh Pro/Examples & Extras/Scenes/11 - The Style Tag.unity
  artifactKey: Guid(84ed36ad77dd4956b2ffe3769f759879) Importer(2089858483,b0f066a214c2f5e87bad3c948f4d605d)
Start importing Assets/TextMesh Pro/Examples & Extras/Scenes/11 - The Style Tag.unity using Guid(84ed36ad77dd4956b2ffe3769f759879) Importer(2089858483,b0f066a214c2f5e87bad3c948f4d605d) (ScriptedImporter) -> (artifact id: 'e12f8a322d88e867035f34639504db96') in 0.003117625 seconds
Number of updated asset objects reloaded before import = 0Number of asset objects unloaded after import = 1

========================================================================
Received Import Request.
  Time since last request: 0.000119 seconds.
  path: Assets/TextMesh Pro/Examples & Extras/Resources/Sprite Assets/DropCap Numbers.asset
  artifactKey: Guid(14aa93acbb234d16aaef0e8b46814db6) Importer(2089858483,b0f066a214c2f5e87bad3c948f4d605d)
Start importing Assets/TextMesh Pro/Examples & Extras/Resources/Sprite Assets/DropCap Numbers.asset using Guid(14aa93acbb234d16aaef0e8b46814db6) Importer(2089858483,b0f066a214c2f5e87bad3c948f4d605d) (ScriptedImporter) -> (artifact id: '0e282b1e825158b37fa4a3b197a906f3') in 0.013272459 seconds
Number of updated asset objects reloaded before import = 0Number of asset objects unloaded after import = 4

========================================================================
Received Import Request.
  Time since last request: 891.580603 seconds.
  path: Assets/Samples/XR Interaction Toolkit/3.3.1/Starter Assets/DemoSceneAssets/Sprites/Asset.png
  artifactKey: Guid(17d565bb4a7744b41b7e4dc7e3a09e35) Importer(815301076,1909f56bfc062723c751e8b465ee728b)
Start importing Assets/Samples/XR Interaction Toolkit/3.3.1/Starter Assets/DemoSceneAssets/Sprites/Asset.png using Guid(17d565bb4a7744b41b7e4dc7e3a09e35) Importer(815301076,1909f56bfc062723c751e8b465ee728b) (PreviewImporter) -> (artifact id: 'a3b78f37c71353640e17e0597c8dd2ba') in 0.380980291 seconds
Number of updated asset objects reloaded before import = 0Number of asset objects unloaded after import = 3

========================================================================
Received Import Request.
  Time since last request: 0.000104 seconds.
  path: Assets/TextMesh Pro/Examples & Extras/Resources/Fonts & Materials/Bangers SDF.asset
  artifactKey: Guid(125cb55b44b24c4393181402bc6200e6) Importer(815301076,1909f56bfc062723c751e8b465ee728b)
Start importing Assets/TextMesh Pro/Examples & Extras/Resources/Fonts & Materials/Bangers SDF.asset using Guid(125cb55b44b24c4393181402bc6200e6) Importer(815301076,1909f56bfc062723c751e8b465ee728b) (PreviewImporter) -> (artifact id: '15f6579908aef910ba5116f2f42636c5') in 0.899241167 seconds
Number of updated asset objects reloaded before import = 0Number of asset objects unloaded after import = 8

========================================================================
Received Import Request.
  Time since last request: 3.320562 seconds.
  path: Assets/Samples/XR Interaction Toolkit/3.3.1/Starter Assets/DemoSceneAssets/Textures/Concrete_Normal.tif
  artifactKey: Guid(cdebec39dbf81a14688e1de8d12897b4) Importer(815301076,1909f56bfc062723c751e8b465ee728b)
Start importing Assets/Samples/XR Interaction Toolkit/3.3.1/Starter Assets/DemoSceneAssets/Textures/Concrete_Normal.tif using Guid(cdebec39dbf81a14688e1de8d12897b4) Importer(815301076,1909f56bfc062723c751e8b465ee728b) (PreviewImporter) -> (artifact id: '32e77557c588a51286ba096145b4f612') in 0.159213625 seconds
Number of updated asset objects reloaded before import = 0Number of asset objects unloaded after import = 2

========================================================================
Received Import Request.
  Time since last request: 0.000271 seconds.
  path: Assets/TextMesh Pro/Examples & Extras/Textures/Floor Tiles 1 - diffuse.jpg
  artifactKey: Guid(85ac55597b97403c82fc6601a93cf241) Importer(815301076,1909f56bfc062723c751e8b465ee728b)
Start importing Assets/TextMesh Pro/Examples & Extras/Textures/Floor Tiles 1 - diffuse.jpg using Guid(85ac55597b97403c82fc6601a93cf241) Importer(815301076,1909f56bfc062723c751e8b465ee728b) (PreviewImporter) -> (artifact id: 'd848d8daa8073886a101ca7efcd26ef2') in 0.007435458 seconds
Number of updated asset objects reloaded before import = 0Number of asset objects unloaded after import = 2

========================================================================
Received Import Request.
  Time since last request: 0.000068 seconds.
  path: Assets/TextMesh Pro/Examples & Extras/Resources/Fonts & Materials/Electronic Highway Sign SDF.asset
  artifactKey: Guid(dc36b3fdc14f47ebb36fd484a67e268a) Importer(815301076,1909f56bfc062723c751e8b465ee728b)
Start importing Assets/TextMesh Pro/Examples & Extras/Resources/Fonts & Materials/Electronic Highway Sign SDF.asset using Guid(dc36b3fdc14f47ebb36fd484a67e268a) Importer(815301076,1909f56bfc062723c751e8b465ee728b) (PreviewImporter) -> (artifact id: '42773ee0c945c3130db36b38d26f11e7') in 0.213813875 seconds
Number of updated asset objects reloaded before import = 0Number of asset objects unloaded after import = 7

========================================================================
Received Import Request.
  Time since last request: 0.179975 seconds.
  path: Assets/Samples/XR Interaction Toolkit/3.3.1/Starter Assets/DemoSceneAssets/Sprites/Forward.png
  artifactKey: Guid(f8ecc54972abacc46a93f671b0602139) Importer(815301076,1909f56bfc062723c751e8b465ee728b)
Start importing Assets/Samples/XR Interaction Toolkit/3.3.1/Starter Assets/DemoSceneAssets/Sprites/Forward.png using Guid(f8ecc54972abacc46a93f671b0602139) Importer(815301076,1909f56bfc062723c751e8b465ee728b) (PreviewImporter) -> (artifact id: '2fa57513e0230bca459eab60bc3dc90e') in 0.011964209 seconds
Number of updated asset objects reloaded before import = 0Number of asset objects unloaded after import = 3

========================================================================
Received Import Request.
  Time since last request: 0.000076 seconds.
  path: Assets/TextMesh Pro/Examples & Extras/Textures/Fruit Jelly (B&W).jpg
  artifactKey: Guid(1cdc5b506b1a4a33a53c30669ced1f51) Importer(815301076,1909f56bfc062723c751e8b465ee728b)
Start importing Assets/TextMesh Pro/Examples & Extras/Textures/Fruit Jelly (B&W).jpg using Guid(1cdc5b506b1a4a33a53c30669ced1f51) Importer(815301076,1909f56bfc062723c751e8b465ee728b) (PreviewImporter) -> (artifact id: '1992d0a7adf9ef76011a79bffb61294a') in 0.007722417 seconds
Number of updated asset objects reloaded before import = 0Number of asset objects unloaded after import = 2

========================================================================
Received Import Request.
  Time since last request: 114.753248 seconds.
  path: Assets/Samples/XR Interaction Toolkit/3.3.1/Starter Assets/Materials/Controller_White.mat
  artifactKey: Guid(9f12d299d16099343a3c5c0d7285822a) Importer(815301076,1909f56bfc062723c751e8b465ee728b)
Start importing Assets/Samples/XR Interaction Toolkit/3.3.1/Starter Assets/Materials/Controller_White.mat using Guid(9f12d299d16099343a3c5c0d7285822a) Importer(815301076,1909f56bfc062723c751e8b465ee728b) (PreviewImporter) -> (artifact id: 'ecfa2513823fc34eb75fe7be5dbd4692') in 4.891969542 seconds
Number of updated asset objects reloaded before import = 0Number of asset objects unloaded after import = 2

========================================================================
Received Import Request.
  Time since last request: 0.000245 seconds.
  path: Assets/Samples/XR Interaction Toolkit/3.3.1/Starter Assets/Materials/UI-NoZTest.mat
  artifactKey: Guid(6f3d696f7c3365846b6dc2402afb3d3e) Importer(815301076,1909f56bfc062723c751e8b465ee728b)
Start importing Assets/Samples/XR Interaction Toolkit/3.3.1/Starter Assets/Materials/UI-NoZTest.mat using Guid(6f3d696f7c3365846b6dc2402afb3d3e) Importer(815301076,1909f56bfc062723c751e8b465ee728b) (PreviewImporter) -> (artifact id: '8c299c501f58a96847797c4d3de651e1') in 0.208876667 seconds
Number of updated asset objects reloaded before import = 0Number of asset objects unloaded after import = 2

========================================================================
Received Import Request.
  Time since last request: 0.000082 seconds.
  path: Assets/Samples/XR Interaction Toolkit/3.3.1/Starter Assets/Models/Primitive_Cylinder.fbx
  artifactKey: Guid(9e1dc1c14313460d872de39e35129b39) Importer(815301076,1909f56bfc062723c751e8b465ee728b)
Start importing Assets/Samples/XR Interaction Toolkit/3.3.1/Starter Assets/Models/Primitive_Cylinder.fbx using Guid(9e1dc1c14313460d872de39e35129b39) Importer(815301076,1909f56bfc062723c751e8b465ee728b) (PreviewImporter) -> (artifact id: '03b4dcf1663b8e9b06cd2e65f96eb3c7') in 6.603222375 seconds
Number of updated asset objects reloaded before import = 0Number of asset objects unloaded after import = 14

========================================================================
Received Import Request.
  Time since last request: 0.000267 seconds.
  path: Assets/Samples/XR Interaction Toolkit/3.3.1/Starter Assets/Models/Pinch_Pointer_LOD0.fbx
  artifactKey: Guid(e053b8fbc416ba349b4a58a26410bba2) Importer(815301076,1909f56bfc062723c751e8b465ee728b)
Start importing Assets/Samples/XR Interaction Toolkit/3.3.1/Starter Assets/Models/Pinch_Pointer_LOD0.fbx using Guid(e053b8fbc416ba349b4a58a26410bba2) Importer(815301076,1909f56bfc062723c751e8b465ee728b) (PreviewImporter) -> (artifact id: '92c9e3cb04273f488166ee2bdacad4f2') in 4.233594416 seconds
Number of updated asset objects reloaded before import = 0Number of asset objects unloaded after import = 6

========================================================================
Received Import Request.
  Time since last request: 0.001296 seconds.
  path: Assets/Samples/XR Interaction Toolkit/3.3.1/Starter Assets/Materials/FresnelHighlight.mat
  artifactKey: Guid(f5ccd52dc494e054fbe7d7161dcabe25) Importer(815301076,1909f56bfc062723c751e8b465ee728b)
Start importing Assets/Samples/XR Interaction Toolkit/3.3.1/Starter Assets/Materials/FresnelHighlight.mat using Guid(f5ccd52dc494e054fbe7d7161dcabe25) Importer(815301076,1909f56bfc062723c751e8b465ee728b) (PreviewImporter) -> (artifact id: 'aa0a62f285eb12d0c0a53162c713f7f2') in 0.947555291 seconds
Number of updated asset objects reloaded before import = 0Number of asset objects unloaded after import = 6

========================================================================
Received Import Request.
  Time since last request: 0.002319 seconds.
  path: Assets/Samples/XR Interaction Toolkit/3.3.1/Starter Assets/Materials/Telport Area.mat
  artifactKey: Guid(be1e10ce8a6f8cc4fb08d11c7f722469) Importer(815301076,1909f56bfc062723c751e8b465ee728b)
Start importing Assets/Samples/XR Interaction Toolkit/3.3.1/Starter Assets/Materials/Telport Area.mat using Guid(be1e10ce8a6f8cc4fb08d11c7f722469) Importer(815301076,1909f56bfc062723c751e8b465ee728b) (PreviewImporter) -> (artifact id: '6a9e3973f6334e1b12f29e8835092b39') in 3.790209625 seconds
Number of updated asset objects reloaded before import = 0Number of asset objects unloaded after import = 2

========================================================================
Received Import Request.
  Time since last request: 93.442616 seconds.
  path: Packages/com.unity.shadergraph/GraphTemplates/Cross Pipeline/0_Decal Simple.shadergraph
  artifactKey: Guid(39144937a5efe954dac51acbbe54157e) Importer(815301076,1909f56bfc062723c751e8b465ee728b)
Start importing Packages/com.unity.shadergraph/GraphTemplates/Cross Pipeline/0_Decal Simple.shadergraph using Guid(39144937a5efe954dac51acbbe54157e) Importer(815301076,1909f56bfc062723c751e8b465ee728b) (PreviewImporter) -> (artifact id: '9fba8d4e2fbcf33370950fd14c4dc1eb') in 0.127027209 seconds
Number of updated asset objects reloaded before import = 0Number of asset objects unloaded after import = 2

========================================================================
Received Import Request.
  Time since last request: 0.000137 seconds.
  path: Packages/com.unity.searcher/Editor/Resources/FlatSkin/Font/Roboto-MediumItalic.ttf
  artifactKey: Guid(d93c1bc57fdf1ac4dad1bf04fac05464) Importer(815301076,1909f56bfc062723c751e8b465ee728b)
Start importing Packages/com.unity.searcher/Editor/Resources/FlatSkin/Font/Roboto-MediumItalic.ttf using Guid(d93c1bc57fdf1ac4dad1bf04fac05464) Importer(815301076,1909f56bfc062723c751e8b465ee728b) (PreviewImporter) -> (artifact id: '94f0fbb9bae4a14eff36a949ca275598') in 0.089303833 seconds
Number of updated asset objects reloaded before import = 0Number of asset objects unloaded after import = 4

========================================================================
Received Import Request.
  Time since last request: 0.000056 seconds.
  path: Assets/TextMesh Pro/Examples & Extras/Resources/Fonts & Materials/Bangers SDF Glow.mat
  artifactKey: Guid(d75b8f41e959450c84ac6e967084d3e1) Importer(815301076,1909f56bfc062723c751e8b465ee728b)
Start importing Assets/TextMesh Pro/Examples & Extras/Resources/Fonts & Materials/Bangers SDF Glow.mat using Guid(d75b8f41e959450c84ac6e967084d3e1) Importer(815301076,1909f56bfc062723c751e8b465ee728b) (PreviewImporter) -> (artifact id: '7b2087d8d21e3b32190b8d9e46a2daa2') in 0.153430333 seconds
Number of updated asset objects reloaded before import = 0Number of asset objects unloaded after import = 5

========================================================================
Received Import Request.
  Time since last request: 0.000052 seconds.
  path: Packages/com.unity.render-pipelines.universal/Runtime/Materials/ArnoldStandardSurface/ArnoldStandardSurfaceTransparent.shadergraph
  artifactKey: Guid(30fa68ce467463643a86b839ca0eb195) Importer(815301076,1909f56bfc062723c751e8b465ee728b)
Start importing Packages/com.unity.render-pipelines.universal/Runtime/Materials/ArnoldStandardSurface/ArnoldStandardSurfaceTransparent.shadergraph using Guid(30fa68ce467463643a86b839ca0eb195) Importer(815301076,1909f56bfc062723c751e8b465ee728b) (PreviewImporter) -> (artifact id: '02d1cfedf1db09858e87b74f63051c5f') in 4.046048959 seconds
Number of updated asset objects reloaded before import = 0Number of asset objects unloaded after import = 5

========================================================================
Received Import Request.
  Time since last request: 0.000303 seconds.
  path: Packages/com.unity.render-pipelines.core/Runtime/RenderPipelineResources/Mesh/SamplesFloorSpotlight.fbx
  artifactKey: Guid(1dbf28c1bb322474d981b2dc555e28b0) Importer(815301076,1909f56bfc062723c751e8b465ee728b)
Start importing Packages/com.unity.render-pipelines.core/Runtime/RenderPipelineResources/Mesh/SamplesFloorSpotlight.fbx using Guid(1dbf28c1bb322474d981b2dc555e28b0) Importer(815301076,1909f56bfc062723c751e8b465ee728b) (PreviewImporter) -> (artifact id: '655cca9ea28129d3e8f8e5878af78e09') in 0.128983 seconds
Number of updated asset objects reloaded before import = 0Number of asset objects unloaded after import = 14

========================================================================
Received Import Request.
  Time since last request: 0.000448 seconds.
  path: Assets/Samples/XR Interaction Toolkit/3.3.1/Starter Assets/DemoSceneAssets/Models/PushButton.fbx
  artifactKey: Guid(7ab6f3b0fd1a6ba41b2a47766c16613f) Importer(815301076,1909f56bfc062723c751e8b465ee728b)
Start importing Assets/Samples/XR Interaction Toolkit/3.3.1/Starter Assets/DemoSceneAssets/Models/PushButton.fbx using Guid(7ab6f3b0fd1a6ba41b2a47766c16613f) Importer(815301076,1909f56bfc062723c751e8b465ee728b) (PreviewImporter) -> (artifact id: 'fb0eb9cc80303f7030937c7e2eaedbea') in 0.057935291 seconds
Number of updated asset objects reloaded before import = 0Number of asset objects unloaded after import = 18

========================================================================
Received Import Request.
  Time since last request: 0.000089 seconds.
  path: Packages/com.unity.render-pipelines.universal/Shaders/AutodeskInteractive/AutodeskInteractive.shadergraph
  artifactKey: Guid(0e9d5a909a1f7e84882a534d0d11e49f) Importer(815301076,1909f56bfc062723c751e8b465ee728b)
Start importing Packages/com.unity.render-pipelines.universal/Shaders/AutodeskInteractive/AutodeskInteractive.shadergraph using Guid(0e9d5a909a1f7e84882a534d0d11e49f) Importer(815301076,1909f56bfc062723c751e8b465ee728b) (PreviewImporter) -> (artifact id: '214bbba6594f6ea3cdb216ea248c7643') in 6.14485975 seconds
Number of updated asset objects reloaded before import = 0Number of asset objects unloaded after import = 0

========================================================================
Received Import Request.
  Time since last request: 0.001835 seconds.
  path: Assets/Samples/XR Interaction Toolkit/3.3.1/Starter Assets/Materials/tile.png
  artifactKey: Guid(527e00f2f4a6d422ab6b2de7d6536d50) Importer(2089858483,b0f066a214c2f5e87bad3c948f4d605d)
Start importing Assets/Samples/XR Interaction Toolkit/3.3.1/Starter Assets/Materials/tile.png using Guid(527e00f2f4a6d422ab6b2de7d6536d50) Importer(2089858483,b0f066a214c2f5e87bad3c948f4d605d) (ScriptedImporter) -> (artifact id: '25f368f51be0dbf6cb4b4288137048c1') in 0.052146083 seconds
Number of updated asset objects reloaded before import = 0Number of asset objects unloaded after import = 1

========================================================================
Received Import Request.
  Time since last request: 2.391663 seconds.
  path: Assets/Samples/XR Interaction Toolkit/3.3.1/Starter Assets/Materials/WallMaterial1.mat
  artifactKey: Guid(f84b1f71789a1460c8bfb3f9deb3fc8a) Importer(815301076,1909f56bfc062723c751e8b465ee728b)
Start importing Assets/Samples/XR Interaction Toolkit/3.3.1/Starter Assets/Materials/WallMaterial1.mat using Guid(f84b1f71789a1460c8bfb3f9deb3fc8a) Importer(815301076,1909f56bfc062723c751e8b465ee728b) (PreviewImporter) -> (artifact id: 'de839cdcc5e3b1ba00f86b5046a994ef') in 5.579123958 seconds
Number of updated asset objects reloaded before import = 0Number of asset objects unloaded after import = 3

========================================================================
Received Import Request.
  Time since last request: 863.904061 seconds.
  path: Assets/Scenes/SampleScene.unity
  artifactKey: Guid(99c9720ab356a0642a771bea13969a05) Importer(2089858483,b0f066a214c2f5e87bad3c948f4d605d)
Start importing Assets/Scenes/SampleScene.unity using Guid(99c9720ab356a0642a771bea13969a05) Importer(2089858483,b0f066a214c2f5e87bad3c948f4d605d) (ScriptedImporter) -> (artifact id: '1d787337507f3fae10d69e885acf9839') in 0.072136625 seconds
Number of updated asset objects reloaded before import = 0Number of asset objects unloaded after import = 1

========================================================================
Received Import Request.
  Time since last request: 7282.528513 seconds.
  path: Assets/Samples/XR Interaction Toolkit/3.3.1/Starter Assets/Materials/WallMaterial2.mat
  artifactKey: Guid(70669d8f400e64f6184a965b5d386898) Importer(815301076,1909f56bfc062723c751e8b465ee728b)
Start importing Assets/Samples/XR Interaction Toolkit/3.3.1/Starter Assets/Materials/WallMaterial2.mat using Guid(70669d8f400e64f6184a965b5d386898) Importer(815301076,1909f56bfc062723c751e8b465ee728b) (PreviewImporter) -> (artifact id: 'd956a480e8e5e7415b840bada7ec024d') in 0.224692875 seconds
Number of updated asset objects reloaded before import = 0Number of asset objects unloaded after import = 3

========================================================================
Received Import Request.
  Time since last request: 0.518889 seconds.
  path: Assets/Samples/XR Interaction Toolkit/3.3.1/Starter Assets/Materials/WallMaterial1.mat
  artifactKey: Guid(f84b1f71789a1460c8bfb3f9deb3fc8a) Importer(2089858483,b0f066a214c2f5e87bad3c948f4d605d)
Start importing Assets/Samples/XR Interaction Toolkit/3.3.1/Starter Assets/Materials/WallMaterial1.mat using Guid(f84b1f71789a1460c8bfb3f9deb3fc8a) Importer(2089858483,b0f066a214c2f5e87bad3c948f4d605d) (ScriptedImporter) -> (artifact id: '98bfee55186137c69a3664e69689943c') in 0.026133875 seconds
Number of updated asset objects reloaded before import = 0Number of asset objects unloaded after import = 3

========================================================================
Received Import Request.
  Time since last request: 172.600380 seconds.
  path: Assets/Samples/XR Interaction Toolkit/3.3.1/Starter Assets/Materials/WallMaterial3.mat
  artifactKey: Guid(8e425dbf6d597419691eacf490d1be3b) Importer(815301076,1909f56bfc062723c751e8b465ee728b)
Start importing Assets/Samples/XR Interaction Toolkit/3.3.1/Starter Assets/Materials/WallMaterial3.mat using Guid(8e425dbf6d597419691eacf490d1be3b) Importer(815301076,1909f56bfc062723c751e8b465ee728b) (PreviewImporter) -> (artifact id: 'b03880493b2da9d6751dc35c716a6375') in 0.133739541 seconds
Number of updated asset objects reloaded before import = 0Number of asset objects unloaded after import = 1

========================================================================
Received Import Request.
  Time since last request: 0.650346 seconds.
  path: Assets/Samples/XR Interaction Toolkit/3.3.1/Starter Assets/Materials/WallMaterial3.mat
  artifactKey: Guid(8e425dbf6d597419691eacf490d1be3b) Importer(2089858483,b0f066a214c2f5e87bad3c948f4d605d)
Start importing Assets/Samples/XR Interaction Toolkit/3.3.1/Starter Assets/Materials/WallMaterial3.mat using Guid(8e425dbf6d597419691eacf490d1be3b) Importer(2089858483,b0f066a214c2f5e87bad3c948f4d605d) (ScriptedImporter) -> (artifact id: '37aa1dc9ed39df94ee1123b2dd5d69b7') in 0.025918 seconds
Number of updated asset objects reloaded before import = 0Number of asset objects unloaded after import = 1

========================================================================
Received Import Request.
  Time since last request: 94.992530 seconds.
  path: Assets/Samples/XR Interaction Toolkit/3.3.1/Starter Assets/Materials/sky13_DN.jpg
  artifactKey: Guid(85878887afe3a496cb736b837e964a81) Importer(815301076,1909f56bfc062723c751e8b465ee728b)
Start importing Assets/Samples/XR Interaction Toolkit/3.3.1/Starter Assets/Materials/sky13_DN.jpg using Guid(85878887afe3a496cb736b837e964a81) Importer(815301076,1909f56bfc062723c751e8b465ee728b) (PreviewImporter) -> (artifact id: '89af43d633821f0ebd58e802c11c63cc') in 0.154314125 seconds
Number of updated asset objects reloaded before import = 0Number of asset objects unloaded after import = 2

========================================================================
Received Import Request.
  Time since last request: 0.002178 seconds.
  path: Assets/Samples/XR Interaction Toolkit/3.3.1/Starter Assets/Materials/sky13_RT.jpg
  artifactKey: Guid(ee2056e69536a4de6841225435154049) Importer(815301076,1909f56bfc062723c751e8b465ee728b)
Start importing Assets/Samples/XR Interaction Toolkit/3.3.1/Starter Assets/Materials/sky13_RT.jpg using Guid(ee2056e69536a4de6841225435154049) Importer(815301076,1909f56bfc062723c751e8b465ee728b) (PreviewImporter) -> (artifact id: '2a81b442c5b1a6f2220eef014a69407f') in 0.010421042 seconds
Number of updated asset objects reloaded before import = 0Number of asset objects unloaded after import = 2

========================================================================
Received Import Request.
  Time since last request: 0.000096 seconds.
  path: Assets/Samples/XR Interaction Toolkit/3.3.1/Starter Assets/Materials/sky13_LF.jpg
  artifactKey: Guid(ca064f537cbe5498eb370eb66c47b7bf) Importer(815301076,1909f56bfc062723c751e8b465ee728b)
Start importing Assets/Samples/XR Interaction Toolkit/3.3.1/Starter Assets/Materials/sky13_LF.jpg using Guid(ca064f537cbe5498eb370eb66c47b7bf) Importer(815301076,1909f56bfc062723c751e8b465ee728b) (PreviewImporter) -> (artifact id: '5e3e33e4db7f1f39c787d3895477c2e5') in 0.01419475 seconds
Number of updated asset objects reloaded before import = 0Number of asset objects unloaded after import = 2

========================================================================
Received Import Request.
  Time since last request: 0.566029 seconds.
  path: Assets/Samples/XR Interaction Toolkit/3.3.1/Starter Assets/Materials/sky13_RT.jpg
  artifactKey: Guid(ee2056e69536a4de6841225435154049) Importer(2089858483,b0f066a214c2f5e87bad3c948f4d605d)
Start importing Assets/Samples/XR Interaction Toolkit/3.3.1/Starter Assets/Materials/sky13_RT.jpg using Guid(ee2056e69536a4de6841225435154049) Importer(2089858483,b0f066a214c2f5e87bad3c948f4d605d) (ScriptedImporter) -> (artifact id: '0e661a3ca9c2196346e2b5e9a4feae79') in 0.030509542 seconds
Number of updated asset objects reloaded before import = 0Number of asset objects unloaded after import = 1

========================================================================
Received Import Request.
  Time since last request: 0.000052 seconds.
  path: Assets/Samples/XR Interaction Toolkit/3.3.1/Starter Assets/Materials/sky13_LF.jpg
  artifactKey: Guid(ca064f537cbe5498eb370eb66c47b7bf) Importer(2089858483,b0f066a214c2f5e87bad3c948f4d605d)
Start importing Assets/Samples/XR Interaction Toolkit/3.3.1/Starter Assets/Materials/sky13_LF.jpg using Guid(ca064f537cbe5498eb370eb66c47b7bf) Importer(2089858483,b0f066a214c2f5e87bad3c948f4d605d) (ScriptedImporter) -> (artifact id: 'cc6f7a0cc4b923db13fbcf26f68c1474') in 0.012954333 seconds
Number of updated asset objects reloaded before import = 0Number of asset objects unloaded after import = 1

========================================================================
Received Import Request.
  Time since last request: 0.000049 seconds.
  path: Assets/Samples/XR Interaction Toolkit/3.3.1/Starter Assets/Materials/sky13_FR.jpg
  artifactKey: Guid(07a68779769ac49f79c80a97017de60b) Importer(2089858483,b0f066a214c2f5e87bad3c948f4d605d)
Start importing Assets/Samples/XR Interaction Toolkit/3.3.1/Starter Assets/Materials/sky13_FR.jpg using Guid(07a68779769ac49f79c80a97017de60b) Importer(2089858483,b0f066a214c2f5e87bad3c948f4d605d) (ScriptedImporter) -> (artifact id: '952cb3ee67de41959f096811f5e61ae8') in 0.009114291 seconds
Number of updated asset objects reloaded before import = 0Number of asset objects unloaded after import = 1

========================================================================
Received Import Request.
  Time since last request: 111.291857 seconds.
  path: Assets/Samples/XR Interaction Toolkit/3.3.1/Starter Assets/Shaders/Unlit_ShaderGraph.shadergraph
  artifactKey: Guid(740445f1490c01e4b8feacf8d9ab5e7f) Importer(815301076,1909f56bfc062723c751e8b465ee728b)
Start importing Assets/Samples/XR Interaction Toolkit/3.3.1/Starter Assets/Shaders/Unlit_ShaderGraph.shadergraph using Guid(740445f1490c01e4b8feacf8d9ab5e7f) Importer(815301076,1909f56bfc062723c751e8b465ee728b) (PreviewImporter) -> (artifact id: 'a1c79816db553a10fb3996a4e702ec9b') in 0.918188959 seconds
Number of updated asset objects reloaded before import = 0Number of asset objects unloaded after import = 6

========================================================================
Received Import Request.
  Time since last request: 0.049059 seconds.
  path: Assets/TextMesh Pro/Examples & Extras/Resources/Fonts & Materials/Unity SDF - HDRP LIT - Outline.mat
  artifactKey: Guid(967f61bb1e3e28645a39e0cb647cc79e) Importer(815301076,1909f56bfc062723c751e8b465ee728b)
Start importing Assets/TextMesh Pro/Examples & Extras/Resources/Fonts & Materials/Unity SDF - HDRP LIT - Outline.mat using Guid(967f61bb1e3e28645a39e0cb647cc79e) Importer(815301076,1909f56bfc062723c751e8b465ee728b) (PreviewImporter) -> (artifact id: '2d16f933680d043a2643bd7bb3b4887d') in 0.058506916 seconds
Number of updated asset objects reloaded before import = 0Number of asset objects unloaded after import = 3

========================================================================
Received Import Request.
  Time since last request: 1.218742 seconds.
  path: Assets/Samples/XR Interaction Toolkit/3.3.1/Starter Assets/TunnelingVignette/TunnelingVignetteSG.shadergraph
  artifactKey: Guid(c109fab5d2bf5f64598ed69d2c16ceb3) Importer(815301076,1909f56bfc062723c751e8b465ee728b)
Start importing Assets/Samples/XR Interaction Toolkit/3.3.1/Starter Assets/TunnelingVignette/TunnelingVignetteSG.shadergraph using Guid(c109fab5d2bf5f64598ed69d2c16ceb3) Importer(815301076,1909f56bfc062723c751e8b465ee728b) (PreviewImporter) -> (artifact id: '2f40799f263c87484e3dfd9105041376') in 0.582741833 seconds
Number of updated asset objects reloaded before import = 0Number of asset objects unloaded after import = 5

========================================================================
Received Import Request.
  Time since last request: 0.000129 seconds.
  path: Assets/TextMesh Pro/Shaders/TMP_SDF-URP Unlit.shadergraph
  artifactKey: Guid(124c112a6e8f1a54e8b0870e881b56d8) Importer(815301076,1909f56bfc062723c751e8b465ee728b)
Start importing Assets/TextMesh Pro/Shaders/TMP_SDF-URP Unlit.shadergraph using Guid(124c112a6e8f1a54e8b0870e881b56d8) Importer(815301076,1909f56bfc062723c751e8b465ee728b) (PreviewImporter) -> (artifact id: 'fda78d233c8f83db637c947747ed230b') in 0.701508416 seconds
Number of updated asset objects reloaded before import = 0Number of asset objects unloaded after import = 3

========================================================================
Received Import Request.
  Time since last request: 0.000514 seconds.
  path: Assets/TextMesh Pro/Shaders/TMP_SDF-HDRP UNLIT.shadergraph
  artifactKey: Guid(f63d574838ccfb44f84acc05fed0af48) Importer(815301076,1909f56bfc062723c751e8b465ee728b)
Start importing Assets/TextMesh Pro/Shaders/TMP_SDF-HDRP UNLIT.shadergraph using Guid(f63d574838ccfb44f84acc05fed0af48) Importer(815301076,1909f56bfc062723c751e8b465ee728b) (PreviewImporter) -> (artifact id: '3a70ba0d4894bec4a7d7fdaba2f7c261') in 0.045776708 seconds
Number of updated asset objects reloaded before import = 0Number of asset objects unloaded after import = 2

========================================================================
Received Import Request.
  Time since last request: 0.000076 seconds.
  path: Assets/TextMesh Pro/Examples & Extras/Materials/Small Crate_diffuse.mat
  artifactKey: Guid(22262639920f43d6be32430e4e58350d) Importer(815301076,1909f56bfc062723c751e8b465ee728b)
Start importing Assets/TextMesh Pro/Examples & Extras/Materials/Small Crate_diffuse.mat using Guid(22262639920f43d6be32430e4e58350d) Importer(815301076,1909f56bfc062723c751e8b465ee728b) (PreviewImporter) -> (artifact id: '3c4babac89cc73cf9f581b2f7436218c') in 0.021459542 seconds
Number of updated asset objects reloaded before import = 0Number of asset objects unloaded after import = 3

========================================================================
Received Import Request.
  Time since last request: 0.000196 seconds.
  path: Assets/TextMesh Pro/Examples & Extras/Resources/Fonts & Materials/Roboto-Bold SDF.asset
  artifactKey: Guid(5302535af1044152a457ed104f1f4b91) Importer(815301076,1909f56bfc062723c751e8b465ee728b)
Start importing Assets/TextMesh Pro/Examples & Extras/Resources/Fonts & Materials/Roboto-Bold SDF.asset using Guid(5302535af1044152a457ed104f1f4b91) Importer(815301076,1909f56bfc062723c751e8b465ee728b) (PreviewImporter) -> (artifact id: '449a79a11bb4d9c53fecb20973fa6505') in 0.031434459 seconds
Number of updated asset objects reloaded before import = 0Number of asset objects unloaded after import = 7

========================================================================
Received Import Request.
  Time since last request: 0.000065 seconds.
  path: Assets/TextMesh Pro/Shaders/TMP_SDF-HDRP LIT.shadergraph
  artifactKey: Guid(ca2ed216f98028c4dae6c5224a952b3c) Importer(815301076,1909f56bfc062723c751e8b465ee728b)
Start importing Assets/TextMesh Pro/Shaders/TMP_SDF-HDRP LIT.shadergraph using Guid(ca2ed216f98028c4dae6c5224a952b3c) Importer(815301076,1909f56bfc062723c751e8b465ee728b) (PreviewImporter) -> (artifact id: '6d0ad176aea72a2089701a70e0e521b3') in 0.009942666 seconds
Number of updated asset objects reloaded before import = 0Number of asset objects unloaded after import = 2

========================================================================
Received Import Request.
  Time since last request: 0.000077 seconds.
  path: Assets/TextMesh Pro/Examples & Extras/Resources/Fonts & Materials/Roboto-Bold SDF - URP.mat
  artifactKey: Guid(90722b8bd74d9aa49958562aff7bdf76) Importer(815301076,1909f56bfc062723c751e8b465ee728b)
Start importing Assets/TextMesh Pro/Examples & Extras/Resources/Fonts & Materials/Roboto-Bold SDF - URP.mat using Guid(90722b8bd74d9aa49958562aff7bdf76) Importer(815301076,1909f56bfc062723c751e8b465ee728b) (PreviewImporter) -> (artifact id: 'e0b6737d7d0c81618d2bd68714131ddc') in 5.977546042 seconds
Number of updated asset objects reloaded before import = 0Number of asset objects unloaded after import = 2

========================================================================
Received Import Request.
  Time since last request: 0.000226 seconds.
  path: Assets/TextMesh Pro/Resources/Fonts & Materials/LiberationSans SDF - Fallback.asset
  artifactKey: Guid(2e498d1c8094910479dc3e1b768306a4) Importer(815301076,1909f56bfc062723c751e8b465ee728b)
Start importing Assets/TextMesh Pro/Resources/Fonts & Materials/LiberationSans SDF - Fallback.asset using Guid(2e498d1c8094910479dc3e1b768306a4) Importer(815301076,1909f56bfc062723c751e8b465ee728b) (PreviewImporter) -> (artifact id: '436ed9ec02b31470cdfc7e47120ce068') in 0.09915225 seconds
Number of updated asset objects reloaded before import = 0Number of asset objects unloaded after import = 7

========================================================================
Received Import Request.
  Time since last request: 0.000295 seconds.
  path: Assets/TextMesh Pro/Resources/Fonts & Materials/LiberationSans SDF.asset
  artifactKey: Guid(8f586378b4e144a9851e7b34d9b748ee) Importer(815301076,1909f56bfc062723c751e8b465ee728b)
Start importing Assets/TextMesh Pro/Resources/Fonts & Materials/LiberationSans SDF.asset using Guid(8f586378b4e144a9851e7b34d9b748ee) Importer(815301076,1909f56bfc062723c751e8b465ee728b) (PreviewImporter) -> (artifact id: 'df11798c3c8e36fc0328d2901be96ea0') in 0.054232708 seconds
Number of updated asset objects reloaded before import = 0Number of asset objects unloaded after import = 10

========================================================================
Received Import Request.
  Time since last request: 0.000069 seconds.
  path: Assets/TextMesh Pro/Examples & Extras/Resources/Fonts & Materials/Roboto-Bold SDF - Drop Shadow.mat
  artifactKey: Guid(b246c4190f4e46ec9352fe15a7b09ce0) Importer(815301076,1909f56bfc062723c751e8b465ee728b)
Start importing Assets/TextMesh Pro/Examples & Extras/Resources/Fonts & Materials/Roboto-Bold SDF - Drop Shadow.mat using Guid(b246c4190f4e46ec9352fe15a7b09ce0) Importer(815301076,1909f56bfc062723c751e8b465ee728b) (PreviewImporter) -> (artifact id: 'e48e8b83020780169b4fe0a7fc0941ae') in 0.169261 seconds
Number of updated asset objects reloaded before import = 0Number of asset objects unloaded after import = 3

========================================================================
Received Import Request.
  Time since last request: 0.000064 seconds.
  path: Assets/Samples/OpenXR Plugin/1.16.1/Controller/Materials/Red.mat
  artifactKey: Guid(130cd327cb69f5c4ab2bcdb608fbd58c) Importer(815301076,1909f56bfc062723c751e8b465ee728b)
Start importing Assets/Samples/OpenXR Plugin/1.16.1/Controller/Materials/Red.mat using Guid(130cd327cb69f5c4ab2bcdb608fbd58c) Importer(815301076,1909f56bfc062723c751e8b465ee728b) (PreviewImporter) -> (artifact id: '939f63574949a7b16339e26110b94609') in 0.016790125 seconds
Number of updated asset objects reloaded before import = 0Number of asset objects unloaded after import = 1

========================================================================
Received Import Request.
  Time since last request: 0.000077 seconds.
  path: Assets/Samples/OpenXR Plugin/1.16.1/Controller/Models/Cone.fbx
  artifactKey: Guid(fa14a214e9ffb1a42850851e0ad9db52) Importer(815301076,1909f56bfc062723c751e8b465ee728b)
Start importing Assets/Samples/OpenXR Plugin/1.16.1/Controller/Models/Cone.fbx using Guid(fa14a214e9ffb1a42850851e0ad9db52) Importer(815301076,1909f56bfc062723c751e8b465ee728b) (PreviewImporter) -> (artifact id: 'acc50afe0207ae5852231f81df72cb3e') in 0.040931875 seconds
Number of updated asset objects reloaded before import = 0Number of asset objects unloaded after import = 8

========================================================================
Received Import Request.
  Time since last request: 0.000062 seconds.
  path: Assets/TextMesh Pro/Examples & Extras/Resources/Fonts & Materials/Roboto-Bold SDF - HDRP Unlit.mat
  artifactKey: Guid(2ddca8f46aa0838419d568affb0ca6b4) Importer(815301076,1909f56bfc062723c751e8b465ee728b)
Start importing Assets/TextMesh Pro/Examples & Extras/Resources/Fonts & Materials/Roboto-Bold SDF - HDRP Unlit.mat using Guid(2ddca8f46aa0838419d568affb0ca6b4) Importer(815301076,1909f56bfc062723c751e8b465ee728b) (PreviewImporter) -> (artifact id: '5209a0e9047dd508ef1c38c3d481f270') in 0.012465542 seconds
Number of updated asset objects reloaded before import = 0Number of asset objects unloaded after import = 4

========================================================================
Received Import Request.
  Time since last request: 0.000090 seconds.
  path: Assets/TextMesh Pro/Examples & Extras/Resources/Fonts & Materials/Roboto-Bold SDF - Surface.mat
  artifactKey: Guid(e6b276ec991f467aa14ef1f3cc665993) Importer(815301076,1909f56bfc062723c751e8b465ee728b)
Start importing Assets/TextMesh Pro/Examples & Extras/Resources/Fonts & Materials/Roboto-Bold SDF - Surface.mat using Guid(e6b276ec991f467aa14ef1f3cc665993) Importer(815301076,1909f56bfc062723c751e8b465ee728b) (PreviewImporter) -> (artifact id: '0272531de43cc97c2247b599e273c5d8') in 0.016587375 seconds
Number of updated asset objects reloaded before import = 0Number of asset objects unloaded after import = 3

========================================================================
Received Import Request.
  Time since last request: 0.000085 seconds.
  path: Assets/Samples/XR Interaction Toolkit/3.3.1/Starter Assets/DemoSceneAssets/Materials/Lit White.mat
  artifactKey: Guid(fc226930e8fad4c499969204cecfbc05) Importer(815301076,1909f56bfc062723c751e8b465ee728b)
Start importing Assets/Samples/XR Interaction Toolkit/3.3.1/Starter Assets/DemoSceneAssets/Materials/Lit White.mat using Guid(fc226930e8fad4c499969204cecfbc05) Importer(815301076,1909f56bfc062723c751e8b465ee728b) (PreviewImporter) -> (artifact id: '2d6fcf83a9a64def45186cf9272221df') in 0.018445708 seconds
Number of updated asset objects reloaded before import = 0Number of asset objects unloaded after import = 2

========================================================================
Received Import Request.
  Time since last request: 0.000975 seconds.
  path: Assets/TextMesh Pro/Examples & Extras/Resources/Fonts & Materials/Oswald Bold SDF.asset
  artifactKey: Guid(0161d805a3764c089bef00bfe00793f5) Importer(815301076,1909f56bfc062723c751e8b465ee728b)
Start importing Assets/TextMesh Pro/Examples & Extras/Resources/Fonts & Materials/Oswald Bold SDF.asset using Guid(0161d805a3764c089bef00bfe00793f5) Importer(815301076,1909f56bfc062723c751e8b465ee728b) (PreviewImporter) -> (artifact id: 'b64f6e1b744a97046a31b562a39be191') in 0.024132042 seconds
Number of updated asset objects reloaded before import = 0Number of asset objects unloaded after import = 8

========================================================================
Received Import Request.
  Time since last request: 0.000058 seconds.
  path: Assets/TextMesh Pro/Examples & Extras/Resources/Fonts & Materials/LiberationSans SDF - Soft Mask.mat
  artifactKey: Guid(42df1c7856584b6b8db9a509b6b10074) Importer(815301076,1909f56bfc062723c751e8b465ee728b)
Start importing Assets/TextMesh Pro/Examples & Extras/Resources/Fonts & Materials/LiberationSans SDF - Soft Mask.mat using Guid(42df1c7856584b6b8db9a509b6b10074) Importer(815301076,1909f56bfc062723c751e8b465ee728b) (PreviewImporter) -> (artifact id: 'd470b2a2dfeed316c3f86f70b8213aeb') in 0.171663083 seconds
Number of updated asset objects reloaded before import = 0Number of asset objects unloaded after import = 4

========================================================================
Received Prepare
Begin MonoManager ReloadAssembly
[Licensing::Client] Successfully resolved entitlement details
Thread 0x16ba97000 may have been prematurely finalized
ADTM: Control thread waiting for realtime thread timed out, have to lock...
- Loaded All Assemblies, in  3.591 seconds
Refreshing native plugins compatible for Editor in 2.80 ms, found 8 plugins.
Assertion failed on expression: 'pred(*previous, *i)'
Assertion failed on expression: 'pred(*previous, *i)'
Assertion failed on expression: 'pred(*previous, *i)'
Assertion failed on expression: 'pred(*previous, *i)'
Assertion failed on expression: 'pred(*previous, *i)'
Assertion failed on expression: 'pred(*previous, *i)'
Assertion failed on expression: 'pred(*previous, *i)'
Assertion failed on expression: 'pred(*previous, *i)'
Assertion failed on expression: 'pred(*previous, *i)'
Assertion failed on expression: 'pred(*previous, *i)'
Assertion failed on expression: 'pred(*previous, *i)'
Assertion failed on expression: 'pred(*previous, *i)'
Assertion failed on expression: 'pred(*previous, *i)'
Assertion failed on expression: 'pred(*previous, *i)'
Assertion failed on expression: 'pred(*previous, *i)'
Assertion failed on expression: 'pred(*previous, *i)'
Assertion failed on expression: 'pred(*previous, *i)'
Assertion failed on expression: 'pred(*previous, *i)'
Assertion failed on expression: 'pred(*previous, *i)'
Assertion failed on expression: 'pred(*previous, *i)'
Assertion failed on expression: 'pred(*previous, *i)'
Assertion failed on expression: 'pred(*previous, *i)'
Assertion failed on expression: 'pred(*previous, *i)'
Assertion failed on expression: 'pred(*previous, *i)'
Assertion failed on expression: 'pred(*previous, *i)'
Assertion failed on expression: 'pred(*previous, *i)'
Native extension for OSXStandalone target not found
Native extension for WebGL target not found
[Package Manager] Failed to launch server process. Reason: Unity was launched with the -noUpm command-line argument
[Package Manager] Unable to send message (not connected to server process).
[Package Manager] Cannot connect to Unity Package Manager local server
ScheduleIndexationOnStartup MainProcess:False IndexOnStartup:True
Mono: successfully reloaded assembly
[Package Manager] Failed to launch server process. Reason: Unity was launched with the -noUpm command-line argument
[Package Manager] Unable to send message (not connected to server process).
[Package Manager] Cannot connect to Unity Package Manager local server
- Finished resetting the current domain, in  1.172 seconds
Domain Reload Profiling: 4769ms
	BeginReloadAssembly (2510ms)
		ExecutionOrderSort (0ms)
		DisableScriptedObjects (109ms)
		BackupInstance (0ms)
		ReleaseScriptingObjects (2ms)
		CreateAndSetChildDomain (1687ms)
	RebuildCommonClasses (93ms)
	RebuildNativeTypeToScriptingClass (15ms)
	initialDomainReloadingComplete (122ms)
	LoadAllAssembliesAndSetupDomain (855ms)
		LoadAssemblies (916ms)
		RebuildTransferFunctionScriptingTraits (0ms)
		AnalyzeDomain (455ms)
			TypeCache.Refresh (49ms)
				TypeCache.ScanAssembly (0ms)
			BuildScriptInfoCaches (362ms)
			ResolveRequiredComponents (23ms)
	FinalizeReload (1172ms)
		ReleaseScriptCaches (0ms)
		RebuildScriptCaches (0ms)
		SetupLoadedEditorAssemblies (956ms)
			LogAssemblyErrors (0ms)
			InitializePlatformSupportModulesInManaged (3ms)
			SetLoadedEditorAssemblies (7ms)
			BeforeProcessingInitializeOnLoad (164ms)
			ProcessInitializeOnLoadAttributes (623ms)
			ProcessInitializeOnLoadMethodAttributes (158ms)
			AfterProcessingInitializeOnLoad (1ms)
			EditorAssembliesLoaded (0ms)
		ExecutionOrderSort2 (0ms)
		AwakeInstancesAfterBackupRestoration (12ms)
WARNING: Shader Unsupported: 'Universal Render Pipeline/VR/SpatialMapping/Wireframe' - All subshaders removed
WARNING: Shader Did you use #pragma only_renderers and omit this platform?
WARNING: Shader If subshaders removal was intentional, you may have forgotten turning Fallback off?
WARNING: Shader Unsupported: 'Universal Render Pipeline/VR/SpatialMapping/Wireframe' - All subshaders removed
WARNING: Shader Did you use #pragma only_renderers and omit this platform?
WARNING: Shader If subshaders removal was intentional, you may have forgotten turning Fallback off?
Refreshing native plugins compatible for Editor in 4.82 ms, found 8 plugins.
Preloading 0 native plugins for Editor in 0.00 ms.
Unloading 37 Unused Serialized files (Serialized files now loaded: 0)
Unloading 7402 unused Assets / (3.2 MB). Loaded Objects now: 8325.
Memory consumption went from 279.0 MB to 275.8 MB.
Total: 34.169416 ms (FindLiveObjects: 5.388375 ms CreateObjectMapping: 0.536417 ms MarkObjects: 24.062541 ms  DeleteObjects: 4.181166 ms)

Prepare: number of updated asset objects reloaded= 0
========================================================================
Received Import Request.
  Time since last request: 960.849996 seconds.
  path: Packages/com.unity.render-pipelines.universal/Shaders/BakedLitForwardPass.hlsl
  artifactKey: Guid(70003ec87ea6481a920369a377c1b623) Importer(815301076,1909f56bfc062723c751e8b465ee728b)
Start importing Packages/com.unity.render-pipelines.universal/Shaders/BakedLitForwardPass.hlsl using Guid(70003ec87ea6481a920369a377c1b623) Importer(815301076,1909f56bfc062723c751e8b465ee728b) (PreviewImporter) -> (artifact id: 'e05d2af0531af3cfde1d2097c5606870') in 0.11940075 seconds
Number of updated asset objects reloaded before import = 0Number of asset objects unloaded after import = 1

========================================================================
Received Import Request.
  Time since last request: 0.000209 seconds.
  path: Packages/com.unity.render-pipelines.universal/Shaders/BakedLitInput.hlsl
  artifactKey: Guid(463a8185744c2459f8e621f4e4eb74d3) Importer(815301076,1909f56bfc062723c751e8b465ee728b)
Start importing Packages/com.unity.render-pipelines.universal/Shaders/BakedLitInput.hlsl using Guid(463a8185744c2459f8e621f4e4eb74d3) Importer(815301076,1909f56bfc062723c751e8b465ee728b) (PreviewImporter) -> (artifact id: 'c475e4028935349e3e15a4ebfc0494e5') in 0.001365542 seconds
Number of updated asset objects reloaded before import = 0Number of asset objects unloaded after import = 1

========================================================================
Received Import Request.
  Time since last request: 0.000060 seconds.
  path: Packages/com.unity.render-pipelines.universal/Shaders/SimpleLitForwardPass.hlsl
  artifactKey: Guid(ee447e65526c7db45a978c16b28827a9) Importer(815301076,1909f56bfc062723c751e8b465ee728b)
Start importing Packages/com.unity.render-pipelines.universal/Shaders/SimpleLitForwardPass.hlsl using Guid(ee447e65526c7db45a978c16b28827a9) Importer(815301076,1909f56bfc062723c751e8b465ee728b) (PreviewImporter) -> (artifact id: '2b6ce1e4227afd1dc613909a9fcb3bcf') in 0.001189708 seconds
Number of updated asset objects reloaded before import = 0Number of asset objects unloaded after import = 1

========================================================================
Received Import Request.
  Time since last request: 0.000072 seconds.
  path: Packages/com.unity.render-pipelines.universal/Shaders/DepthNormalsPass.hlsl
  artifactKey: Guid(b76d45ea333b2a049bc45c5328ef3e7c) Importer(815301076,1909f56bfc062723c751e8b465ee728b)
Start importing Packages/com.unity.render-pipelines.universal/Shaders/DepthNormalsPass.hlsl using Guid(b76d45ea333b2a049bc45c5328ef3e7c) Importer(815301076,1909f56bfc062723c751e8b465ee728b) (PreviewImporter) -> (artifact id: '4cf4ffbdedfc610bf201e375e122f4a6') in 0.000896416 seconds
Number of updated asset objects reloaded before import = 0Number of asset objects unloaded after import = 1

========================================================================
Received Import Request.
  Time since last request: 0.000054 seconds.
  path: Packages/com.unity.render-pipelines.universal/Shaders/UnlitForwardPass.hlsl
  artifactKey: Guid(574332cc54d34b3b96cd214f5febe833) Importer(815301076,1909f56bfc062723c751e8b465ee728b)
Start importing Packages/com.unity.render-pipelines.universal/Shaders/UnlitForwardPass.hlsl using Guid(574332cc54d34b3b96cd214f5febe833) Importer(815301076,1909f56bfc062723c751e8b465ee728b) (PreviewImporter) -> (artifact id: 'a8ee7b7e566436a2433a7ff5eb5b77d4') in 0.001365834 seconds
Number of updated asset objects reloaded before import = 0Number of asset objects unloaded after import = 1

========================================================================
Received Import Request.
  Time since last request: 0.000061 seconds.
  path: Packages/com.unity.render-pipelines.universal/Shaders/LitDepthNormalsPass.hlsl
  artifactKey: Guid(d6641dcdedd1f422aa58ffec746e5342) Importer(815301076,1909f56bfc062723c751e8b465ee728b)
Start importing Packages/com.unity.render-pipelines.universal/Shaders/LitDepthNormalsPass.hlsl using Guid(d6641dcdedd1f422aa58ffec746e5342) Importer(815301076,1909f56bfc062723c751e8b465ee728b) (PreviewImporter) -> (artifact id: '9c9008174ee6ba325306a91760dbc8b3') in 0.000946791 seconds
Number of updated asset objects reloaded before import = 0Number of asset objects unloaded after import = 1

========================================================================
Received Import Request.
  Time since last request: 0.000044 seconds.
  path: Packages/com.unity.render-pipelines.universal/Shaders/Unity.RenderPipelines.Universal.Shaders.asmdef
  artifactKey: Guid(b4517ec124862cb4bb3b8b27d72843a6) Importer(815301076,1909f56bfc062723c751e8b465ee728b)
Start importing Packages/com.unity.render-pipelines.universal/Shaders/Unity.RenderPipelines.Universal.Shaders.asmdef using Guid(b4517ec124862cb4bb3b8b27d72843a6) Importer(815301076,1909f56bfc062723c751e8b465ee728b) (PreviewImporter) -> (artifact id: '9c3b490aea8a9af1648cfd4fe6b11ff4') in 0.000475666 seconds
Number of updated asset objects reloaded before import = 0Number of asset objects unloaded after import = 0

========================================================================
Received Import Request.
  Time since last request: 0.000075 seconds.
  path: Packages/com.unity.render-pipelines.universal/Shaders/UnlitGBufferPass.hlsl
  artifactKey: Guid(28fcbf208a4c04495b93bb6d554908e0) Importer(815301076,1909f56bfc062723c751e8b465ee728b)
Start importing Packages/com.unity.render-pipelines.universal/Shaders/UnlitGBufferPass.hlsl using Guid(28fcbf208a4c04495b93bb6d554908e0) Importer(815301076,1909f56bfc062723c751e8b465ee728b) (PreviewImporter) -> (artifact id: '18b6c7782b1e6ee2b1b215fd7b731a12') in 0.001126166 seconds
Number of updated asset objects reloaded before import = 0Number of asset objects unloaded after import = 1

========================================================================
Received Import Request.
  Time since last request: 0.000056 seconds.
  path: Packages/com.unity.render-pipelines.universal/Shaders/Lit.shader
  artifactKey: Guid(933532a4fcc9baf4fa0491de14d08ed7) Importer(815301076,1909f56bfc062723c751e8b465ee728b)
Start importing Packages/com.unity.render-pipelines.universal/Shaders/Lit.shader using Guid(933532a4fcc9baf4fa0491de14d08ed7) Importer(815301076,1909f56bfc062723c751e8b465ee728b) (PreviewImporter) -> (artifact id: 'baa8a93b91774456cff330c66a8a182e') in 0.003286209 seconds
Number of updated asset objects reloaded before import = 0Number of asset objects unloaded after import = 0

========================================================================
Received Import Request.
  Time since last request: 0.000057 seconds.
  path: Packages/com.unity.render-pipelines.universal/Shaders/SimpleLitMetaPass.hlsl
  artifactKey: Guid(ffc632d1e38ef4682807a89afb2b966f) Importer(815301076,1909f56bfc062723c751e8b465ee728b)
Start importing Packages/com.unity.render-pipelines.universal/Shaders/SimpleLitMetaPass.hlsl using Guid(ffc632d1e38ef4682807a89afb2b966f) Importer(815301076,1909f56bfc062723c751e8b465ee728b) (PreviewImporter) -> (artifact id: '929d9815e9d7996e601e30a7a8f22287') in 0.0015225 seconds
Number of updated asset objects reloaded before import = 0Number of asset objects unloaded after import = 1

========================================================================
Received Import Request.
  Time since last request: 0.000107 seconds.
  path: Packages/com.unity.render-pipelines.universal/Shaders/LitGBufferPass.hlsl
  artifactKey: Guid(92673cbb58cac8e4d8b5d044ce912dd8) Importer(815301076,1909f56bfc062723c751e8b465ee728b)
Start importing Packages/com.unity.render-pipelines.universal/Shaders/LitGBufferPass.hlsl using Guid(92673cbb58cac8e4d8b5d044ce912dd8) Importer(815301076,1909f56bfc062723c751e8b465ee728b) (PreviewImporter) -> (artifact id: 'ef5d2faa0bd701c57dc276b47f51ab57') in 0.00082675 seconds
Number of updated asset objects reloaded before import = 0Number of asset objects unloaded after import = 1

========================================================================
Received Import Request.
  Time since last request: 0.000038 seconds.
  path: Packages/com.unity.render-pipelines.universal/Shaders/SimpleLitDepthNormalsPass.hlsl
  artifactKey: Guid(a63ccbef6bed14464a35b8a62ee9b775) Importer(815301076,1909f56bfc062723c751e8b465ee728b)
Start importing Packages/com.unity.render-pipelines.universal/Shaders/SimpleLitDepthNormalsPass.hlsl using Guid(a63ccbef6bed14464a35b8a62ee9b775) Importer(815301076,1909f56bfc062723c751e8b465ee728b) (PreviewImporter) -> (artifact id: 'bbaa9b962ce328f3adb03d8e44a02d0b') in 0.001291333 seconds
Number of updated asset objects reloaded before import = 0Number of asset objects unloaded after import = 1

========================================================================
Received Import Request.
  Time since last request: 0.000107 seconds.
  path: Packages/com.unity.render-pipelines.universal/Shaders/LitInput.hlsl
  artifactKey: Guid(c46f85bf266d7496d9b3659acfbdc711) Importer(815301076,1909f56bfc062723c751e8b465ee728b)
Start importing Packages/com.unity.render-pipelines.universal/Shaders/LitInput.hlsl using Guid(c46f85bf266d7496d9b3659acfbdc711) Importer(815301076,1909f56bfc062723c751e8b465ee728b) (PreviewImporter) -> (artifact id: '0e2feecb6024fdf94f9c1f4bcd673e1e') in 0.0016505 seconds
Number of updated asset objects reloaded before import = 0Number of asset objects unloaded after import = 1

========================================================================
Received Import Request.
  Time since last request: 0.000073 seconds.
  path: Packages/com.unity.render-pipelines.universal/Shaders/UnlitDepthNormalsPass.hlsl
  artifactKey: Guid(ce8b43269e26f4263ac0da53665264b9) Importer(815301076,1909f56bfc062723c751e8b465ee728b)
Start importing Packages/com.unity.render-pipelines.universal/Shaders/UnlitDepthNormalsPass.hlsl using Guid(ce8b43269e26f4263ac0da53665264b9) Importer(815301076,1909f56bfc062723c751e8b465ee728b) (PreviewImporter) -> (artifact id: 'aa1e25bf6abb4ab89defc376c9476785') in 0.000934041 seconds
Number of updated asset objects reloaded before import = 0Number of asset objects unloaded after import = 1

========================================================================
Received Prepare
WARNING: Shader Unsupported: 'Universal Render Pipeline/VR/SpatialMapping/Wireframe' - All subshaders removed
WARNING: Shader Did you use #pragma only_renderers and omit this platform?
WARNING: Shader If subshaders removal was intentional, you may have forgotten turning Fallback off?
WARNING: Shader Unsupported: 'Universal Render Pipeline/VR/SpatialMapping/Wireframe' - All subshaders removed
WARNING: Shader Did you use #pragma only_renderers and omit this platform?
WARNING: Shader If subshaders removal was intentional, you may have forgotten turning Fallback off?
Refreshing native plugins compatible for Editor in 1.91 ms, found 8 plugins.
Preloading 0 native plugins for Editor in 0.00 ms.
Unloading 28 Unused Serialized files (Serialized files now loaded: 0)
Unloading 7352 unused Assets / (5.2 MB). Loaded Objects now: 8314.
Memory consumption went from 221.3 MB to 216.1 MB.
Total: 44.919500 ms (FindLiveObjects: 0.503291 ms CreateObjectMapping: 0.216917 ms MarkObjects: 41.580125 ms  DeleteObjects: 2.618209 ms)

Prepare: number of updated asset objects reloaded= 0
========================================================================
Received Prepare
Begin MonoManager ReloadAssembly
[Licensing::Client] Successfully resolved entitlement details
Thread 0x16b9b3000 may have been prematurely finalized
ADTM: Control thread waiting for realtime thread timed out, have to lock...
- Loaded All Assemblies, in  2.057 seconds
Refreshing native plugins compatible for Editor in 2.95 ms, found 8 plugins.
Assertion failed on expression: 'pred(*previous, *i)'
Assertion failed on expression: 'pred(*previous, *i)'
Assertion failed on expression: 'pred(*previous, *i)'
Assertion failed on expression: 'pred(*previous, *i)'
Assertion failed on expression: 'pred(*previous, *i)'
Assertion failed on expression: 'pred(*previous, *i)'
Assertion failed on expression: 'pred(*previous, *i)'
Assertion failed on expression: 'pred(*previous, *i)'
Assertion failed on expression: 'pred(*previous, *i)'
Assertion failed on expression: 'pred(*previous, *i)'
Assertion failed on expression: 'pred(*previous, *i)'
Assertion failed on expression: 'pred(*previous, *i)'
Assertion failed on expression: 'pred(*previous, *i)'
Assertion failed on expression: 'pred(*previous, *i)'
Assertion failed on expression: 'pred(*previous, *i)'
Assertion failed on expression: 'pred(*previous, *i)'
Assertion failed on expression: 'pred(*previous, *i)'
Assertion failed on expression: 'pred(*previous, *i)'
Assertion failed on expression: 'pred(*previous, *i)'
Assertion failed on expression: 'pred(*previous, *i)'
Assertion failed on expression: 'pred(*previous, *i)'
Assertion failed on expression: 'pred(*previous, *i)'
Assertion failed on expression: 'pred(*previous, *i)'
Assertion failed on expression: 'pred(*previous, *i)'
Assertion failed on expression: 'pred(*previous, *i)'
Assertion failed on expression: 'pred(*previous, *i)'
Native extension for OSXStandalone target not found
Native extension for WebGL target not found
[Package Manager] Failed to launch server process. Reason: Unity was launched with the -noUpm command-line argument
[Package Manager] Unable to send message (not connected to server process).
[Package Manager] Cannot connect to Unity Package Manager local server
ScheduleIndexationOnStartup MainProcess:False IndexOnStartup:True
Mono: successfully reloaded assembly
[Package Manager] Failed to launch server process. Reason: Unity was launched with the -noUpm command-line argument
[Package Manager] Unable to send message (not connected to server process).
[Package Manager] Cannot connect to Unity Package Manager local server
- Finished resetting the current domain, in  0.999 seconds
Domain Reload Profiling: 3057ms
	BeginReloadAssembly (1453ms)
		ExecutionOrderSort (0ms)
		DisableScriptedObjects (17ms)
		BackupInstance (0ms)
		ReleaseScriptingObjects (1ms)
		CreateAndSetChildDomain (1210ms)
	RebuildCommonClasses (28ms)
	RebuildNativeTypeToScriptingClass (13ms)
	initialDomainReloadingComplete (44ms)
	LoadAllAssembliesAndSetupDomain (520ms)
		LoadAssemblies (393ms)
		RebuildTransferFunctionScriptingTraits (0ms)
		AnalyzeDomain (240ms)
			TypeCache.Refresh (43ms)
				TypeCache.ScanAssembly (3ms)
			BuildScriptInfoCaches (181ms)
			ResolveRequiredComponents (12ms)
	FinalizeReload (999ms)
		ReleaseScriptCaches (0ms)
		RebuildScriptCaches (0ms)
		SetupLoadedEditorAssemblies (812ms)
			LogAssemblyErrors (0ms)
			InitializePlatformSupportModulesInManaged (2ms)
			SetLoadedEditorAssemblies (4ms)
			BeforeProcessingInitializeOnLoad (206ms)
			ProcessInitializeOnLoadAttributes (475ms)
			ProcessInitializeOnLoadMethodAttributes (124ms)
			AfterProcessingInitializeOnLoad (1ms)
			EditorAssembliesLoaded (0ms)
		ExecutionOrderSort2 (0ms)
		AwakeInstancesAfterBackupRestoration (10ms)
WARNING: Shader Unsupported: 'Universal Render Pipeline/VR/SpatialMapping/Wireframe' - All subshaders removed
WARNING: Shader Did you use #pragma only_renderers and omit this platform?
WARNING: Shader If subshaders removal was intentional, you may have forgotten turning Fallback off?
WARNING: Shader Unsupported: 'Universal Render Pipeline/VR/SpatialMapping/Wireframe' - All subshaders removed
WARNING: Shader Did you use #pragma only_renderers and omit this platform?
WARNING: Shader If subshaders removal was intentional, you may have forgotten turning Fallback off?
Refreshing native plugins compatible for Editor in 4.42 ms, found 8 plugins.
Preloading 0 native plugins for Editor in 0.00 ms.
Unloading 27 Unused Serialized files (Serialized files now loaded: 0)
Unloading 7398 unused Assets / (4.0 MB). Loaded Objects now: 8329.
Memory consumption went from 279.3 MB to 275.3 MB.
Total: 16.205500 ms (FindLiveObjects: 0.515000 ms CreateObjectMapping: 0.342166 ms MarkObjects: 11.675459 ms  DeleteObjects: 3.672208 ms)

Prepare: number of updated asset objects reloaded= 0
========================================================================
Received Prepare
WARNING: Shader Unsupported: 'Universal Render Pipeline/VR/SpatialMapping/Wireframe' - All subshaders removed
WARNING: Shader Did you use #pragma only_renderers and omit this platform?
WARNING: Shader If subshaders removal was intentional, you may have forgotten turning Fallback off?
WARNING: Shader Unsupported: 'Universal Render Pipeline/VR/SpatialMapping/Wireframe' - All subshaders removed
WARNING: Shader Did you use #pragma only_renderers and omit this platform?
WARNING: Shader If subshaders removal was intentional, you may have forgotten turning Fallback off?
Refreshing native plugins compatible for Editor in 7.73 ms, found 8 plugins.
Preloading 0 native plugins for Editor in 0.00 ms.
Unloading 28 Unused Serialized files (Serialized files now loaded: 0)
Unloading 7352 unused Assets / (5.6 MB). Loaded Objects now: 8317.
Memory consumption went from 224.2 MB to 218.7 MB.
Total: 35.548625 ms (FindLiveObjects: 0.524792 ms CreateObjectMapping: 0.227458 ms MarkObjects: 31.930333 ms  DeleteObjects: 2.865666 ms)

Prepare: number of updated asset objects reloaded= 0
========================================================================
Received Prepare
Begin MonoManager ReloadAssembly
Thread 0x16b9b3000 may have been prematurely finalized
ADTM: Control thread waiting for realtime thread timed out, have to lock...
- Loaded All Assemblies, in  2.031 seconds
Refreshing native plugins compatible for Editor in 2.37 ms, found 8 plugins.
Assertion failed on expression: 'pred(*previous, *i)'
Assertion failed on expression: 'pred(*previous, *i)'
Assertion failed on expression: 'pred(*previous, *i)'
Assertion failed on expression: 'pred(*previous, *i)'
Assertion failed on expression: 'pred(*previous, *i)'
Assertion failed on expression: 'pred(*previous, *i)'
Assertion failed on expression: 'pred(*previous, *i)'
Assertion failed on expression: 'pred(*previous, *i)'
Assertion failed on expression: 'pred(*previous, *i)'
Assertion failed on expression: 'pred(*previous, *i)'
Assertion failed on expression: 'pred(*previous, *i)'
Assertion failed on expression: 'pred(*previous, *i)'
Assertion failed on expression: 'pred(*previous, *i)'
Assertion failed on expression: 'pred(*previous, *i)'
Assertion failed on expression: 'pred(*previous, *i)'
Assertion failed on expression: 'pred(*previous, *i)'
Assertion failed on expression: 'pred(*previous, *i)'
Assertion failed on expression: 'pred(*previous, *i)'
Assertion failed on expression: 'pred(*previous, *i)'
Assertion failed on expression: 'pred(*previous, *i)'
Assertion failed on expression: 'pred(*previous, *i)'
Assertion failed on expression: 'pred(*previous, *i)'
Assertion failed on expression: 'pred(*previous, *i)'
Assertion failed on expression: 'pred(*previous, *i)'
Assertion failed on expression: 'pred(*previous, *i)'
Assertion failed on expression: 'pred(*previous, *i)'
Native extension for OSXStandalone target not found
Native extension for WebGL target not found
[Package Manager] Failed to launch server process. Reason: Unity was launched with the -noUpm command-line argument
[Package Manager] Unable to send message (not connected to server process).
[Package Manager] Cannot connect to Unity Package Manager local server
ScheduleIndexationOnStartup MainProcess:False IndexOnStartup:True
Mono: successfully reloaded assembly
[Package Manager] Failed to launch server process. Reason: Unity was launched with the -noUpm command-line argument
[Package Manager] Unable to send message (not connected to server process).
[Package Manager] Cannot connect to Unity Package Manager local server
- Finished resetting the current domain, in  0.893 seconds
Domain Reload Profiling: 2928ms
	BeginReloadAssembly (1411ms)
		ExecutionOrderSort (0ms)
		DisableScriptedObjects (18ms)
		BackupInstance (0ms)
		ReleaseScriptingObjects (1ms)
		CreateAndSetChildDomain (1192ms)
	RebuildCommonClasses (33ms)
	RebuildNativeTypeToScriptingClass (17ms)
	initialDomainReloadingComplete (27ms)
	LoadAllAssembliesAndSetupDomain (547ms)
		LoadAssemblies (401ms)
		RebuildTransferFunctionScriptingTraits (0ms)
		AnalyzeDomain (250ms)
			TypeCache.Refresh (42ms)
				TypeCache.ScanAssembly (1ms)
			BuildScriptInfoCaches (189ms)
			ResolveRequiredComponents (11ms)
	FinalizeReload (894ms)
		ReleaseScriptCaches (0ms)
		RebuildScriptCaches (0ms)
		SetupLoadedEditorAssemblies (738ms)
			LogAssemblyErrors (0ms)
			InitializePlatformSupportModulesInManaged (2ms)
			SetLoadedEditorAssemblies (7ms)
			BeforeProcessingInitializeOnLoad (182ms)
			ProcessInitializeOnLoadAttributes (420ms)
			ProcessInitializeOnLoadMethodAttributes (126ms)
			AfterProcessingInitializeOnLoad (1ms)
			EditorAssembliesLoaded (1ms)
		ExecutionOrderSort2 (0ms)
		AwakeInstancesAfterBackupRestoration (11ms)
WARNING: Shader Unsupported: 'Universal Render Pipeline/VR/SpatialMapping/Wireframe' - All subshaders removed
WARNING: Shader Did you use #pragma only_renderers and omit this platform?
WARNING: Shader If subshaders removal was intentional, you may have forgotten turning Fallback off?
WARNING: Shader Unsupported: 'Universal Render Pipeline/VR/SpatialMapping/Wireframe' - All subshaders removed
WARNING: Shader Did you use #pragma only_renderers and omit this platform?
WARNING: Shader If subshaders removal was intentional, you may have forgotten turning Fallback off?
Refreshing native plugins compatible for Editor in 2.18 ms, found 8 plugins.
Preloading 0 native plugins for Editor in 0.00 ms.
Unloading 27 Unused Serialized files (Serialized files now loaded: 0)
Unloading 7398 unused Assets / (6.0 MB). Loaded Objects now: 8332.
Memory consumption went from 282.1 MB to 276.1 MB.
Total: 10.692666 ms (FindLiveObjects: 0.545792 ms CreateObjectMapping: 0.258416 ms MarkObjects: 6.471292 ms  DeleteObjects: 3.416292 ms)

Prepare: number of updated asset objects reloaded= 0
========================================================================
Received Prepare
Begin MonoManager ReloadAssembly
[Licensing::Client] Successfully resolved entitlement details
Thread 0x16b9b3000 may have been prematurely finalized
ADTM: Control thread waiting for realtime thread timed out, have to lock...
- Loaded All Assemblies, in  2.861 seconds
Refreshing native plugins compatible for Editor in 4.23 ms, found 8 plugins.
Assertion failed on expression: 'pred(*previous, *i)'
Assertion failed on expression: 'pred(*previous, *i)'
Assertion failed on expression: 'pred(*previous, *i)'
Assertion failed on expression: 'pred(*previous, *i)'
Assertion failed on expression: 'pred(*previous, *i)'
Assertion failed on expression: 'pred(*previous, *i)'
Assertion failed on expression: 'pred(*previous, *i)'
Assertion failed on expression: 'pred(*previous, *i)'
Assertion failed on expression: 'pred(*previous, *i)'
Assertion failed on expression: 'pred(*previous, *i)'
Assertion failed on expression: 'pred(*previous, *i)'
Assertion failed on expression: 'pred(*previous, *i)'
Assertion failed on expression: 'pred(*previous, *i)'
Assertion failed on expression: 'pred(*previous, *i)'
Assertion failed on expression: 'pred(*previous, *i)'
Assertion failed on expression: 'pred(*previous, *i)'
Assertion failed on expression: 'pred(*previous, *i)'
Assertion failed on expression: 'pred(*previous, *i)'
Assertion failed on expression: 'pred(*previous, *i)'
Assertion failed on expression: 'pred(*previous, *i)'
Assertion failed on expression: 'pred(*previous, *i)'
Assertion failed on expression: 'pred(*previous, *i)'
Assertion failed on expression: 'pred(*previous, *i)'
Assertion failed on expression: 'pred(*previous, *i)'
Assertion failed on expression: 'pred(*previous, *i)'
Assertion failed on expression: 'pred(*previous, *i)'
Native extension for OSXStandalone target not found
Native extension for WebGL target not found
[Package Manager] Failed to launch server process. Reason: Unity was launched with the -noUpm command-line argument
[Package Manager] Unable to send message (not connected to server process).
[Package Manager] Cannot connect to Unity Package Manager local server
ScheduleIndexationOnStartup MainProcess:False IndexOnStartup:True
Mono: successfully reloaded assembly
[Package Manager] Failed to launch server process. Reason: Unity was launched with the -noUpm command-line argument
[Package Manager] Unable to send message (not connected to server process).
[Package Manager] Cannot connect to Unity Package Manager local server
- Finished resetting the current domain, in  1.531 seconds
Domain Reload Profiling: 4398ms
	BeginReloadAssembly (1939ms)
		ExecutionOrderSort (0ms)
		DisableScriptedObjects (59ms)
		BackupInstance (0ms)
		ReleaseScriptingObjects (5ms)
		CreateAndSetChildDomain (1326ms)
	RebuildCommonClasses (41ms)
	RebuildNativeTypeToScriptingClass (16ms)
	initialDomainReloadingComplete (52ms)
	LoadAllAssembliesAndSetupDomain (819ms)
		LoadAssemblies (824ms)
		RebuildTransferFunctionScriptingTraits (0ms)
		AnalyzeDomain (353ms)
			TypeCache.Refresh (60ms)
				TypeCache.ScanAssembly (4ms)
			BuildScriptInfoCaches (269ms)
			ResolveRequiredComponents (15ms)
	FinalizeReload (1532ms)
		ReleaseScriptCaches (0ms)
		RebuildScriptCaches (0ms)
		SetupLoadedEditorAssemblies (1307ms)
			LogAssemblyErrors (0ms)
			InitializePlatformSupportModulesInManaged (3ms)
			SetLoadedEditorAssemblies (6ms)
			BeforeProcessingInitializeOnLoad (257ms)
			ProcessInitializeOnLoadAttributes (829ms)
			ProcessInitializeOnLoadMethodAttributes (209ms)
			AfterProcessingInitializeOnLoad (1ms)
			EditorAssembliesLoaded (1ms)
		ExecutionOrderSort2 (0ms)
		AwakeInstancesAfterBackupRestoration (17ms)
WARNING: Shader Unsupported: 'Universal Render Pipeline/VR/SpatialMapping/Wireframe' - All subshaders removed
WARNING: Shader Did you use #pragma only_renderers and omit this platform?
WARNING: Shader If subshaders removal was intentional, you may have forgotten turning Fallback off?
WARNING: Shader Unsupported: 'Universal Render Pipeline/VR/SpatialMapping/Wireframe' - All subshaders removed
WARNING: Shader Did you use #pragma only_renderers and omit this platform?
WARNING: Shader If subshaders removal was intentional, you may have forgotten turning Fallback off?
Refreshing native plugins compatible for Editor in 2.15 ms, found 8 plugins.
Preloading 0 native plugins for Editor in 0.00 ms.
Unloading 27 Unused Serialized files (Serialized files now loaded: 0)
Unloading 7398 unused Assets / (4.7 MB). Loaded Objects now: 8335.
Memory consumption went from 287.7 MB to 283.0 MB.
Total: 28.794958 ms (FindLiveObjects: 0.915333 ms CreateObjectMapping: 0.287708 ms MarkObjects: 20.905000 ms  DeleteObjects: 6.686208 ms)

Prepare: number of updated asset objects reloaded= 0
========================================================================
Received Prepare
WARNING: Shader Unsupported: 'Universal Render Pipeline/VR/SpatialMapping/Wireframe' - All subshaders removed
WARNING: Shader Did you use #pragma only_renderers and omit this platform?
WARNING: Shader If subshaders removal was intentional, you may have forgotten turning Fallback off?
WARNING: Shader Unsupported: 'Universal Render Pipeline/VR/SpatialMapping/Wireframe' - All subshaders removed
WARNING: Shader Did you use #pragma only_renderers and omit this platform?
WARNING: Shader If subshaders removal was intentional, you may have forgotten turning Fallback off?
Refreshing native plugins compatible for Editor in 4.07 ms, found 8 plugins.
Preloading 0 native plugins for Editor in 0.00 ms.
Unloading 28 Unused Serialized files (Serialized files now loaded: 0)
Unloading 7355 unused Assets / (3.6 MB). Loaded Objects now: 8326.
Memory consumption went from 232.6 MB to 229.0 MB.
Total: 37.853458 ms (FindLiveObjects: 0.487917 ms CreateObjectMapping: 0.208125 ms MarkObjects: 34.257000 ms  DeleteObjects: 2.899625 ms)

Prepare: number of updated asset objects reloaded= 1
========================================================================
Received Prepare
WARNING: Shader Unsupported: 'Universal Render Pipeline/VR/SpatialMapping/Wireframe' - All subshaders removed
WARNING: Shader Did you use #pragma only_renderers and omit this platform?
WARNING: Shader If subshaders removal was intentional, you may have forgotten turning Fallback off?
WARNING: Shader Unsupported: 'Universal Render Pipeline/VR/SpatialMapping/Wireframe' - All subshaders removed
WARNING: Shader Did you use #pragma only_renderers and omit this platform?
WARNING: Shader If subshaders removal was intentional, you may have forgotten turning Fallback off?
Refreshing native plugins compatible for Editor in 3.76 ms, found 8 plugins.
Preloading 0 native plugins for Editor in 0.00 ms.
Unloading 28 Unused Serialized files (Serialized files now loaded: 0)
Unloading 7358 unused Assets / (5.5 MB). Loaded Objects now: 8329.
Memory consumption went from 229.7 MB to 224.2 MB.
Total: 38.910375 ms (FindLiveObjects: 0.984625 ms CreateObjectMapping: 0.213750 ms MarkObjects: 33.043667 ms  DeleteObjects: 4.667083 ms)

Prepare: number of updated asset objects reloaded= 0
========================================================================
Received Prepare
WARNING: Shader Unsupported: 'Universal Render Pipeline/VR/SpatialMapping/Wireframe' - All subshaders removed
WARNING: Shader Did you use #pragma only_renderers and omit this platform?
WARNING: Shader If subshaders removal was intentional, you may have forgotten turning Fallback off?
WARNING: Shader Unsupported: 'Universal Render Pipeline/VR/SpatialMapping/Wireframe' - All subshaders removed
WARNING: Shader Did you use #pragma only_renderers and omit this platform?
WARNING: Shader If subshaders removal was intentional, you may have forgotten turning Fallback off?
Refreshing native plugins compatible for Editor in 6.38 ms, found 8 plugins.
Preloading 0 native plugins for Editor in 0.00 ms.
Unloading 28 Unused Serialized files (Serialized files now loaded: 0)
Unloading 7360 unused Assets / (3.8 MB). Loaded Objects now: 8331.
Memory consumption went from 227.0 MB to 223.2 MB.
Total: 39.172791 ms (FindLiveObjects: 0.923083 ms CreateObjectMapping: 0.264042 ms MarkObjects: 35.302833 ms  DeleteObjects: 2.681917 ms)

Prepare: number of updated asset objects reloaded= 0
========================================================================
Received Prepare
Begin MonoManager ReloadAssembly
[Licensing::Client] Successfully resolved entitlement details
Thread 0x16b9b3000 may have been prematurely finalized
ADTM: Control thread waiting for realtime thread timed out, have to lock...
- Loaded All Assemblies, in  2.119 seconds
Refreshing native plugins compatible for Editor in 3.96 ms, found 8 plugins.
Assertion failed on expression: 'pred(*previous, *i)'
Assertion failed on expression: 'pred(*previous, *i)'
Assertion failed on expression: 'pred(*previous, *i)'
Assertion failed on expression: 'pred(*previous, *i)'
Assertion failed on expression: 'pred(*previous, *i)'
Assertion failed on expression: 'pred(*previous, *i)'
Assertion failed on expression: 'pred(*previous, *i)'
Assertion failed on expression: 'pred(*previous, *i)'
Assertion failed on expression: 'pred(*previous, *i)'
Assertion failed on expression: 'pred(*previous, *i)'
Assertion failed on expression: 'pred(*previous, *i)'
Assertion failed on expression: 'pred(*previous, *i)'
Assertion failed on expression: 'pred(*previous, *i)'
Assertion failed on expression: 'pred(*previous, *i)'
Assertion failed on expression: 'pred(*previous, *i)'
Assertion failed on expression: 'pred(*previous, *i)'
Assertion failed on expression: 'pred(*previous, *i)'
Assertion failed on expression: 'pred(*previous, *i)'
Assertion failed on expression: 'pred(*previous, *i)'
Assertion failed on expression: 'pred(*previous, *i)'
Assertion failed on expression: 'pred(*previous, *i)'
Assertion failed on expression: 'pred(*previous, *i)'
Assertion failed on expression: 'pred(*previous, *i)'
Assertion failed on expression: 'pred(*previous, *i)'
Assertion failed on expression: 'pred(*previous, *i)'
Assertion failed on expression: 'pred(*previous, *i)'
Assertion failed on expression: 'pred(*previous, *i)'
Assertion failed on expression: 'pred(*previous, *i)'
Assertion failed on expression: 'pred(*previous, *i)'
Native extension for OSXStandalone target not found
Native extension for WebGL target not found
[Package Manager] Failed to launch server process. Reason: Unity was launched with the -noUpm command-line argument
[Package Manager] Unable to send message (not connected to server process).
[Package Manager] Cannot connect to Unity Package Manager local server
ScheduleIndexationOnStartup MainProcess:False IndexOnStartup:True
Mono: successfully reloaded assembly
[Package Manager] Failed to launch server process. Reason: Unity was launched with the -noUpm command-line argument
[Package Manager] Unable to send message (not connected to server process).
[Package Manager] Cannot connect to Unity Package Manager local server
- Finished resetting the current domain, in  1.216 seconds
Domain Reload Profiling: 3341ms
	BeginReloadAssembly (1469ms)
		ExecutionOrderSort (0ms)
		DisableScriptedObjects (24ms)
		BackupInstance (0ms)
		ReleaseScriptingObjects (0ms)
		CreateAndSetChildDomain (1187ms)
	RebuildCommonClasses (37ms)
	RebuildNativeTypeToScriptingClass (13ms)
	initialDomainReloadingComplete (36ms)
	LoadAllAssembliesAndSetupDomain (568ms)
		LoadAssemblies (471ms)
		RebuildTransferFunctionScriptingTraits (0ms)
		AnalyzeDomain (234ms)
			TypeCache.Refresh (39ms)
				TypeCache.ScanAssembly (1ms)
			BuildScriptInfoCaches (177ms)
			ResolveRequiredComponents (11ms)
	FinalizeReload (1218ms)
		ReleaseScriptCaches (0ms)
		RebuildScriptCaches (0ms)
		SetupLoadedEditorAssemblies (960ms)
			LogAssemblyErrors (0ms)
			InitializePlatformSupportModulesInManaged (5ms)
			SetLoadedEditorAssemblies (13ms)
			BeforeProcessingInitializeOnLoad (243ms)
			ProcessInitializeOnLoadAttributes (526ms)
			ProcessInitializeOnLoadMethodAttributes (172ms)
			AfterProcessingInitializeOnLoad (1ms)
			EditorAssembliesLoaded (1ms)
		ExecutionOrderSort2 (0ms)
		AwakeInstancesAfterBackupRestoration (12ms)
WARNING: Shader Unsupported: 'Universal Render Pipeline/VR/SpatialMapping/Wireframe' - All subshaders removed
WARNING: Shader Did you use #pragma only_renderers and omit this platform?
WARNING: Shader If subshaders removal was intentional, you may have forgotten turning Fallback off?
WARNING: Shader Unsupported: 'Universal Render Pipeline/VR/SpatialMapping/Wireframe' - All subshaders removed
WARNING: Shader Did you use #pragma only_renderers and omit this platform?
WARNING: Shader If subshaders removal was intentional, you may have forgotten turning Fallback off?
Refreshing native plugins compatible for Editor in 2.00 ms, found 8 plugins.
Preloading 0 native plugins for Editor in 0.00 ms.
Unloading 27 Unused Serialized files (Serialized files now loaded: 0)
Unloading 7409 unused Assets / (6.0 MB). Loaded Objects now: 8346.
Memory consumption went from 309.0 MB to 303.0 MB.
Total: 14.014292 ms (FindLiveObjects: 2.371083 ms CreateObjectMapping: 0.265458 ms MarkObjects: 7.168125 ms  DeleteObjects: 4.208958 ms)

Prepare: number of updated asset objects reloaded= 0
========================================================================
Received Prepare
WARNING: Shader Unsupported: 'Universal Render Pipeline/VR/SpatialMapping/Wireframe' - All subshaders removed
WARNING: Shader Did you use #pragma only_renderers and omit this platform?
WARNING: Shader If subshaders removal was intentional, you may have forgotten turning Fallback off?
WARNING: Shader Unsupported: 'Universal Render Pipeline/VR/SpatialMapping/Wireframe' - All subshaders removed
WARNING: Shader Did you use #pragma only_renderers and omit this platform?
WARNING: Shader If subshaders removal was intentional, you may have forgotten turning Fallback off?
Refreshing native plugins compatible for Editor in 4.71 ms, found 8 plugins.
Preloading 0 native plugins for Editor in 0.00 ms.
Unloading 29 Unused Serialized files (Serialized files now loaded: 0)
Unloading 7376 unused Assets / (6.2 MB). Loaded Objects now: 8349.
Memory consumption went from 231.3 MB to 225.0 MB.
Total: 58.784000 ms (FindLiveObjects: 1.288041 ms CreateObjectMapping: 0.245417 ms MarkObjects: 51.170417 ms  DeleteObjects: 6.079500 ms)

Prepare: number of updated asset objects reloaded= 0
========================================================================
Received Prepare
Begin MonoManager ReloadAssembly
[Licensing::Client] Successfully resolved entitlement details
Thread 0x16b9b3000 may have been prematurely finalized
ADTM: Control thread waiting for realtime thread timed out, have to lock...
- Loaded All Assemblies, in  2.770 seconds
Refreshing native plugins compatible for Editor in 2.25 ms, found 8 plugins.
Assertion failed on expression: 'pred(*previous, *i)'
Assertion failed on expression: 'pred(*previous, *i)'
Assertion failed on expression: 'pred(*previous, *i)'
Assertion failed on expression: 'pred(*previous, *i)'
Assertion failed on expression: 'pred(*previous, *i)'
Assertion failed on expression: 'pred(*previous, *i)'
Assertion failed on expression: 'pred(*previous, *i)'
Assertion failed on expression: 'pred(*previous, *i)'
Assertion failed on expression: 'pred(*previous, *i)'
Assertion failed on expression: 'pred(*previous, *i)'
Assertion failed on expression: 'pred(*previous, *i)'
Assertion failed on expression: 'pred(*previous, *i)'
Assertion failed on expression: 'pred(*previous, *i)'
Assertion failed on expression: 'pred(*previous, *i)'
Assertion failed on expression: 'pred(*previous, *i)'
Assertion failed on expression: 'pred(*previous, *i)'
Assertion failed on expression: 'pred(*previous, *i)'
Assertion failed on expression: 'pred(*previous, *i)'
Assertion failed on expression: 'pred(*previous, *i)'
Assertion failed on expression: 'pred(*previous, *i)'
Assertion failed on expression: 'pred(*previous, *i)'
Assertion failed on expression: 'pred(*previous, *i)'
Assertion failed on expression: 'pred(*previous, *i)'
Assertion failed on expression: 'pred(*previous, *i)'
Assertion failed on expression: 'pred(*previous, *i)'
Assertion failed on expression: 'pred(*previous, *i)'
Assertion failed on expression: 'pred(*previous, *i)'
Assertion failed on expression: 'pred(*previous, *i)'
Assertion failed on expression: 'pred(*previous, *i)'
Assertion failed on expression: 'pred(*previous, *i)'
Assertion failed on expression: 'pred(*previous, *i)'
Assertion failed on expression: 'pred(*previous, *i)'
Assertion failed on expression: 'pred(*previous, *i)'
Assertion failed on expression: 'pred(*previous, *i)'
Assertion failed on expression: 'pred(*previous, *i)'
Assertion failed on expression: 'pred(*previous, *i)'
Assertion failed on expression: 'pred(*previous, *i)'
Assertion failed on expression: 'pred(*previous, *i)'
Assertion failed on expression: 'pred(*previous, *i)'
Native extension for OSXStandalone target not found
Native extension for WebGL target not found
[Package Manager] Failed to launch server process. Reason: Unity was launched with the -noUpm command-line argument
[Package Manager] Unable to send message (not connected to server process).
[Package Manager] Cannot connect to Unity Package Manager local server
ScheduleIndexationOnStartup MainProcess:False IndexOnStartup:True
Mono: successfully reloaded assembly
[Package Manager] Failed to launch server process. Reason: Unity was launched with the -noUpm command-line argument
[Package Manager] Unable to send message (not connected to server process).
[Package Manager] Cannot connect to Unity Package Manager local server
- Finished resetting the current domain, in  1.335 seconds
Domain Reload Profiling: 4109ms
	BeginReloadAssembly (1664ms)
		ExecutionOrderSort (0ms)
		DisableScriptedObjects (39ms)
		BackupInstance (0ms)
		ReleaseScriptingObjects (3ms)
		CreateAndSetChildDomain (1245ms)
	RebuildCommonClasses (54ms)
	RebuildNativeTypeToScriptingClass (18ms)
	initialDomainReloadingComplete (47ms)
	LoadAllAssembliesAndSetupDomain (990ms)
		LoadAssemblies (728ms)
		RebuildTransferFunctionScriptingTraits (0ms)
		AnalyzeDomain (474ms)
			TypeCache.Refresh (273ms)
				TypeCache.ScanAssembly (184ms)
			BuildScriptInfoCaches (172ms)
			ResolveRequiredComponents (22ms)
	FinalizeReload (1335ms)
		ReleaseScriptCaches (0ms)
		RebuildScriptCaches (0ms)
		SetupLoadedEditorAssemblies (1049ms)
			LogAssemblyErrors (0ms)
			InitializePlatformSupportModulesInManaged (2ms)
			SetLoadedEditorAssemblies (8ms)
			BeforeProcessingInitializeOnLoad (244ms)
			ProcessInitializeOnLoadAttributes (549ms)
			ProcessInitializeOnLoadMethodAttributes (245ms)
			AfterProcessingInitializeOnLoad (1ms)
			EditorAssembliesLoaded (1ms)
		ExecutionOrderSort2 (0ms)
		AwakeInstancesAfterBackupRestoration (30ms)
WARNING: Shader Unsupported: 'Universal Render Pipeline/VR/SpatialMapping/Wireframe' - All subshaders removed
WARNING: Shader Did you use #pragma only_renderers and omit this platform?
WARNING: Shader If subshaders removal was intentional, you may have forgotten turning Fallback off?
WARNING: Shader Unsupported: 'Universal Render Pipeline/VR/SpatialMapping/Wireframe' - All subshaders removed
WARNING: Shader Did you use #pragma only_renderers and omit this platform?
WARNING: Shader If subshaders removal was intentional, you may have forgotten turning Fallback off?
Refreshing native plugins compatible for Editor in 2.28 ms, found 8 plugins.
Preloading 0 native plugins for Editor in 0.00 ms.
Unloading 28 Unused Serialized files (Serialized files now loaded: 0)
Unloading 7433 unused Assets / (8.3 MB). Loaded Objects now: 8364.
Memory consumption went from 313.6 MB to 305.3 MB.
Total: 22.994375 ms (FindLiveObjects: 3.285958 ms CreateObjectMapping: 0.483208 ms MarkObjects: 13.340375 ms  DeleteObjects: 5.884375 ms)

Prepare: number of updated asset objects reloaded= 0
========================================================================
Received Import Request.
  Time since last request: 3302.841697 seconds.
  path: Assets/InputSystem_Actions.inputactions
  artifactKey: Guid(052faaac586de48259a63d0c4782560b) Importer(2089858483,b0f066a214c2f5e87bad3c948f4d605d)
Start importing Assets/InputSystem_Actions.inputactions using Guid(052faaac586de48259a63d0c4782560b) Importer(2089858483,b0f066a214c2f5e87bad3c948f4d605d) (ScriptedImporter) -> (artifact id: 'eb157c03933344b03c57845b98105fdf') in 0.46220225 seconds
Number of updated asset objects reloaded before import = 0Number of asset objects unloaded after import = 21

========================================================================
Received Import Request.
  Time since last request: 0.000105 seconds.
  path: Assets/Samples/XR Interaction Toolkit/3.3.1/XR Interaction Simulator/Hand Expressions
  artifactKey: Guid(d88f975fd5f5e4ed6a56998765d40b4c) Importer(2089858483,b0f066a214c2f5e87bad3c948f4d605d)
Start importing Assets/Samples/XR Interaction Toolkit/3.3.1/XR Interaction Simulator/Hand Expressions using Guid(d88f975fd5f5e4ed6a56998765d40b4c) Importer(2089858483,b0f066a214c2f5e87bad3c948f4d605d) (ScriptedImporter) -> (artifact id: '41e7732b0ab8e8c770dc48121fb89a6e') in 0.003403208 seconds
Number of updated asset objects reloaded before import = 0Number of asset objects unloaded after import = 1

========================================================================
Received Import Request.
  Time since last request: 0.000093 seconds.
  path: Assets/Samples/XR Interaction Toolkit/3.3.1/XR Interaction Simulator/UI/Modes/NavigationMode@2x.png
  artifactKey: Guid(4d2bd0d57837a4c7fb2320a5edb4a318) Importer(2089858483,b0f066a214c2f5e87bad3c948f4d605d)
Start importing Assets/Samples/XR Interaction Toolkit/3.3.1/XR Interaction Simulator/UI/Modes/NavigationMode@2x.png using Guid(4d2bd0d57837a4c7fb2320a5edb4a318) Importer(2089858483,b0f066a214c2f5e87bad3c948f4d605d) (ScriptedImporter) -> (artifact id: '4fb1218737ff783d6777548cbe7b0229') in 0.080630625 seconds
Number of updated asset objects reloaded before import = 0Number of asset objects unloaded after import = 3

========================================================================
Received Import Request.
  Time since last request: 0.000213 seconds.
  path: Assets/Samples/XR Interaction Toolkit/3.3.1/XR Interaction Simulator/UI/Hands/Poke.png
  artifactKey: Guid(8511a3a1d58364d7da8521c56be3feaa) Importer(2089858483,b0f066a214c2f5e87bad3c948f4d605d)
Start importing Assets/Samples/XR Interaction Toolkit/3.3.1/XR Interaction Simulator/UI/Hands/Poke.png using Guid(8511a3a1d58364d7da8521c56be3feaa) Importer(2089858483,b0f066a214c2f5e87bad3c948f4d605d) (ScriptedImporter) -> (artifact id: '0af36a33c1844ccd6b668541d6cfa4cf') in 0.010210792 seconds
Number of updated asset objects reloaded before import = 0Number of asset objects unloaded after import = 3

========================================================================
Received Import Request.
  Time since last request: 0.000278 seconds.
  path: Assets/Samples/XR Interaction Toolkit/3.3.1/XR Interaction Simulator/UI/Translate
  artifactKey: Guid(e8eb417b4200e47e29818139ba6cdbf6) Importer(2089858483,b0f066a214c2f5e87bad3c948f4d605d)
Start importing Assets/Samples/XR Interaction Toolkit/3.3.1/XR Interaction Simulator/UI/Translate using Guid(e8eb417b4200e47e29818139ba6cdbf6) Importer(2089858483,b0f066a214c2f5e87bad3c948f4d605d) (ScriptedImporter) -> (artifact id: '16e7ee53628a68046800286bc161fe00') in 0.002387458 seconds
Number of updated asset objects reloaded before import = 0Number of asset objects unloaded after import = 1

========================================================================
Received Import Request.
  Time since last request: 0.000080 seconds.
  path: Assets/Samples/XR Interaction Toolkit/3.3.1/XR Interaction Simulator/XR Interaction Hand Controls.inputactions
  artifactKey: Guid(1f7ec93f6b8c84f5981db5008b5859cd) Importer(2089858483,b0f066a214c2f5e87bad3c948f4d605d)
Start importing Assets/Samples/XR Interaction Toolkit/3.3.1/XR Interaction Simulator/XR Interaction Hand Controls.inputactions using Guid(1f7ec93f6b8c84f5981db5008b5859cd) Importer(2089858483,b0f066a214c2f5e87bad3c948f4d605d) (ScriptedImporter) -> (artifact id: '8ce4269ca323ead75c633c87479898ce') in 0.009776792 seconds
Number of updated asset objects reloaded before import = 0Number of asset objects unloaded after import = 9

========================================================================
Received Import Request.
  Time since last request: 0.000040 seconds.
  path: Assets/Samples/XR Interaction Toolkit/3.3.1/XR Interaction Simulator/UI/Hands/Hand_Right.png
  artifactKey: Guid(c4d8b8565bef1451b94058ebfcab985d) Importer(2089858483,b0f066a214c2f5e87bad3c948f4d605d)
Start importing Assets/Samples/XR Interaction Toolkit/3.3.1/XR Interaction Simulator/UI/Hands/Hand_Right.png using Guid(c4d8b8565bef1451b94058ebfcab985d) Importer(2089858483,b0f066a214c2f5e87bad3c948f4d605d) (ScriptedImporter) -> (artifact id: '18641282e93fe35b8611555a4d09e9b2') in 0.00920025 seconds
Number of updated asset objects reloaded before import = 0Number of asset objects unloaded after import = 3

========================================================================
Received Import Request.
  Time since last request: 0.000053 seconds.
  path: Assets/Samples/XR Interaction Toolkit/3.3.1/XR Interaction Simulator/UI/Hands/Grab.png
  artifactKey: Guid(4ed93528617394a9fa8e25193e497fee) Importer(2089858483,b0f066a214c2f5e87bad3c948f4d605d)
Start importing Assets/Samples/XR Interaction Toolkit/3.3.1/XR Interaction Simulator/UI/Hands/Grab.png using Guid(4ed93528617394a9fa8e25193e497fee) Importer(2089858483,b0f066a214c2f5e87bad3c948f4d605d) (ScriptedImporter) -> (artifact id: '62be3969da3345d9379bb8edf6b4eb8a') in 0.009499042 seconds
Number of updated asset objects reloaded before import = 0Number of asset objects unloaded after import = 3

========================================================================
Received Import Request.
  Time since last request: 0.000073 seconds.
  path: Assets/Samples/XR Interaction Toolkit/3.3.1/XR Interaction Simulator/Hand Expressions/Poke Expression Capture.asset
  artifactKey: Guid(ac5d39631059b48e7adac17367aa3908) Importer(2089858483,b0f066a214c2f5e87bad3c948f4d605d)
Start importing Assets/Samples/XR Interaction Toolkit/3.3.1/XR Interaction Simulator/Hand Expressions/Poke Expression Capture.asset using Guid(ac5d39631059b48e7adac17367aa3908) Importer(2089858483,b0f066a214c2f5e87bad3c948f4d605d) (ScriptedImporter) -> (artifact id: '8b1f2cc4c3a802b7774c48be42992e98') in 0.01228625 seconds
Number of updated asset objects reloaded before import = 0Number of asset objects unloaded after import = 2

========================================================================
Received Import Request.
  Time since last request: 0.000061 seconds.
  path: Assets/Samples/XR Interaction Toolkit/3.3.1/XR Interaction Simulator/UI/Translate/TranslateDown.png
  artifactKey: Guid(e0fd4b1a727e94e57832e369a6bcaebd) Importer(2089858483,b0f066a214c2f5e87bad3c948f4d605d)
Start importing Assets/Samples/XR Interaction Toolkit/3.3.1/XR Interaction Simulator/UI/Translate/TranslateDown.png using Guid(e0fd4b1a727e94e57832e369a6bcaebd) Importer(2089858483,b0f066a214c2f5e87bad3c948f4d605d) (ScriptedImporter) -> (artifact id: '9ab43d2021e7217def85b0e8a7307f71') in 0.007101958 seconds
Number of updated asset objects reloaded before import = 0Number of asset objects unloaded after import = 3

========================================================================
Received Import Request.
  Time since last request: 0.000061 seconds.
  path: Assets/Samples/XR Interaction Toolkit/3.3.1/XR Device Simulator/UI/XR Device Simulator UI.prefab
  artifactKey: Guid(ead42e0472b7547fbba6c229aeaf37d3) Importer(2089858483,b0f066a214c2f5e87bad3c948f4d605d)
Start importing Assets/Samples/XR Interaction Toolkit/3.3.1/XR Device Simulator/UI/XR Device Simulator UI.prefab using Guid(ead42e0472b7547fbba6c229aeaf37d3) Importer(2089858483,b0f066a214c2f5e87bad3c948f4d605d) (ScriptedImporter) -> (artifact id: '408e1aee3ec3f095acd3268c1a4a7aee') in 0.149034375 seconds
Number of updated asset objects reloaded before import = 0Number of asset objects unloaded after import = 765

========================================================================
Received Import Request.
  Time since last request: 0.000122 seconds.
  path: Assets/Samples/XR Interaction Toolkit/3.3.1/XR Device Simulator/Hand Expression Captures/Fist Expression Capture.asset
  artifactKey: Guid(2a7c8ca0feac7cc44a5c225164ef311d) Importer(2089858483,b0f066a214c2f5e87bad3c948f4d605d)
Start importing Assets/Samples/XR Interaction Toolkit/3.3.1/XR Device Simulator/Hand Expression Captures/Fist Expression Capture.asset using Guid(2a7c8ca0feac7cc44a5c225164ef311d) Importer(2089858483,b0f066a214c2f5e87bad3c948f4d605d) (ScriptedImporter) -> (artifact id: 'e309965eb265a084cc68472f0fbcca42') in 0.004443833 seconds
Number of updated asset objects reloaded before import = 0Number of asset objects unloaded after import = 2

========================================================================
Received Import Request.
  Time since last request: 0.000075 seconds.
  path: Assets/Samples/XR Interaction Toolkit/3.3.1/XR Interaction Simulator/UI/Hands/LeftHandOutline@2x.png
  artifactKey: Guid(b658f477a2ba14f238604081771bf274) Importer(2089858483,b0f066a214c2f5e87bad3c948f4d605d)
Start importing Assets/Samples/XR Interaction Toolkit/3.3.1/XR Interaction Simulator/UI/Hands/LeftHandOutline@2x.png using Guid(b658f477a2ba14f238604081771bf274) Importer(2089858483,b0f066a214c2f5e87bad3c948f4d605d) (ScriptedImporter) -> (artifact id: 'a643082972ab5d6970c55d9dba035a48') in 0.0094135 seconds
Number of updated asset objects reloaded before import = 0Number of asset objects unloaded after import = 3

========================================================================
Received Import Request.
  Time since last request: 0.000105 seconds.
  path: Assets/Samples/XR Interaction Toolkit/3.3.1/XR Interaction Simulator/UI/Highlight
  artifactKey: Guid(09e02e2a169b66e4cb3f67fa4951f4ce) Importer(2089858483,b0f066a214c2f5e87bad3c948f4d605d)
Start importing Assets/Samples/XR Interaction Toolkit/3.3.1/XR Interaction Simulator/UI/Highlight using Guid(09e02e2a169b66e4cb3f67fa4951f4ce) Importer(2089858483,b0f066a214c2f5e87bad3c948f4d605d) (ScriptedImporter) -> (artifact id: 'd12c59ddc7b1b30815d4c5d1fc48e4ac') in 0.003260833 seconds
Number of updated asset objects reloaded before import = 0Number of asset objects unloaded after import = 1

========================================================================
Received Import Request.
  Time since last request: 0.000150 seconds.
  path: Assets/Samples/XR Interaction Toolkit/3.3.1/XR Device Simulator/Hand Expression Captures
  artifactKey: Guid(6e328aec6ff17084fb147d5b790becee) Importer(2089858483,b0f066a214c2f5e87bad3c948f4d605d)
Start importing Assets/Samples/XR Interaction Toolkit/3.3.1/XR Device Simulator/Hand Expression Captures using Guid(6e328aec6ff17084fb147d5b790becee) Importer(2089858483,b0f066a214c2f5e87bad3c948f4d605d) (ScriptedImporter) -> (artifact id: 'da2ee24cab8feea94c91a25852167847') in 0.003034833 seconds
Number of updated asset objects reloaded before import = 0Number of asset objects unloaded after import = 1

========================================================================
Received Import Request.
  Time since last request: 0.000182 seconds.
  path: Assets/Samples/XR Interaction Toolkit/3.3.1/XR Device Simulator/Hand Expression Captures/Poke Expression Capture.asset
  artifactKey: Guid(95c319715e9d2644da8ae09af8ccfee6) Importer(2089858483,b0f066a214c2f5e87bad3c948f4d605d)
Start importing Assets/Samples/XR Interaction Toolkit/3.3.1/XR Device Simulator/Hand Expression Captures/Poke Expression Capture.asset using Guid(95c319715e9d2644da8ae09af8ccfee6) Importer(2089858483,b0f066a214c2f5e87bad3c948f4d605d) (ScriptedImporter) -> (artifact id: '3adf044b068959945bc00ea5fcbfe2ad') in 0.004199167 seconds
Number of updated asset objects reloaded before import = 0Number of asset objects unloaded after import = 2

========================================================================
Received Import Request.
  Time since last request: 0.000051 seconds.
  path: Assets/Samples/XR Interaction Toolkit/3.3.1/XR Device Simulator/UI/Hands
  artifactKey: Guid(83f134399f6a4734c9c82f339cbf170a) Importer(2089858483,b0f066a214c2f5e87bad3c948f4d605d)
Start importing Assets/Samples/XR Interaction Toolkit/3.3.1/XR Device Simulator/UI/Hands using Guid(83f134399f6a4734c9c82f339cbf170a) Importer(2089858483,b0f066a214c2f5e87bad3c948f4d605d) (ScriptedImporter) -> (artifact id: '0537f09b01cf339026cc283095b85df4') in 0.0025405 seconds
Number of updated asset objects reloaded before import = 0Number of asset objects unloaded after import = 1

========================================================================
Received Import Request.
  Time since last request: 0.000136 seconds.
  path: Assets/Samples/XR Interaction Toolkit/3.3.1/XR Device Simulator/UI/Controller/ControllerLeft.png
  artifactKey: Guid(10abf1be8eef148d4aa4b96b2af7a9f0) Importer(2089858483,b0f066a214c2f5e87bad3c948f4d605d)
Start importing Assets/Samples/XR Interaction Toolkit/3.3.1/XR Device Simulator/UI/Controller/ControllerLeft.png using Guid(10abf1be8eef148d4aa4b96b2af7a9f0) Importer(2089858483,b0f066a214c2f5e87bad3c948f4d605d) (ScriptedImporter) -> (artifact id: '4cc57f187c3b678653ea585dd234d6db') in 0.032987458 seconds
Number of updated asset objects reloaded before import = 0Number of asset objects unloaded after import = 3

========================================================================
Received Import Request.
  Time since last request: 0.000064 seconds.
  path: Assets/Samples/XR Interaction Toolkit/3.3.1/World Space UI/Materials/Telport Anchor.mat
  artifactKey: Guid(a1fb561b65019974b9885aab723be147) Importer(2089858483,b0f066a214c2f5e87bad3c948f4d605d)
Start importing Assets/Samples/XR Interaction Toolkit/3.3.1/World Space UI/Materials/Telport Anchor.mat using Guid(a1fb561b65019974b9885aab723be147) Importer(2089858483,b0f066a214c2f5e87bad3c948f4d605d) (ScriptedImporter) -> (artifact id: 'cbe17b98cfa94e08126c28213af69f01') in 0.0479235 seconds
Number of updated asset objects reloaded before import = 0Number of asset objects unloaded after import = 2

========================================================================
Received Import Request.
  Time since last request: 0.000069 seconds.
  path: Assets/Samples/XR Interaction Toolkit/3.3.1/XR Device Simulator/Scripts/XRDeviceSimulatorControllerUI.cs
  artifactKey: Guid(a907ece591e731e49b5d7be45f089972) Importer(2089858483,b0f066a214c2f5e87bad3c948f4d605d)
Start importing Assets/Samples/XR Interaction Toolkit/3.3.1/XR Device Simulator/Scripts/XRDeviceSimulatorControllerUI.cs using Guid(a907ece591e731e49b5d7be45f089972) Importer(2089858483,b0f066a214c2f5e87bad3c948f4d605d) (ScriptedImporter) -> (artifact id: 'd1c4954e39950f780b39f4a921ebf990') in 0.003429417 seconds
Number of updated asset objects reloaded before import = 0Number of asset objects unloaded after import = 0

========================================================================
Received Import Request.
  Time since last request: 0.000067 seconds.
  path: Assets/Samples/XR Interaction Toolkit/3.3.1/XR Interaction Simulator/Scripts
  artifactKey: Guid(15bdba6829c554c0a9e70eaf0ffae219) Importer(2089858483,b0f066a214c2f5e87bad3c948f4d605d)
Start importing Assets/Samples/XR Interaction Toolkit/3.3.1/XR Interaction Simulator/Scripts using Guid(15bdba6829c554c0a9e70eaf0ffae219) Importer(2089858483,b0f066a214c2f5e87bad3c948f4d605d) (ScriptedImporter) -> (artifact id: '913728b5e491217c390ae52b0654121a') in 0.002785417 seconds
Number of updated asset objects reloaded before import = 0Number of asset objects unloaded after import = 1

========================================================================
Received Import Request.
  Time since last request: 0.000124 seconds.
  path: Assets/Samples/XR Interaction Toolkit/3.3.1/XR Interaction Simulator/UI/Translate/TranslateForward@2x.png
  artifactKey: Guid(e1be5a83864ad4b0eb0031e575739dc0) Importer(2089858483,b0f066a214c2f5e87bad3c948f4d605d)
Start importing Assets/Samples/XR Interaction Toolkit/3.3.1/XR Interaction Simulator/UI/Translate/TranslateForward@2x.png using Guid(e1be5a83864ad4b0eb0031e575739dc0) Importer(2089858483,b0f066a214c2f5e87bad3c948f4d605d) (ScriptedImporter) -> (artifact id: 'f13e28c394c737f22b0ff109f17d0816') in 0.012171208 seconds
Number of updated asset objects reloaded before import = 0Number of asset objects unloaded after import = 3

========================================================================
Received Prepare
WARNING: Shader Unsupported: 'Universal Render Pipeline/VR/SpatialMapping/Wireframe' - All subshaders removed
WARNING: Shader Did you use #pragma only_renderers and omit this platform?
WARNING: Shader If subshaders removal was intentional, you may have forgotten turning Fallback off?
WARNING: Shader Unsupported: 'Universal Render Pipeline/VR/SpatialMapping/Wireframe' - All subshaders removed
WARNING: Shader Did you use #pragma only_renderers and omit this platform?
WARNING: Shader If subshaders removal was intentional, you may have forgotten turning Fallback off?
Refreshing native plugins compatible for Editor in 6.37 ms, found 8 plugins.
Preloading 0 native plugins for Editor in 0.00 ms.
Unloading 29 Unused Serialized files (Serialized files now loaded: 0)
Unloading 7377 unused Assets / (6.1 MB). Loaded Objects now: 8352.
Memory consumption went from 238.2 MB to 232.1 MB.
Total: 37.214583 ms (FindLiveObjects: 0.637750 ms CreateObjectMapping: 0.224875 ms MarkObjects: 30.836291 ms  DeleteObjects: 5.514750 ms)

Prepare: number of updated asset objects reloaded= 0
========================================================================
Received Import Request.
  Time since last request: 2.550433 seconds.
  path: Assets/Samples/XR Interaction Toolkit/3.3.1/World Space UI/UI Toolkit Documents/XRIScrollviewSampleDocument.uxml
  artifactKey: Guid(d21b61ae9346d6244b72ef58d9c94ff7) Importer(2089858483,b0f066a214c2f5e87bad3c948f4d605d)
Start importing Assets/Samples/XR Interaction Toolkit/3.3.1/World Space UI/UI Toolkit Documents/XRIScrollviewSampleDocument.uxml using Guid(d21b61ae9346d6244b72ef58d9c94ff7) Importer(2089858483,b0f066a214c2f5e87bad3c948f4d605d) (ScriptedImporter) -> (artifact id: '3b1437552b7acdbbba355e48abe80225') in 0.204241959 seconds
Number of updated asset objects reloaded before import = 0Number of asset objects unloaded after import = 4

========================================================================
Received Import Request.
  Time since last request: 0.000114 seconds.
  path: Assets/Samples/XR Interaction Toolkit/3.3.1/World Space UI/Editor/Scripts/WorldSpaceUISampleProjectValidation.cs
  artifactKey: Guid(0acd880f841411a45b98d82a47aaee3f) Importer(2089858483,b0f066a214c2f5e87bad3c948f4d605d)
Start importing Assets/Samples/XR Interaction Toolkit/3.3.1/World Space UI/Editor/Scripts/WorldSpaceUISampleProjectValidation.cs using Guid(0acd880f841411a45b98d82a47aaee3f) Importer(2089858483,b0f066a214c2f5e87bad3c948f4d605d) (ScriptedImporter) -> (artifact id: 'ec3cff28b796eaa9ced21d87961f4be3') in 0.006531125 seconds
Number of updated asset objects reloaded before import = 0Number of asset objects unloaded after import = 0

========================================================================
Received Import Request.
  Time since last request: 0.000106 seconds.
  path: Assets/Samples/XR Interaction Toolkit/3.3.1/World Space UI/UI Toolkit Documents
  artifactKey: Guid(765ca93f25388c248bba36f8ec313ded) Importer(2089858483,b0f066a214c2f5e87bad3c948f4d605d)
Start importing Assets/Samples/XR Interaction Toolkit/3.3.1/World Space UI/UI Toolkit Documents using Guid(765ca93f25388c248bba36f8ec313ded) Importer(2089858483,b0f066a214c2f5e87bad3c948f4d605d) (ScriptedImporter) -> (artifact id: 'f8cec7829fdce7db9472f96729f0a6b8') in 0.009848875 seconds
Number of updated asset objects reloaded before import = 0Number of asset objects unloaded after import = 1

========================================================================
Received Import Request.
  Time since last request: 0.000085 seconds.
  path: Assets/Samples/XR Interaction Toolkit/3.3.1/World Space UI/UI Toolkit Panel Settings
  artifactKey: Guid(4bbe41dd81ce7044282803f7eb96d63f) Importer(2089858483,b0f066a214c2f5e87bad3c948f4d605d)
Start importing Assets/Samples/XR Interaction Toolkit/3.3.1/World Space UI/UI Toolkit Panel Settings using Guid(4bbe41dd81ce7044282803f7eb96d63f) Importer(2089858483,b0f066a214c2f5e87bad3c948f4d605d) (ScriptedImporter) -> (artifact id: '694f374e3b99c026d96e8e9278aca034') in 0.00370125 seconds
Number of updated asset objects reloaded before import = 0Number of asset objects unloaded after import = 1

========================================================================
Received Import Request.
  Time since last request: 0.000204 seconds.
  path: Assets/Samples/XR Interaction Toolkit/3.3.1/Starter Assets/Scripts/Quit.cs
  artifactKey: Guid(7a9c16e1e28f249bc9227cde85d888c5) Importer(815301076,1909f56bfc062723c751e8b465ee728b)
Start importing Assets/Samples/XR Interaction Toolkit/3.3.1/Starter Assets/Scripts/Quit.cs using Guid(7a9c16e1e28f249bc9227cde85d888c5) Importer(815301076,1909f56bfc062723c751e8b465ee728b) (PreviewImporter) -> (artifact id: 'cf8a90728c7edd7ecc929c5c4950da9e') in 0.001669 seconds
Number of updated asset objects reloaded before import = 0Number of asset objects unloaded after import = 0

========================================================================
Received Import Request.
  Time since last request: 0.000294 seconds.
  path: Assets/Samples/XR Interaction Toolkit/3.3.1/World Space UI/Scripts/ButtonEventSample.cs
  artifactKey: Guid(5345bc124e1e3414ebfe45fcefcf17a7) Importer(2089858483,b0f066a214c2f5e87bad3c948f4d605d)
Start importing Assets/Samples/XR Interaction Toolkit/3.3.1/World Space UI/Scripts/ButtonEventSample.cs using Guid(5345bc124e1e3414ebfe45fcefcf17a7) Importer(2089858483,b0f066a214c2f5e87bad3c948f4d605d) (ScriptedImporter) -> (artifact id: '270835bd973949071b8da798d20b3017') in 0.008408208 seconds
Number of updated asset objects reloaded before import = 0Number of asset objects unloaded after import = 0

========================================================================
Received Import Request.
  Time since last request: 0.000469 seconds.
  path: Assets/Samples/XR Interaction Toolkit/3.3.1/World Space UI/Models/Spatial Panel Manipulator Model.fbx
  artifactKey: Guid(529fcee213f6ba44e8158287e9daee49) Importer(2089858483,b0f066a214c2f5e87bad3c948f4d605d)
Start importing Assets/Samples/XR Interaction Toolkit/3.3.1/World Space UI/Models/Spatial Panel Manipulator Model.fbx using Guid(529fcee213f6ba44e8158287e9daee49) Importer(2089858483,b0f066a214c2f5e87bad3c948f4d605d) (ScriptedImporter) -> (artifact id: '7391536a4ffde8e75c09870772b51c92') in 0.085534417 seconds
Number of updated asset objects reloaded before import = 0Number of asset objects unloaded after import = 7

========================================================================
Received Import Request.
  Time since last request: 0.000079 seconds.
  path: Assets/Samples/XR Interaction Toolkit/3.3.1/World Space UI/Materials/MaterialPipelineHandler.asset
  artifactKey: Guid(ab8fca812e0a6d34089e89dc6e9b76c9) Importer(2089858483,b0f066a214c2f5e87bad3c948f4d605d)
Start importing Assets/Samples/XR Interaction Toolkit/3.3.1/World Space UI/Materials/MaterialPipelineHandler.asset using Guid(ab8fca812e0a6d34089e89dc6e9b76c9) Importer(2089858483,b0f066a214c2f5e87bad3c948f4d605d) (ScriptedImporter) -> (artifact id: '2661a4420e22ce0c8d46b448d7133bdb') in 0.01298475 seconds
Number of updated asset objects reloaded before import = 0Number of asset objects unloaded after import = 4

========================================================================
Received Import Request.
  Time since last request: 0.000068 seconds.
  path: Assets/Samples/XR Interaction Toolkit/3.3.1/World Space UI/UI Toolkit Documents/UIToolkitHeaderDocument.uxml
  artifactKey: Guid(1d7df8ebf042043478078c57e5233f04) Importer(2089858483,b0f066a214c2f5e87bad3c948f4d605d)
Start importing Assets/Samples/XR Interaction Toolkit/3.3.1/World Space UI/UI Toolkit Documents/UIToolkitHeaderDocument.uxml using Guid(1d7df8ebf042043478078c57e5233f04) Importer(2089858483,b0f066a214c2f5e87bad3c948f4d605d) (ScriptedImporter) -> (artifact id: '1ec803dc23349ca65ff31921c57ea8ba') in 0.007356541 seconds
Number of updated asset objects reloaded before import = 0Number of asset objects unloaded after import = 2

========================================================================
Received Import Request.
  Time since last request: 0.000105 seconds.
  path: Assets/Samples/XR Interaction Toolkit/3.3.1/World Space UI/Prefabs/UI Toolkit Grab UI.prefab
  artifactKey: Guid(c6b4b184963f45b4f82ef507fe7e2e5c) Importer(2089858483,b0f066a214c2f5e87bad3c948f4d605d)
Start importing Assets/Samples/XR Interaction Toolkit/3.3.1/World Space UI/Prefabs/UI Toolkit Grab UI.prefab using Guid(c6b4b184963f45b4f82ef507fe7e2e5c) Importer(2089858483,b0f066a214c2f5e87bad3c948f4d605d) (ScriptedImporter) -> (artifact id: 'ae95230f8c55ef97ec694d013e5d30ef') in 0.122016958 seconds
Number of updated asset objects reloaded before import = 0Number of asset objects unloaded after import = 51

========================================================================
Received Import Request.
  Time since last request: 0.072584 seconds.
  path: Assets/Samples/XR Interaction Toolkit/3.3.1/World Space UI/Models
  artifactKey: Guid(c7bfcc2b35e71204bbbd98396c043780) Importer(2089858483,b0f066a214c2f5e87bad3c948f4d605d)
Start importing Assets/Samples/XR Interaction Toolkit/3.3.1/World Space UI/Models using Guid(c7bfcc2b35e71204bbbd98396c043780) Importer(2089858483,b0f066a214c2f5e87bad3c948f4d605d) (ScriptedImporter) -> (artifact id: 'bfc5d10d9a1517e12664c2a1e48854d3') in 0.007791 seconds
Number of updated asset objects reloaded before import = 0Number of asset objects unloaded after import = 1

========================================================================
Received Import Request.
  Time since last request: 0.000073 seconds.
  path: Assets/Samples/XR Interaction Toolkit/3.3.1/Starter Assets/Materials/New Material.mat
  artifactKey: Guid(7c31201502db942bca870678e74b68dc) Importer(2089858483,b0f066a214c2f5e87bad3c948f4d605d)
Start importing Assets/Samples/XR Interaction Toolkit/3.3.1/Starter Assets/Materials/New Material.mat using Guid(7c31201502db942bca870678e74b68dc) Importer(2089858483,b0f066a214c2f5e87bad3c948f4d605d) (ScriptedImporter) -> (artifact id: 'c8fe9c2d4bff8526e6f93bd300b825bc') in 0.062263 seconds
Number of updated asset objects reloaded before import = 0Number of asset objects unloaded after import = 7

========================================================================
Received Import Request.
  Time since last request: 0.000056 seconds.
  path: Assets/Samples/XR Interaction Toolkit/3.3.1/Starter Assets/Materials/WallMaterial3.mat
  artifactKey: Guid(8e425dbf6d597419691eacf490d1be3b) Importer(2089858483,b0f066a214c2f5e87bad3c948f4d605d)
Start importing Assets/Samples/XR Interaction Toolkit/3.3.1/Starter Assets/Materials/WallMaterial3.mat using Guid(8e425dbf6d597419691eacf490d1be3b) Importer(2089858483,b0f066a214c2f5e87bad3c948f4d605d) (ScriptedImporter) -> (artifact id: '596a7b203f791cf1472427bceaa55104') in 0.016470208 seconds
Number of updated asset objects reloaded before import = 0Number of asset objects unloaded after import = 1

========================================================================
Received Import Request.
  Time since last request: 0.000156 seconds.
  path: Assets/Samples/XR Interaction Toolkit/3.3.1/Hands Interaction Demo/HandsDemoSceneAssets/Prefabs/Disc.prefab
  artifactKey: Guid(54a010e086d816242aedcc5be9e8b1b5) Importer(2089858483,b0f066a214c2f5e87bad3c948f4d605d)
Start importing Assets/Samples/XR Interaction Toolkit/3.3.1/Hands Interaction Demo/HandsDemoSceneAssets/Prefabs/Disc.prefab using Guid(54a010e086d816242aedcc5be9e8b1b5) Importer(2089858483,b0f066a214c2f5e87bad3c948f4d605d) (ScriptedImporter) -> (artifact id: '21f92ff385ef244b624a77008c42600f') in 0.043467042 seconds
Number of updated asset objects reloaded before import = 0Number of asset objects unloaded after import = 31

========================================================================
Received Import Request.
  Time since last request: 0.000232 seconds.
  path: Assets/Samples/XR Interaction Toolkit/3.3.1/Hands Interaction Demo/HandsDemoSceneAssets/Scripts
  artifactKey: Guid(7a569e7260117d1418a7faa6fd6fda2c) Importer(2089858483,b0f066a214c2f5e87bad3c948f4d605d)
Start importing Assets/Samples/XR Interaction Toolkit/3.3.1/Hands Interaction Demo/HandsDemoSceneAssets/Scripts using Guid(7a569e7260117d1418a7faa6fd6fda2c) Importer(2089858483,b0f066a214c2f5e87bad3c948f4d605d) (ScriptedImporter) -> (artifact id: '3a9a27b5c9c015a4c38756a98a5c9082') in 0.003126834 seconds
Number of updated asset objects reloaded before import = 0Number of asset objects unloaded after import = 1

========================================================================
Received Import Request.
  Time since last request: 0.155157 seconds.
  path: Assets/Samples/XR Interaction Toolkit/3.3.1/Hands Interaction Demo/Shaders/Subgraphs/OneFingerHighlight.shadersubgraph
  artifactKey: Guid(b8fd0258d5743d74290d71cbca4d556b) Importer(2089858483,b0f066a214c2f5e87bad3c948f4d605d)
Start importing Assets/Samples/XR Interaction Toolkit/3.3.1/Hands Interaction Demo/Shaders/Subgraphs/OneFingerHighlight.shadersubgraph using Guid(b8fd0258d5743d74290d71cbca4d556b) Importer(2089858483,b0f066a214c2f5e87bad3c948f4d605d) (ScriptedImporter) -> (artifact id: 'eda7484e266da59a363fa566b42624f9') in 0.017643166 seconds
Number of updated asset objects reloaded before import = 0Number of asset objects unloaded after import = 1

========================================================================
Received Import Request.
  Time since last request: 0.000116 seconds.
  path: Assets/Samples/XR Interaction Toolkit/3.3.1/Hands Interaction Demo/Materials/DepthOnly.mat
  artifactKey: Guid(455ef821a5429de4baeed61fa958acbc) Importer(2089858483,b0f066a214c2f5e87bad3c948f4d605d)
Start importing Assets/Samples/XR Interaction Toolkit/3.3.1/Hands Interaction Demo/Materials/DepthOnly.mat using Guid(455ef821a5429de4baeed61fa958acbc) Importer(2089858483,b0f066a214c2f5e87bad3c948f4d605d) (ScriptedImporter) -> (artifact id: 'bee18d555084ab956ea209eab2cd6fb7') in 0.005306333 seconds
Number of updated asset objects reloaded before import = 0Number of asset objects unloaded after import = 2

========================================================================
Received Import Request.
  Time since last request: 0.000064 seconds.
  path: Assets/Samples/XR Interaction Toolkit/3.3.1/Hands Interaction Demo/HandsDemoSceneAssets/Prefabs/UI/TouchPadButton.prefab
  artifactKey: Guid(b0c78422845bac948a9080175e57ffff) Importer(2089858483,b0f066a214c2f5e87bad3c948f4d605d)
Start importing Assets/Samples/XR Interaction Toolkit/3.3.1/Hands Interaction Demo/HandsDemoSceneAssets/Prefabs/UI/TouchPadButton.prefab using Guid(b0c78422845bac948a9080175e57ffff) Importer(2089858483,b0f066a214c2f5e87bad3c948f4d605d) (ScriptedImporter) -> (artifact id: '4e083bf2e8a17b72034509562d0bb8e5') in 0.061468833 seconds
Number of updated asset objects reloaded before import = 0Number of asset objects unloaded after import = 24

========================================================================
Received Import Request.
  Time since last request: 0.000141 seconds.
  path: Assets/Samples/XR Interaction Toolkit/3.3.1/Hands Interaction Demo/Materials
  artifactKey: Guid(614cc8f4f782c8347835fa12ab57d034) Importer(2089858483,b0f066a214c2f5e87bad3c948f4d605d)
Start importing Assets/Samples/XR Interaction Toolkit/3.3.1/Hands Interaction Demo/Materials using Guid(614cc8f4f782c8347835fa12ab57d034) Importer(2089858483,b0f066a214c2f5e87bad3c948f4d605d) (ScriptedImporter) -> (artifact id: 'a4d61d895b42ef5025a116ee221e489b') in 0.0036005 seconds
Number of updated asset objects reloaded before import = 0Number of asset objects unloaded after import = 1

========================================================================
Received Import Request.
  Time since last request: 0.000047 seconds.
  path: Assets/Samples/XR Interaction Toolkit/3.3.1/Hands Interaction Demo/Editor/Scripts/HandsSampleProjectValidation.cs
  artifactKey: Guid(0deb305527bf17143801528616ee4f73) Importer(2089858483,b0f066a214c2f5e87bad3c948f4d605d)
Start importing Assets/Samples/XR Interaction Toolkit/3.3.1/Hands Interaction Demo/Editor/Scripts/HandsSampleProjectValidation.cs using Guid(0deb305527bf17143801528616ee4f73) Importer(2089858483,b0f066a214c2f5e87bad3c948f4d605d) (ScriptedImporter) -> (artifact id: 'ccd4b4dc95ea875966a27b93c90f6474') in 0.006041 seconds
Number of updated asset objects reloaded before import = 0Number of asset objects unloaded after import = 0

========================================================================
Received Import Request.
  Time since last request: 0.000066 seconds.
  path: Assets/Samples/XR Interaction Toolkit/3.3.1/Hands Interaction Demo/DatumPresets
  artifactKey: Guid(9024548be6607c7498776620cbf54adf) Importer(2089858483,b0f066a214c2f5e87bad3c948f4d605d)
Start importing Assets/Samples/XR Interaction Toolkit/3.3.1/Hands Interaction Demo/DatumPresets using Guid(9024548be6607c7498776620cbf54adf) Importer(2089858483,b0f066a214c2f5e87bad3c948f4d605d) (ScriptedImporter) -> (artifact id: '8e453bb07c35de4f06699028573ffda4') in 0.004992 seconds
Number of updated asset objects reloaded before import = 0Number of asset objects unloaded after import = 1

========================================================================
Received Import Request.
  Time since last request: 0.190144 seconds.
  path: Assets/Samples/XR Interaction Toolkit/3.3.1/Hands Interaction Demo/HandsDemoSceneAssets/Materials
  artifactKey: Guid(4031454b2e45d3843a7beb52d8dc1c38) Importer(2089858483,b0f066a214c2f5e87bad3c948f4d605d)
Start importing Assets/Samples/XR Interaction Toolkit/3.3.1/Hands Interaction Demo/HandsDemoSceneAssets/Materials using Guid(4031454b2e45d3843a7beb52d8dc1c38) Importer(2089858483,b0f066a214c2f5e87bad3c948f4d605d) (ScriptedImporter) -> (artifact id: '349b5e03ab5e38bfcc6253e48a286967') in 0.006125083 seconds
Number of updated asset objects reloaded before import = 0Number of asset objects unloaded after import = 1

========================================================================
Received Import Request.
  Time since last request: 0.000191 seconds.
  path: Assets/Samples/XR Interaction Toolkit/3.3.1/Hands Interaction Demo/Shaders/Unity_Hand_Noise_HDR.shadergraph
  artifactKey: Guid(882bbd70d867c23418d3e8aef80294aa) Importer(2089858483,b0f066a214c2f5e87bad3c948f4d605d)
Start importing Assets/Samples/XR Interaction Toolkit/3.3.1/Hands Interaction Demo/Shaders/Unity_Hand_Noise_HDR.shadergraph using Guid(882bbd70d867c23418d3e8aef80294aa) Importer(2089858483,b0f066a214c2f5e87bad3c948f4d605d) (ScriptedImporter) -> (artifact id: '8c252cd44407d375b2882e6ce8843ca1') in 0.56708325 seconds
Number of updated asset objects reloaded before import = 0Number of asset objects unloaded after import = 10

========================================================================
Received Import Request.
  Time since last request: 0.000137 seconds.
  path: Assets/Samples/XR Interaction Toolkit/3.3.1/Hands Interaction Demo/DatumPresets/Under Watch Hands Follow Preset.asset
  artifactKey: Guid(5c3063cefe11749438f60126cef83288) Importer(2089858483,b0f066a214c2f5e87bad3c948f4d605d)
Start importing Assets/Samples/XR Interaction Toolkit/3.3.1/Hands Interaction Demo/DatumPresets/Under Watch Hands Follow Preset.asset using Guid(5c3063cefe11749438f60126cef83288) Importer(2089858483,b0f066a214c2f5e87bad3c948f4d605d) (ScriptedImporter) -> (artifact id: 'b822ac2f487aca7c1d45dcedd6638901') in 0.019879791 seconds
Number of updated asset objects reloaded before import = 0Number of asset objects unloaded after import = 1

========================================================================
Received Import Request.
  Time since last request: 0.000076 seconds.
  path: Assets/Samples/XR Interaction Toolkit/3.3.1/Hands Interaction Demo/HandsDemoSceneAssets/Models/VirtualTabletop.fbx
  artifactKey: Guid(365907f61b8b39a48aab9aacd4588f45) Importer(2089858483,b0f066a214c2f5e87bad3c948f4d605d)
Start importing Assets/Samples/XR Interaction Toolkit/3.3.1/Hands Interaction Demo/HandsDemoSceneAssets/Models/VirtualTabletop.fbx using Guid(365907f61b8b39a48aab9aacd4588f45) Importer(2089858483,b0f066a214c2f5e87bad3c948f4d605d) (ScriptedImporter) -> (artifact id: '3a55de54eb3d1c6436ac841fb5c6d098') in 0.02147075 seconds
Number of updated asset objects reloaded before import = 0Number of asset objects unloaded after import = 8

========================================================================
Received Import Request.
  Time since last request: 0.000126 seconds.
  path: Assets/Samples/XR Interaction Toolkit/3.3.1/Hands Interaction Demo/HandsDemoSceneAssets/Models
  artifactKey: Guid(244d416b583e0204289c36456c6419cd) Importer(2089858483,b0f066a214c2f5e87bad3c948f4d605d)
Start importing Assets/Samples/XR Interaction Toolkit/3.3.1/Hands Interaction Demo/HandsDemoSceneAssets/Models using Guid(244d416b583e0204289c36456c6419cd) Importer(2089858483,b0f066a214c2f5e87bad3c948f4d605d) (ScriptedImporter) -> (artifact id: '2f5e0d28aafdcc2d356a4f7c5dfb55dc') in 0.008842459 seconds
Number of updated asset objects reloaded before import = 0Number of asset objects unloaded after import = 1

========================================================================
Received Import Request.
  Time since last request: 0.000037 seconds.
  path: Assets/Samples/XR Interaction Toolkit/3.3.1/Hands Interaction Demo/Prefabs/RightHandAndroidXRVisual.prefab
  artifactKey: Guid(db3e5aca7f72adb40a12ecd3ce5c17f3) Importer(2089858483,b0f066a214c2f5e87bad3c948f4d605d)
Start importing Assets/Samples/XR Interaction Toolkit/3.3.1/Hands Interaction Demo/Prefabs/RightHandAndroidXRVisual.prefab using Guid(db3e5aca7f72adb40a12ecd3ce5c17f3) Importer(2089858483,b0f066a214c2f5e87bad3c948f4d605d) (ScriptedImporter) -> (artifact id: '107cd933fb004efe4acef619efd52f7c') in 0.003902583 seconds
Number of updated asset objects reloaded before import = 0Number of asset objects unloaded after import = 2

========================================================================
Received Import Request.
  Time since last request: 0.000045 seconds.
  path: Assets/Samples/XR Interaction Toolkit/3.3.1/Hands Interaction Demo/HandsDemoSceneAssets/Affordances/CapsuleScale.asset
  artifactKey: Guid(e5acc2ade2588d44fb53e968cd702099) Importer(2089858483,b0f066a214c2f5e87bad3c948f4d605d)
Start importing Assets/Samples/XR Interaction Toolkit/3.3.1/Hands Interaction Demo/HandsDemoSceneAssets/Affordances/CapsuleScale.asset using Guid(e5acc2ade2588d44fb53e968cd702099) Importer(2089858483,b0f066a214c2f5e87bad3c948f4d605d) (ScriptedImporter) -> (artifact id: '37114c4f17b39e7d519b33ad1339c584') in 0.017696 seconds
Number of updated asset objects reloaded before import = 0Number of asset objects unloaded after import = 1

========================================================================
Received Import Request.
  Time since last request: 0.000077 seconds.
  path: Assets/Samples/XR Interaction Toolkit/3.3.1/Hands Interaction Demo/HandsDemoSceneAssets/Scripts/TransformSync.cs
  artifactKey: Guid(f22671673eaaae848b70290eb3a1350c) Importer(2089858483,b0f066a214c2f5e87bad3c948f4d605d)
Start importing Assets/Samples/XR Interaction Toolkit/3.3.1/Hands Interaction Demo/HandsDemoSceneAssets/Scripts/TransformSync.cs using Guid(f22671673eaaae848b70290eb3a1350c) Importer(2089858483,b0f066a214c2f5e87bad3c948f4d605d) (ScriptedImporter) -> (artifact id: '1a57292af7e496bb409bd4ee3cd67ea2') in 0.00231025 seconds
Number of updated asset objects reloaded before import = 0Number of asset objects unloaded after import = 0

========================================================================
Received Import Request.
  Time since last request: 0.157716 seconds.
  path: Assets/Samples/XR Interaction Toolkit/3.3.1/Hands Interaction Demo/HandsDemoSceneAssets/Models/Primitives
  artifactKey: Guid(7a06a8ab6416c4c4ba584cb0cdc219d4) Importer(2089858483,b0f066a214c2f5e87bad3c948f4d605d)
Start importing Assets/Samples/XR Interaction Toolkit/3.3.1/Hands Interaction Demo/HandsDemoSceneAssets/Models/Primitives using Guid(7a06a8ab6416c4c4ba584cb0cdc219d4) Importer(2089858483,b0f066a214c2f5e87bad3c948f4d605d) (ScriptedImporter) -> (artifact id: '207b4afe8cc5a863ad8c75761e0db80c') in 0.006417375 seconds
Number of updated asset objects reloaded before import = 0Number of asset objects unloaded after import = 1

========================================================================
Received Import Request.
  Time since last request: 0.000054 seconds.
  path: Assets/Samples/XR Interaction Toolkit/3.3.1/Hands Interaction Demo/Textures/CombinedFingerIndexHighlight.png
  artifactKey: Guid(323e734c56102e643a829e6f33533314) Importer(2089858483,b0f066a214c2f5e87bad3c948f4d605d)
Start importing Assets/Samples/XR Interaction Toolkit/3.3.1/Hands Interaction Demo/Textures/CombinedFingerIndexHighlight.png using Guid(323e734c56102e643a829e6f33533314) Importer(2089858483,b0f066a214c2f5e87bad3c948f4d605d) (ScriptedImporter) -> (artifact id: 'a5490f3cf263dd5b225551e50f24c9af') in 0.0139265 seconds
Number of updated asset objects reloaded before import = 0Number of asset objects unloaded after import = 1

========================================================================
Received Import Request.
  Time since last request: 0.000086 seconds.
  path: Assets/Samples/XR Interaction Toolkit/3.3.1/Hands Interaction Demo/HandsDemoSceneAssets/Prefabs/Arrow.prefab
  artifactKey: Guid(d56cf1aacbea4704cac4d7983df1a0ad) Importer(2089858483,b0f066a214c2f5e87bad3c948f4d605d)
Start importing Assets/Samples/XR Interaction Toolkit/3.3.1/Hands Interaction Demo/HandsDemoSceneAssets/Prefabs/Arrow.prefab using Guid(d56cf1aacbea4704cac4d7983df1a0ad) Importer(2089858483,b0f066a214c2f5e87bad3c948f4d605d) (ScriptedImporter) -> (artifact id: 'cd4d2d2e83272e4d16bf7154da94ecde') in 0.022311833 seconds
Number of updated asset objects reloaded before import = 0Number of asset objects unloaded after import = 38

========================================================================
Received Import Request.
  Time since last request: 0.000044 seconds.
  path: Assets/Samples/XR Interaction Toolkit/3.3.1/Hands Interaction Demo/Scripts/LocalPositionOffsetAffordanceReceiver.cs
  artifactKey: Guid(865d01d2834c9cb4caa8f2c901104c2d) Importer(2089858483,b0f066a214c2f5e87bad3c948f4d605d)
Start importing Assets/Samples/XR Interaction Toolkit/3.3.1/Hands Interaction Demo/Scripts/LocalPositionOffsetAffordanceReceiver.cs using Guid(865d01d2834c9cb4caa8f2c901104c2d) Importer(2089858483,b0f066a214c2f5e87bad3c948f4d605d) (ScriptedImporter) -> (artifact id: '1c2a37225d6de9fd6389e713e7267dcf') in 0.008927833 seconds
Number of updated asset objects reloaded before import = 0Number of asset objects unloaded after import = 0

========================================================================
Received Import Request.
  Time since last request: 0.000056 seconds.
  path: Assets/Samples/XR Interaction Toolkit/3.3.1/Hands Interaction Demo/Shaders/Subgraphs
  artifactKey: Guid(4f0b4cf401045ea4ba36bf058f7e9a5e) Importer(2089858483,b0f066a214c2f5e87bad3c948f4d605d)
Start importing Assets/Samples/XR Interaction Toolkit/3.3.1/Hands Interaction Demo/Shaders/Subgraphs using Guid(4f0b4cf401045ea4ba36bf058f7e9a5e) Importer(2089858483,b0f066a214c2f5e87bad3c948f4d605d) (ScriptedImporter) -> (artifact id: 'c28279616b4290ba09780621f9f7d875') in 0.00391175 seconds
Number of updated asset objects reloaded before import = 0Number of asset objects unloaded after import = 1

========================================================================
Received Import Request.
  Time since last request: 0.000210 seconds.
  path: Assets/Samples/XR Interaction Toolkit/3.3.1/Hands Interaction Demo/HandsDemoSceneAssets/Prefabs
  artifactKey: Guid(e4059f18edfaa9a40a3a8744bb219e6d) Importer(2089858483,b0f066a214c2f5e87bad3c948f4d605d)
Start importing Assets/Samples/XR Interaction Toolkit/3.3.1/Hands Interaction Demo/HandsDemoSceneAssets/Prefabs using Guid(e4059f18edfaa9a40a3a8744bb219e6d) Importer(2089858483,b0f066a214c2f5e87bad3c948f4d605d) (ScriptedImporter) -> (artifact id: '033a38127dea1dd444ad8428ddcc8ccb') in 0.001887583 seconds
Number of updated asset objects reloaded before import = 0Number of asset objects unloaded after import = 1

========================================================================
Received Import Request.
  Time since last request: 0.000054 seconds.
  path: Assets/Samples/XR Interaction Toolkit/3.3.1/Hands Interaction Demo/HandsDemoSceneAssets/Affordances/Scale.asset
  artifactKey: Guid(6c5f857510aad3f4c8df41fd90e934a5) Importer(2089858483,b0f066a214c2f5e87bad3c948f4d605d)
Start importing Assets/Samples/XR Interaction Toolkit/3.3.1/Hands Interaction Demo/HandsDemoSceneAssets/Affordances/Scale.asset using Guid(6c5f857510aad3f4c8df41fd90e934a5) Importer(2089858483,b0f066a214c2f5e87bad3c948f4d605d) (ScriptedImporter) -> (artifact id: 'ddb844b3605761b17fdc569e067ab795') in 0.003389292 seconds
Number of updated asset objects reloaded before import = 0Number of asset objects unloaded after import = 1

========================================================================
Received Import Request.
  Time since last request: 0.000078 seconds.
  path: Assets/Samples/XR Interaction Toolkit/3.3.1/Hands Interaction Demo/HandsDemoSceneAssets/Prefabs/UI/ScrollHandMenu.prefab
  artifactKey: Guid(30194602712a0eb4980318e2379d1bb8) Importer(2089858483,b0f066a214c2f5e87bad3c948f4d605d)
Start importing Assets/Samples/XR Interaction Toolkit/3.3.1/Hands Interaction Demo/HandsDemoSceneAssets/Prefabs/UI/ScrollHandMenu.prefab using Guid(30194602712a0eb4980318e2379d1bb8) Importer(2089858483,b0f066a214c2f5e87bad3c948f4d605d) (ScriptedImporter) -> (artifact id: '7e8fae78e3b2a2c9b22a94936c5838d1') in 0.048954042 seconds
Number of updated asset objects reloaded before import = 0Number of asset objects unloaded after import = 243

========================================================================
Received Import Request.
  Time since last request: 0.240665 seconds.
  path: Assets/Samples/XR Interaction Toolkit/3.3.1/Hands Interaction Demo/HandsDemoScene.unity
  artifactKey: Guid(3ff35cecbcc52cc42945cf531638a60a) Importer(2089858483,b0f066a214c2f5e87bad3c948f4d605d)
Start importing Assets/Samples/XR Interaction Toolkit/3.3.1/Hands Interaction Demo/HandsDemoScene.unity using Guid(3ff35cecbcc52cc42945cf531638a60a) Importer(2089858483,b0f066a214c2f5e87bad3c948f4d605d) (ScriptedImporter) -> (artifact id: '11f4e564678125771c2559647384fe5e') in 0.01816525 seconds
Number of updated asset objects reloaded before import = 0Number of asset objects unloaded after import = 1

========================================================================
Received Import Request.
  Time since last request: 0.000087 seconds.
  path: Assets/Samples/XR Interaction Toolkit/3.3.1/Hands Interaction Demo/Prefabs/XR Origin Hands (XR Rig).prefab
  artifactKey: Guid(d6878e1999eb4b44a9f5a263af86c185) Importer(2089858483,b0f066a214c2f5e87bad3c948f4d605d)
Start importing Assets/Samples/XR Interaction Toolkit/3.3.1/Hands Interaction Demo/Prefabs/XR Origin Hands (XR Rig).prefab using Guid(d6878e1999eb4b44a9f5a263af86c185) Importer(2089858483,b0f066a214c2f5e87bad3c948f4d605d) (ScriptedImporter) -> (artifact id: 'bdbb339f2a364f3011c9ea49b24bff96') in 0.151019417 seconds
Number of updated asset objects reloaded before import = 0Number of asset objects unloaded after import = 746

========================================================================
Received Import Request.
  Time since last request: 0.000042 seconds.
  path: Assets/Samples/XR Interaction Toolkit/3.3.1/Hands Interaction Demo/HandsDemoSceneAssets/Materials/AccentButton.mat
  artifactKey: Guid(53c16fb5d5c516b40a1f6a8fc34132f3) Importer(2089858483,b0f066a214c2f5e87bad3c948f4d605d)
Start importing Assets/Samples/XR Interaction Toolkit/3.3.1/Hands Interaction Demo/HandsDemoSceneAssets/Materials/AccentButton.mat using Guid(53c16fb5d5c516b40a1f6a8fc34132f3) Importer(2089858483,b0f066a214c2f5e87bad3c948f4d605d) (ScriptedImporter) -> (artifact id: '5c228019d6d15fe2a33f76ed92c32274') in 0.008481917 seconds
Number of updated asset objects reloaded before import = 0Number of asset objects unloaded after import = 2

========================================================================
Received Import Request.
  Time since last request: 0.000190 seconds.
  path: Assets/Samples/XR Interaction Toolkit/3.3.1/Hands Interaction Demo/Shaders/Subgraphs/FadeFromCenter.shadersubgraph
  artifactKey: Guid(42ba907d16ca12e4ea44090883108545) Importer(2089858483,b0f066a214c2f5e87bad3c948f4d605d)
Start importing Assets/Samples/XR Interaction Toolkit/3.3.1/Hands Interaction Demo/Shaders/Subgraphs/FadeFromCenter.shadersubgraph using Guid(42ba907d16ca12e4ea44090883108545) Importer(2089858483,b0f066a214c2f5e87bad3c948f4d605d) (ScriptedImporter) -> (artifact id: '44509974df8c923dd5a19b7696863a70') in 0.00804525 seconds
Number of updated asset objects reloaded before import = 0Number of asset objects unloaded after import = 1

========================================================================
Received Import Request.
  Time since last request: 0.000130 seconds.
  path: Assets/Samples/XR Interaction Toolkit/3.3.1/Hands Interaction Demo/HandsDemoSceneAssets/Materials/Table Surface.mat
  artifactKey: Guid(6c72d2d2ead00e54db4b71b27ffb03d4) Importer(2089858483,b0f066a214c2f5e87bad3c948f4d605d)
Start importing Assets/Samples/XR Interaction Toolkit/3.3.1/Hands Interaction Demo/HandsDemoSceneAssets/Materials/Table Surface.mat using Guid(6c72d2d2ead00e54db4b71b27ffb03d4) Importer(2089858483,b0f066a214c2f5e87bad3c948f4d605d) (ScriptedImporter) -> (artifact id: '82fff76374b6bf317108e7c34ec5537e') in 0.006793625 seconds
Number of updated asset objects reloaded before import = 0Number of asset objects unloaded after import = 1

========================================================================
Received Import Request.
  Time since last request: 0.000064 seconds.
  path: Assets/Samples/XR Interaction Toolkit/3.3.1/Hands Interaction Demo/HandsDemoSceneAssets/Audio
  artifactKey: Guid(71a837b47f3069c4582a87e6a15555aa) Importer(2089858483,b0f066a214c2f5e87bad3c948f4d605d)
Start importing Assets/Samples/XR Interaction Toolkit/3.3.1/Hands Interaction Demo/HandsDemoSceneAssets/Audio using Guid(71a837b47f3069c4582a87e6a15555aa) Importer(2089858483,b0f066a214c2f5e87bad3c948f4d605d) (ScriptedImporter) -> (artifact id: '3611e84ab3ab3133b42f6073b49275e1') in 0.004903709 seconds
Number of updated asset objects reloaded before import = 0Number of asset objects unloaded after import = 1

========================================================================
Received Import Request.
  Time since last request: 0.000058 seconds.
  path: Assets/Samples/XR Interaction Toolkit/3.3.1/Hands Interaction Demo/HandsDemoSceneAssets/Prefabs/Cylinder.prefab
  artifactKey: Guid(531d9182cdbe93948a57bd87a1e47fdf) Importer(2089858483,b0f066a214c2f5e87bad3c948f4d605d)
Start importing Assets/Samples/XR Interaction Toolkit/3.3.1/Hands Interaction Demo/HandsDemoSceneAssets/Prefabs/Cylinder.prefab using Guid(531d9182cdbe93948a57bd87a1e47fdf) Importer(2089858483,b0f066a214c2f5e87bad3c948f4d605d) (ScriptedImporter) -> (artifact id: 'ab84c8bc3c1abbe0df4e227a759edcaf') in 0.013687833 seconds
Number of updated asset objects reloaded before import = 0Number of asset objects unloaded after import = 25

========================================================================
Received Import Request.
  Time since last request: 0.000056 seconds.
  path: Assets/Samples/XR Interaction Toolkit/3.3.1/Hands Interaction Demo/HandsDemoSceneAssets/Prefabs/AudioAffordance.prefab
  artifactKey: Guid(1c54cdd9a14d96049a8d37d422bd0e17) Importer(2089858483,b0f066a214c2f5e87bad3c948f4d605d)
Start importing Assets/Samples/XR Interaction Toolkit/3.3.1/Hands Interaction Demo/HandsDemoSceneAssets/Prefabs/AudioAffordance.prefab using Guid(1c54cdd9a14d96049a8d37d422bd0e17) Importer(2089858483,b0f066a214c2f5e87bad3c948f4d605d) (ScriptedImporter) -> (artifact id: '22346c513d0f4e6822b4e725e0dfb193') in 0.037006667 seconds
Number of updated asset objects reloaded before import = 0Number of asset objects unloaded after import = 9

========================================================================
Received Import Request.
  Time since last request: 0.000070 seconds.
  path: Assets/Samples/XR Interaction Toolkit/3.3.1/Hands Interaction Demo/AffordanceThemes/PinchPointHighlightColor.asset
  artifactKey: Guid(6b0360f219436394b8519378cd55c7e3) Importer(2089858483,b0f066a214c2f5e87bad3c948f4d605d)
Start importing Assets/Samples/XR Interaction Toolkit/3.3.1/Hands Interaction Demo/AffordanceThemes/PinchPointHighlightColor.asset using Guid(6b0360f219436394b8519378cd55c7e3) Importer(2089858483,b0f066a214c2f5e87bad3c948f4d605d) (ScriptedImporter) -> (artifact id: 'adc5cda99236f7889a6e5f6e3e6ac061') in 0.009855875 seconds
Number of updated asset objects reloaded before import = 0Number of asset objects unloaded after import = 1

========================================================================
Received Import Request.
  Time since last request: 0.000059 seconds.
  path: Assets/Samples/XR Interaction Toolkit/3.3.1/Hands Interaction Demo/AffordanceThemes/PinchPointColor.asset
  artifactKey: Guid(1468864c36cbf39428681b1f0d9ef149) Importer(2089858483,b0f066a214c2f5e87bad3c948f4d605d)
Start importing Assets/Samples/XR Interaction Toolkit/3.3.1/Hands Interaction Demo/AffordanceThemes/PinchPointColor.asset using Guid(1468864c36cbf39428681b1f0d9ef149) Importer(2089858483,b0f066a214c2f5e87bad3c948f4d605d) (ScriptedImporter) -> (artifact id: '3f4497082f29dc0bb4916fce44415ce3') in 0.005233416 seconds
Number of updated asset objects reloaded before import = 0Number of asset objects unloaded after import = 1

========================================================================
Received Import Request.
  Time since last request: 0.000057 seconds.
  path: Assets/Samples/XR Interaction Toolkit/3.3.1/Hands Interaction Demo/Scripts
  artifactKey: Guid(7186a71711b572d428850289265b52d8) Importer(2089858483,b0f066a214c2f5e87bad3c948f4d605d)
Start importing Assets/Samples/XR Interaction Toolkit/3.3.1/Hands Interaction Demo/Scripts using Guid(7186a71711b572d428850289265b52d8) Importer(2089858483,b0f066a214c2f5e87bad3c948f4d605d) (ScriptedImporter) -> (artifact id: 'bfbfbb6d76634c5bbadda3d969af9486') in 0.00411 seconds
Number of updated asset objects reloaded before import = 0Number of asset objects unloaded after import = 1

========================================================================
Received Import Request.
  Time since last request: 0.000058 seconds.
  path: Assets/Samples/XR Interaction Toolkit/3.3.1/Hands Interaction Demo/AffordanceThemes/PinchPointLocalTransformOffset.asset
  artifactKey: Guid(2826cece951f71642a19da5a2080a27c) Importer(2089858483,b0f066a214c2f5e87bad3c948f4d605d)
Start importing Assets/Samples/XR Interaction Toolkit/3.3.1/Hands Interaction Demo/AffordanceThemes/PinchPointLocalTransformOffset.asset using Guid(2826cece951f71642a19da5a2080a27c) Importer(2089858483,b0f066a214c2f5e87bad3c948f4d605d) (ScriptedImporter) -> (artifact id: '2ccbe01597af452eb5aa9d37018a4032') in 0.003100917 seconds
Number of updated asset objects reloaded before import = 0Number of asset objects unloaded after import = 1

========================================================================
Received Import Request.
  Time since last request: 0.000081 seconds.
  path: Assets/Samples/XR Interaction Toolkit/3.3.1/Hands Interaction Demo/HandsDemoSceneAssets/Materials/FrameOutline.mat
  artifactKey: Guid(54f7c59213ac02b4d9f00104348dbac3) Importer(2089858483,b0f066a214c2f5e87bad3c948f4d605d)
Start importing Assets/Samples/XR Interaction Toolkit/3.3.1/Hands Interaction Demo/HandsDemoSceneAssets/Materials/FrameOutline.mat using Guid(54f7c59213ac02b4d9f00104348dbac3) Importer(2089858483,b0f066a214c2f5e87bad3c948f4d605d) (ScriptedImporter) -> (artifact id: 'fa13a7bda1552bdbd85356254ce5475b') in 0.004668458 seconds
Number of updated asset objects reloaded before import = 0Number of asset objects unloaded after import = 1

========================================================================
Received Import Request.
  Time since last request: 0.000543 seconds.
  path: Assets/Samples/XR Interaction Toolkit/3.3.1/Hands Interaction Demo/Materials/Unity_Hand_Medium.mat
  artifactKey: Guid(61d033f3a51f40647a5458ea14f3b4af) Importer(2089858483,b0f066a214c2f5e87bad3c948f4d605d)
Start importing Assets/Samples/XR Interaction Toolkit/3.3.1/Hands Interaction Demo/Materials/Unity_Hand_Medium.mat using Guid(61d033f3a51f40647a5458ea14f3b4af) Importer(2089858483,b0f066a214c2f5e87bad3c948f4d605d) (ScriptedImporter) -> (artifact id: 'bbe20b4d2500c4ba570307a0204b12c7') in 0.386927583 seconds
Number of updated asset objects reloaded before import = 0Number of asset objects unloaded after import = 11

========================================================================
Received Import Request.
  Time since last request: 0.000114 seconds.
  path: Assets/Samples/XR Interaction Toolkit/3.3.1/Hands Interaction Demo/HandsDemoSceneAssets/Models/Frame.fbx
  artifactKey: Guid(171affcd2d7ddf545ae966acd2de57c2) Importer(2089858483,b0f066a214c2f5e87bad3c948f4d605d)
Start importing Assets/Samples/XR Interaction Toolkit/3.3.1/Hands Interaction Demo/HandsDemoSceneAssets/Models/Frame.fbx using Guid(171affcd2d7ddf545ae966acd2de57c2) Importer(2089858483,b0f066a214c2f5e87bad3c948f4d605d) (ScriptedImporter) -> (artifact id: '80a26eb50e31c5af57ab3290314e8448') in 0.028039875 seconds
Number of updated asset objects reloaded before import = 0Number of asset objects unloaded after import = 30

========================================================================
Received Import Request.
  Time since last request: 0.000063 seconds.
  path: Assets/Samples/XR Interaction Toolkit/3.3.1/Hands Interaction Demo/Scripts/ReleaseThresholdButtonReader.cs
  artifactKey: Guid(63f61d1c82c9fc6429ebd4791a4d6817) Importer(2089858483,b0f066a214c2f5e87bad3c948f4d605d)
Start importing Assets/Samples/XR Interaction Toolkit/3.3.1/Hands Interaction Demo/Scripts/ReleaseThresholdButtonReader.cs using Guid(63f61d1c82c9fc6429ebd4791a4d6817) Importer(2089858483,b0f066a214c2f5e87bad3c948f4d605d) (ScriptedImporter) -> (artifact id: 'ec05f7ad7e788dfda970065a5debfce5') in 0.002983917 seconds
Number of updated asset objects reloaded before import = 0Number of asset objects unloaded after import = 0

========================================================================
Received Import Request.
  Time since last request: 0.000113 seconds.
  path: Assets/Samples/XR Interaction Toolkit/3.3.1/Hands Interaction Demo/HandsDemoSceneAssets/Materials/RPMaterialHandler.asset
  artifactKey: Guid(84966892245e3a742b5a7a3e6d830f34) Importer(2089858483,b0f066a214c2f5e87bad3c948f4d605d)
Start importing Assets/Samples/XR Interaction Toolkit/3.3.1/Hands Interaction Demo/HandsDemoSceneAssets/Materials/RPMaterialHandler.asset using Guid(84966892245e3a742b5a7a3e6d830f34) Importer(2089858483,b0f066a214c2f5e87bad3c948f4d605d) (ScriptedImporter) -> (artifact id: '39f3c9e9c7ef3556d9d890833da5bbda') in 0.020913625 seconds
Number of updated asset objects reloaded before import = 0Number of asset objects unloaded after import = 9

========================================================================
Received Import Request.
  Time since last request: 0.000184 seconds.
  path: Assets/Samples/XR Interaction Toolkit/3.3.1/Hands Interaction Demo/Editor
  artifactKey: Guid(981a9b62b953c3045a7054300387cca1) Importer(2089858483,b0f066a214c2f5e87bad3c948f4d605d)
Start importing Assets/Samples/XR Interaction Toolkit/3.3.1/Hands Interaction Demo/Editor using Guid(981a9b62b953c3045a7054300387cca1) Importer(2089858483,b0f066a214c2f5e87bad3c948f4d605d) (ScriptedImporter) -> (artifact id: 'f46d9b3b76d9d4a902e3d40d3796289d') in 0.004464208 seconds
Number of updated asset objects reloaded before import = 0Number of asset objects unloaded after import = 1

========================================================================
Received Import Request.
  Time since last request: 0.169939 seconds.
  path: Assets/Samples/XR Interaction Toolkit/3.3.1/Hands Interaction Demo/AffordanceThemes/InteractionColor.asset
  artifactKey: Guid(2447c2ae63ed301429bb0f32f88ef8ce) Importer(2089858483,b0f066a214c2f5e87bad3c948f4d605d)
Start importing Assets/Samples/XR Interaction Toolkit/3.3.1/Hands Interaction Demo/AffordanceThemes/InteractionColor.asset using Guid(2447c2ae63ed301429bb0f32f88ef8ce) Importer(2089858483,b0f066a214c2f5e87bad3c948f4d605d) (ScriptedImporter) -> (artifact id: 'c81d0a5c144408eca528f7feb9ca9098') in 0.009357708 seconds
Number of updated asset objects reloaded before import = 0Number of asset objects unloaded after import = 1

========================================================================
Received Import Request.
  Time since last request: 0.000065 seconds.
  path: Assets/Samples/XR Interaction Toolkit/3.3.1/Hands Interaction Demo/HandsDemoSceneAssets/Scripts/ObjectResetPlane.cs
  artifactKey: Guid(54ce4268a4182384da360e6e2654d3a6) Importer(2089858483,b0f066a214c2f5e87bad3c948f4d605d)
Start importing Assets/Samples/XR Interaction Toolkit/3.3.1/Hands Interaction Demo/HandsDemoSceneAssets/Scripts/ObjectResetPlane.cs using Guid(54ce4268a4182384da360e6e2654d3a6) Importer(2089858483,b0f066a214c2f5e87bad3c948f4d605d) (ScriptedImporter) -> (artifact id: '40412255708ed25858dbb16c097f92db') in 0.00516375 seconds
Number of updated asset objects reloaded before import = 0Number of asset objects unloaded after import = 0

========================================================================
Received Import Request.
  Time since last request: 0.000074 seconds.
  path: Assets/Samples/XR Interaction Toolkit/3.3.1/Hands Interaction Demo/Scripts/OneEuroFilterVector3.cs
  artifactKey: Guid(8cf24614c456bc04c9adb820d19e35c5) Importer(2089858483,b0f066a214c2f5e87bad3c948f4d605d)
Start importing Assets/Samples/XR Interaction Toolkit/3.3.1/Hands Interaction Demo/Scripts/OneEuroFilterVector3.cs using Guid(8cf24614c456bc04c9adb820d19e35c5) Importer(2089858483,b0f066a214c2f5e87bad3c948f4d605d) (ScriptedImporter) -> (artifact id: '6697234b7bffe20377996443370e11bd') in 0.00476475 seconds
Number of updated asset objects reloaded before import = 0Number of asset objects unloaded after import = 0

========================================================================
Received Import Request.
  Time since last request: 0.001015 seconds.
  path: Assets/Samples/XR Interaction Toolkit/3.3.1/Hands Interaction Demo/HandsDemoSceneAssets/Prefabs/UI/ButtonHandMenu.prefab
  artifactKey: Guid(e2698219e3231e94c8765d49b9dd5cff) Importer(2089858483,b0f066a214c2f5e87bad3c948f4d605d)
Start importing Assets/Samples/XR Interaction Toolkit/3.3.1/Hands Interaction Demo/HandsDemoSceneAssets/Prefabs/UI/ButtonHandMenu.prefab using Guid(e2698219e3231e94c8765d49b9dd5cff) Importer(2089858483,b0f066a214c2f5e87bad3c948f4d605d) (ScriptedImporter) -> (artifact id: 'cf9a8ac248eb4d3ed1af644589e069d6') in 0.019145916 seconds
Number of updated asset objects reloaded before import = 0Number of asset objects unloaded after import = 272

========================================================================
Received Import Request.
  Time since last request: 0.000071 seconds.
  path: Assets/Samples/XR Interaction Toolkit/3.3.1/Hands Interaction Demo/Prefabs/HandInteractorAffordances.prefab
  artifactKey: Guid(67c52e745f2766644ba16bfb165e2659) Importer(2089858483,b0f066a214c2f5e87bad3c948f4d605d)
Start importing Assets/Samples/XR Interaction Toolkit/3.3.1/Hands Interaction Demo/Prefabs/HandInteractorAffordances.prefab using Guid(67c52e745f2766644ba16bfb165e2659) Importer(2089858483,b0f066a214c2f5e87bad3c948f4d605d) (ScriptedImporter) -> (artifact id: 'fa07f0e9b3ed275103810ef4ba73d12d') in 0.077383959 seconds
Number of updated asset objects reloaded before import = 0Number of asset objects unloaded after import = 11

========================================================================
Received Import Request.
  Time since last request: 0.000054 seconds.
  path: Assets/Samples/XR Interaction Toolkit/3.3.1/Hands Interaction Demo/HandsDemoSceneAssets/Prefabs/DiscController.prefab
  artifactKey: Guid(6b7188f9e149bd64cb26cec516eb470c) Importer(2089858483,b0f066a214c2f5e87bad3c948f4d605d)
Start importing Assets/Samples/XR Interaction Toolkit/3.3.1/Hands Interaction Demo/HandsDemoSceneAssets/Prefabs/DiscController.prefab using Guid(6b7188f9e149bd64cb26cec516eb470c) Importer(2089858483,b0f066a214c2f5e87bad3c948f4d605d) (ScriptedImporter) -> (artifact id: '8a71ef3354e18b48de8531a2a5b45fd3') in 0.032307875 seconds
Number of updated asset objects reloaded before import = 0Number of asset objects unloaded after import = 28

========================================================================
Received Import Request.
  Time since last request: 0.102463 seconds.
  path: Assets/Samples/XR Interaction Toolkit/3.3.1/XR Interaction Simulator/InteractionSimulator.asmdef
  artifactKey: Guid(e7433d84ae5734165bb783756d919d02) Importer(2089858483,b0f066a214c2f5e87bad3c948f4d605d)
Start importing Assets/Samples/XR Interaction Toolkit/3.3.1/XR Interaction Simulator/InteractionSimulator.asmdef using Guid(e7433d84ae5734165bb783756d919d02) Importer(2089858483,b0f066a214c2f5e87bad3c948f4d605d) (ScriptedImporter) -> (artifact id: 'a72e4d0c8c28c607f40ec9eb4e3ae144') in 0.002900667 seconds
Number of updated asset objects reloaded before import = 0Number of asset objects unloaded after import = 1

========================================================================
Received Import Request.
  Time since last request: 0.000050 seconds.
  path: Assets/Samples/XR Interaction Toolkit/3.3.1/Hands Interaction Demo/Shaders/Subgraphs/FadeFromCenterNoise.shadersubgraph
  artifactKey: Guid(d76b454bee8e3db44acf749b2f4ac142) Importer(2089858483,b0f066a214c2f5e87bad3c948f4d605d)
Start importing Assets/Samples/XR Interaction Toolkit/3.3.1/Hands Interaction Demo/Shaders/Subgraphs/FadeFromCenterNoise.shadersubgraph using Guid(d76b454bee8e3db44acf749b2f4ac142) Importer(2089858483,b0f066a214c2f5e87bad3c948f4d605d) (ScriptedImporter) -> (artifact id: '7635eafe0e665e005cf59b2380d3a0d7') in 0.009546083 seconds
Number of updated asset objects reloaded before import = 0Number of asset objects unloaded after import = 1

========================================================================
Received Import Request.
  Time since last request: 0.000056 seconds.
  path: Assets/Samples/XR Interaction Toolkit/3.3.1/Hands Interaction Demo/HandsDemoSceneAssets/Prefabs/UI/ScrollView.prefab
  artifactKey: Guid(cc0d6bd3aca3b5d4a986e27ce112e071) Importer(2089858483,b0f066a214c2f5e87bad3c948f4d605d)
Start importing Assets/Samples/XR Interaction Toolkit/3.3.1/Hands Interaction Demo/HandsDemoSceneAssets/Prefabs/UI/ScrollView.prefab using Guid(cc0d6bd3aca3b5d4a986e27ce112e071) Importer(2089858483,b0f066a214c2f5e87bad3c948f4d605d) (ScriptedImporter) -> (artifact id: 'fd324341bfcf00b80f9a5da2644a961c') in 0.040265666 seconds
Number of updated asset objects reloaded before import = 0Number of asset objects unloaded after import = 191

========================================================================
Received Import Request.
  Time since last request: 0.000056 seconds.
  path: Assets/Samples/XR Interaction Toolkit/3.3.1/Hands Interaction Demo/HandsDemoSceneAssets/Models/Primitives/Cylinder.fbx
  artifactKey: Guid(bf65382e5e6d14e7f8140e4204ce07e2) Importer(2089858483,b0f066a214c2f5e87bad3c948f4d605d)
Start importing Assets/Samples/XR Interaction Toolkit/3.3.1/Hands Interaction Demo/HandsDemoSceneAssets/Models/Primitives/Cylinder.fbx using Guid(bf65382e5e6d14e7f8140e4204ce07e2) Importer(2089858483,b0f066a214c2f5e87bad3c948f4d605d) (ScriptedImporter) -> (artifact id: '9e8581fe89a5ca89263b8d7f1f6d7242') in 0.008164917 seconds
Number of updated asset objects reloaded before import = 0Number of asset objects unloaded after import = 8

========================================================================
Received Import Request.
  Time since last request: 0.000080 seconds.
  path: Assets/Samples/XR Interaction Toolkit/3.3.1/Hands Interaction Demo/HandsDemoSceneAssets
  artifactKey: Guid(1a5d62171de539e4e9cb663b19180604) Importer(2089858483,b0f066a214c2f5e87bad3c948f4d605d)
Start importing Assets/Samples/XR Interaction Toolkit/3.3.1/Hands Interaction Demo/HandsDemoSceneAssets using Guid(1a5d62171de539e4e9cb663b19180604) Importer(2089858483,b0f066a214c2f5e87bad3c948f4d605d) (ScriptedImporter) -> (artifact id: 'b6e7e323b90a5a8b537995b5c3740f49') in 0.002559375 seconds
Number of updated asset objects reloaded before import = 0Number of asset objects unloaded after import = 1

========================================================================
Received Import Request.
  Time since last request: 0.000057 seconds.
  path: Assets/Samples/XR Interaction Toolkit/3.3.1/Hands Interaction Demo/Shaders
  artifactKey: Guid(aa895053b43d10944a6d46ec1ef78638) Importer(2089858483,b0f066a214c2f5e87bad3c948f4d605d)
Start importing Assets/Samples/XR Interaction Toolkit/3.3.1/Hands Interaction Demo/Shaders using Guid(aa895053b43d10944a6d46ec1ef78638) Importer(2089858483,b0f066a214c2f5e87bad3c948f4d605d) (ScriptedImporter) -> (artifact id: '125c50d11e5e4db82dd0e1d680f73659') in 0.00288725 seconds
Number of updated asset objects reloaded before import = 0Number of asset objects unloaded after import = 1

========================================================================
Received Import Request.
  Time since last request: 0.000216 seconds.
  path: Assets/Samples/XR Interaction Toolkit/3.3.1/Hands Interaction Demo/HandsDemoSceneAssets/Affordances/ChessPieceColor.asset
  artifactKey: Guid(c39d3614cd6089347a01b0743003ae34) Importer(2089858483,b0f066a214c2f5e87bad3c948f4d605d)
Start importing Assets/Samples/XR Interaction Toolkit/3.3.1/Hands Interaction Demo/HandsDemoSceneAssets/Affordances/ChessPieceColor.asset using Guid(c39d3614cd6089347a01b0743003ae34) Importer(2089858483,b0f066a214c2f5e87bad3c948f4d605d) (ScriptedImporter) -> (artifact id: '1dd0f9c1200d95b20ab6eaacbd076616') in 0.00385225 seconds
Number of updated asset objects reloaded before import = 0Number of asset objects unloaded after import = 1

========================================================================
Received Import Request.
  Time since last request: 0.000112 seconds.
  path: Assets/Samples/XR Interaction Toolkit/3.3.1/XR Interaction Simulator/UI/Hands/Hand_Left.png
  artifactKey: Guid(f4ae9f38f5d3b410f84c02c1486c64eb) Importer(2089858483,b0f066a214c2f5e87bad3c948f4d605d)
Start importing Assets/Samples/XR Interaction Toolkit/3.3.1/XR Interaction Simulator/UI/Hands/Hand_Left.png using Guid(f4ae9f38f5d3b410f84c02c1486c64eb) Importer(2089858483,b0f066a214c2f5e87bad3c948f4d605d) (ScriptedImporter) -> (artifact id: '4fe5e2e36835d386c29ee71b70c87fce') in 0.012745958 seconds
Number of updated asset objects reloaded before import = 0Number of asset objects unloaded after import = 3

========================================================================
Received Import Request.
  Time since last request: 0.000066 seconds.
  path: Assets/Samples/XR Interaction Toolkit/3.3.1/XR Interaction Simulator/UI/Headset/HeadsetOutline@2x.png
  artifactKey: Guid(b121d7be9654e4d019fe207d5efebed7) Importer(2089858483,b0f066a214c2f5e87bad3c948f4d605d)
Start importing Assets/Samples/XR Interaction Toolkit/3.3.1/XR Interaction Simulator/UI/Headset/HeadsetOutline@2x.png using Guid(b121d7be9654e4d019fe207d5efebed7) Importer(2089858483,b0f066a214c2f5e87bad3c948f4d605d) (ScriptedImporter) -> (artifact id: '197b8495f47519f0e7f66f97f779acdb') in 0.013839417 seconds
Number of updated asset objects reloaded before import = 0Number of asset objects unloaded after import = 3

========================================================================
Received Import Request.
  Time since last request: 0.000039 seconds.
  path: Assets/Samples/XR Interaction Toolkit/3.3.1/XR Device Simulator/XR Device Simulator Controls.inputactions
  artifactKey: Guid(da2b439d1a2de5c46a4f428f8cf4fe19) Importer(2089858483,b0f066a214c2f5e87bad3c948f4d605d)
Start importing Assets/Samples/XR Interaction Toolkit/3.3.1/XR Device Simulator/XR Device Simulator Controls.inputactions using Guid(da2b439d1a2de5c46a4f428f8cf4fe19) Importer(2089858483,b0f066a214c2f5e87bad3c948f4d605d) (ScriptedImporter) -> (artifact id: '4a08f6b192fed79883a715bcd24412ea') in 0.028731708 seconds
Number of updated asset objects reloaded before import = 0Number of asset objects unloaded after import = 28

========================================================================
Received Import Request.
  Time since last request: 0.000061 seconds.
  path: Assets/Samples/XR Interaction Toolkit/3.3.1/XR Interaction Simulator/UI/Hands/LeftHandOutlineThin@2x.png
  artifactKey: Guid(10965b4049d944e82bf6a78d4c23cfe6) Importer(2089858483,b0f066a214c2f5e87bad3c948f4d605d)
Start importing Assets/Samples/XR Interaction Toolkit/3.3.1/XR Interaction Simulator/UI/Hands/LeftHandOutlineThin@2x.png using Guid(10965b4049d944e82bf6a78d4c23cfe6) Importer(2089858483,b0f066a214c2f5e87bad3c948f4d605d) (ScriptedImporter) -> (artifact id: '3038ab8e755a7f2b94b2271a85ebad31') in 0.011875334 seconds
Number of updated asset objects reloaded before import = 0Number of asset objects unloaded after import = 3

========================================================================
Received Import Request.
  Time since last request: 0.000035 seconds.
  path: Assets/Samples/XR Interaction Toolkit/3.3.1/XR Interaction Simulator/UI/Rotate/ForwardRotate@2x.png
  artifactKey: Guid(b6f90cafdbfff47a4933a026c7bd32c1) Importer(2089858483,b0f066a214c2f5e87bad3c948f4d605d)
Start importing Assets/Samples/XR Interaction Toolkit/3.3.1/XR Interaction Simulator/UI/Rotate/ForwardRotate@2x.png using Guid(b6f90cafdbfff47a4933a026c7bd32c1) Importer(2089858483,b0f066a214c2f5e87bad3c948f4d605d) (ScriptedImporter) -> (artifact id: 'b91755d030aacfc552aec64484f5eec8') in 0.008048083 seconds
Number of updated asset objects reloaded before import = 0Number of asset objects unloaded after import = 3

========================================================================
Received Import Request.
  Time since last request: 0.000043 seconds.
  path: Assets/Samples/XR Interaction Toolkit/3.3.1/XR Device Simulator/UI/General/btn_bgbottom.png
  artifactKey: Guid(89cb99e3e22696848a1cbce7b320f520) Importer(2089858483,b0f066a214c2f5e87bad3c948f4d605d)
Start importing Assets/Samples/XR Interaction Toolkit/3.3.1/XR Device Simulator/UI/General/btn_bgbottom.png using Guid(89cb99e3e22696848a1cbce7b320f520) Importer(2089858483,b0f066a214c2f5e87bad3c948f4d605d) (ScriptedImporter) -> (artifact id: '2573f1d636831d08d636df997a065ade') in 0.007604791 seconds
Number of updated asset objects reloaded before import = 0Number of asset objects unloaded after import = 3

========================================================================
Received Import Request.
  Time since last request: 0.000060 seconds.
  path: Assets/Samples/XR Interaction Toolkit/3.3.1/XR Interaction Simulator/UI/Hands/Hands.png
  artifactKey: Guid(51dbca003875e4a13a6aa29047489e85) Importer(2089858483,b0f066a214c2f5e87bad3c948f4d605d)
Start importing Assets/Samples/XR Interaction Toolkit/3.3.1/XR Interaction Simulator/UI/Hands/Hands.png using Guid(51dbca003875e4a13a6aa29047489e85) Importer(2089858483,b0f066a214c2f5e87bad3c948f4d605d) (ScriptedImporter) -> (artifact id: '01926578ccf236284038f55a24cf70ac') in 0.009864542 seconds
Number of updated asset objects reloaded before import = 0Number of asset objects unloaded after import = 3

========================================================================
Received Prepare
Begin MonoManager ReloadAssembly
Thread 0x16b9b3000 may have been prematurely finalized
ADTM: Control thread waiting for realtime thread timed out, have to lock...
- Loaded All Assemblies, in  2.396 seconds
Refreshing native plugins compatible for Editor in 3.46 ms, found 8 plugins.
Assertion failed on expression: 'pred(*previous, *i)'
Assertion failed on expression: 'pred(*previous, *i)'
Assertion failed on expression: 'pred(*previous, *i)'
Assertion failed on expression: 'pred(*previous, *i)'
Assertion failed on expression: 'pred(*previous, *i)'
Assertion failed on expression: 'pred(*previous, *i)'
Assertion failed on expression: 'pred(*previous, *i)'
Assertion failed on expression: 'pred(*previous, *i)'
Assertion failed on expression: 'pred(*previous, *i)'
Assertion failed on expression: 'pred(*previous, *i)'
Assertion failed on expression: 'pred(*previous, *i)'
Assertion failed on expression: 'pred(*previous, *i)'
Assertion failed on expression: 'pred(*previous, *i)'
Assertion failed on expression: 'pred(*previous, *i)'
Assertion failed on expression: 'pred(*previous, *i)'
Assertion failed on expression: 'pred(*previous, *i)'
Assertion failed on expression: 'pred(*previous, *i)'
Assertion failed on expression: 'pred(*previous, *i)'
Assertion failed on expression: 'pred(*previous, *i)'
Assertion failed on expression: 'pred(*previous, *i)'
Assertion failed on expression: 'pred(*previous, *i)'
Assertion failed on expression: 'pred(*previous, *i)'
Assertion failed on expression: 'pred(*previous, *i)'
Assertion failed on expression: 'pred(*previous, *i)'
Assertion failed on expression: 'pred(*previous, *i)'
Assertion failed on expression: 'pred(*previous, *i)'
Assertion failed on expression: 'pred(*previous, *i)'
Assertion failed on expression: 'pred(*previous, *i)'
Assertion failed on expression: 'pred(*previous, *i)'
Assertion failed on expression: 'pred(*previous, *i)'
Assertion failed on expression: 'pred(*previous, *i)'
Assertion failed on expression: 'pred(*previous, *i)'
Assertion failed on expression: 'pred(*previous, *i)'
Assertion failed on expression: 'pred(*previous, *i)'
Assertion failed on expression: 'pred(*previous, *i)'
Assertion failed on expression: 'pred(*previous, *i)'
Assertion failed on expression: 'pred(*previous, *i)'
Assertion failed on expression: 'pred(*previous, *i)'
Assertion failed on expression: 'pred(*previous, *i)'
Native extension for OSXStandalone target not found
Native extension for WebGL target not found
[Package Manager] Failed to launch server process. Reason: Unity was launched with the -noUpm command-line argument
[Package Manager] Unable to send message (not connected to server process).
[Package Manager] Cannot connect to Unity Package Manager local server
ScheduleIndexationOnStartup MainProcess:False IndexOnStartup:True
Mono: successfully reloaded assembly
[Package Manager] Failed to launch server process. Reason: Unity was launched with the -noUpm command-line argument
[Package Manager] Unable to send message (not connected to server process).
[Package Manager] Cannot connect to Unity Package Manager local server
- Finished resetting the current domain, in  1.680 seconds
Domain Reload Profiling: 4082ms
	BeginReloadAssembly (1563ms)
		ExecutionOrderSort (0ms)
		DisableScriptedObjects (17ms)
		BackupInstance (0ms)
		ReleaseScriptingObjects (1ms)
		CreateAndSetChildDomain (1257ms)
	RebuildCommonClasses (37ms)
	RebuildNativeTypeToScriptingClass (19ms)
	initialDomainReloadingComplete (36ms)
	LoadAllAssembliesAndSetupDomain (746ms)
		LoadAssemblies (575ms)
		RebuildTransferFunctionScriptingTraits (0ms)
		AnalyzeDomain (326ms)
			TypeCache.Refresh (56ms)
				TypeCache.ScanAssembly (4ms)
			BuildScriptInfoCaches (245ms)
			ResolveRequiredComponents (18ms)
	FinalizeReload (1681ms)
		ReleaseScriptCaches (0ms)
		RebuildScriptCaches (0ms)
		SetupLoadedEditorAssemblies (1410ms)
			LogAssemblyErrors (0ms)
			InitializePlatformSupportModulesInManaged (4ms)
			SetLoadedEditorAssemblies (9ms)
			BeforeProcessingInitializeOnLoad (320ms)
			ProcessInitializeOnLoadAttributes (812ms)
			ProcessInitializeOnLoadMethodAttributes (258ms)
			AfterProcessingInitializeOnLoad (4ms)
			EditorAssembliesLoaded (2ms)
		ExecutionOrderSort2 (0ms)
		AwakeInstancesAfterBackupRestoration (25ms)
WARNING: Shader Unsupported: 'Universal Render Pipeline/VR/SpatialMapping/Wireframe' - All subshaders removed
WARNING: Shader Did you use #pragma only_renderers and omit this platform?
WARNING: Shader If subshaders removal was intentional, you may have forgotten turning Fallback off?
WARNING: Shader Unsupported: 'Universal Render Pipeline/VR/SpatialMapping/Wireframe' - All subshaders removed
WARNING: Shader Did you use #pragma only_renderers and omit this platform?
WARNING: Shader If subshaders removal was intentional, you may have forgotten turning Fallback off?
Refreshing native plugins compatible for Editor in 2.27 ms, found 8 plugins.
Preloading 0 native plugins for Editor in 0.00 ms.
Unloading 30 Unused Serialized files (Serialized files now loaded: 0)
Unloading 7441 unused Assets / (7.1 MB). Loaded Objects now: 8370.
Memory consumption went from 325.3 MB to 318.2 MB.
Total: 30.161083 ms (FindLiveObjects: 6.582208 ms CreateObjectMapping: 0.437750 ms MarkObjects: 14.866208 ms  DeleteObjects: 8.274167 ms)

Prepare: number of updated asset objects reloaded= 0
========================================================================
Received Import Request.
  Time since last request: 17.302215 seconds.
  path: Assets/Samples/XR Interaction Toolkit/3.3.1/XR Interaction Simulator/XR Interaction Controller Controls.inputactions
  artifactKey: Guid(b6d5c44ebe3244b7692e81ae8265eb22) Importer(815301076,1909f56bfc062723c751e8b465ee728b)
Start importing Assets/Samples/XR Interaction Toolkit/3.3.1/XR Interaction Simulator/XR Interaction Controller Controls.inputactions using Guid(b6d5c44ebe3244b7692e81ae8265eb22) Importer(815301076,1909f56bfc062723c751e8b465ee728b) (PreviewImporter) -> (artifact id: '60c5b5a3ff3eee3e637d0c82802f3a6d') in 0.173009542 seconds
Number of updated asset objects reloaded before import = 0Number of asset objects unloaded after import = 14

========================================================================
Received Import Request.
  Time since last request: 5.940761 seconds.
  path: Assets/Samples/XR Interaction Toolkit/3.3.1/XR Device Simulator/XR Device Simulator Controls.inputactions
  artifactKey: Guid(da2b439d1a2de5c46a4f428f8cf4fe19) Importer(815301076,1909f56bfc062723c751e8b465ee728b)
Start importing Assets/Samples/XR Interaction Toolkit/3.3.1/XR Device Simulator/XR Device Simulator Controls.inputactions using Guid(da2b439d1a2de5c46a4f428f8cf4fe19) Importer(815301076,1909f56bfc062723c751e8b465ee728b) (PreviewImporter) -> (artifact id: 'e0239be7260b57390a31ffedb22bb4d7') in 0.043470375 seconds
Number of updated asset objects reloaded before import = 0Number of asset objects unloaded after import = 26

========================================================================
Received Import Request.
  Time since last request: 0.001495 seconds.
  path: Assets/Samples/XR Interaction Toolkit/3.3.1/XR Interaction Simulator/XR Interaction Simulator Controls.inputactions
  artifactKey: Guid(7f59cc19636f04d5cbbc64e77a20787f) Importer(815301076,1909f56bfc062723c751e8b465ee728b)
Start importing Assets/Samples/XR Interaction Toolkit/3.3.1/XR Interaction Simulator/XR Interaction Simulator Controls.inputactions using Guid(7f59cc19636f04d5cbbc64e77a20787f) Importer(815301076,1909f56bfc062723c751e8b465ee728b) (PreviewImporter) -> (artifact id: '35e6283e983487912f918ccca9be72f0') in 0.014078917 seconds
Number of updated asset objects reloaded before import = 0Number of asset objects unloaded after import = 23

========================================================================
Received Prepare
WARNING: Shader Unsupported: 'Universal Render Pipeline/VR/SpatialMapping/Wireframe' - All subshaders removed
WARNING: Shader Did you use #pragma only_renderers and omit this platform?
WARNING: Shader If subshaders removal was intentional, you may have forgotten turning Fallback off?
WARNING: Shader Unsupported: 'Universal Render Pipeline/VR/SpatialMapping/Wireframe' - All subshaders removed
WARNING: Shader Did you use #pragma only_renderers and omit this platform?
WARNING: Shader If subshaders removal was intentional, you may have forgotten turning Fallback off?
Refreshing native plugins compatible for Editor in 4.87 ms, found 8 plugins.
Preloading 0 native plugins for Editor in 0.00 ms.
Unloading 29 Unused Serialized files (Serialized files now loaded: 0)
Unloading 7376 unused Assets / (6.4 MB). Loaded Objects now: 8358.
Memory consumption went from 245.3 MB to 238.8 MB.
Total: 42.338000 ms (FindLiveObjects: 0.526667 ms CreateObjectMapping: 0.244458 ms MarkObjects: 35.592750 ms  DeleteObjects: 5.973375 ms)

Prepare: number of updated asset objects reloaded= 0
========================================================================
Received Prepare
Begin MonoManager ReloadAssembly
[Licensing::Client] Successfully resolved entitlement details
Thread 0x16b927000 may have been prematurely finalized
ADTM: Control thread waiting for realtime thread timed out, have to lock...
- Loaded All Assemblies, in  2.266 seconds
Refreshing native plugins compatible for Editor in 2.04 ms, found 8 plugins.
Assertion failed on expression: 'pred(*previous, *i)'
Assertion failed on expression: 'pred(*previous, *i)'
Assertion failed on expression: 'pred(*previous, *i)'
Assertion failed on expression: 'pred(*previous, *i)'
Assertion failed on expression: 'pred(*previous, *i)'
Assertion failed on expression: 'pred(*previous, *i)'
Assertion failed on expression: 'pred(*previous, *i)'
Assertion failed on expression: 'pred(*previous, *i)'
Assertion failed on expression: 'pred(*previous, *i)'
Assertion failed on expression: 'pred(*previous, *i)'
Assertion failed on expression: 'pred(*previous, *i)'
Assertion failed on expression: 'pred(*previous, *i)'
Assertion failed on expression: 'pred(*previous, *i)'
Assertion failed on expression: 'pred(*previous, *i)'
Assertion failed on expression: 'pred(*previous, *i)'
Assertion failed on expression: 'pred(*previous, *i)'
Assertion failed on expression: 'pred(*previous, *i)'
Assertion failed on expression: 'pred(*previous, *i)'
Assertion failed on expression: 'pred(*previous, *i)'
Assertion failed on expression: 'pred(*previous, *i)'
Assertion failed on expression: 'pred(*previous, *i)'
Assertion failed on expression: 'pred(*previous, *i)'
Assertion failed on expression: 'pred(*previous, *i)'
Assertion failed on expression: 'pred(*previous, *i)'
Assertion failed on expression: 'pred(*previous, *i)'
Assertion failed on expression: 'pred(*previous, *i)'
Assertion failed on expression: 'pred(*previous, *i)'
Assertion failed on expression: 'pred(*previous, *i)'
Assertion failed on expression: 'pred(*previous, *i)'
Assertion failed on expression: 'pred(*previous, *i)'
Assertion failed on expression: 'pred(*previous, *i)'
Assertion failed on expression: 'pred(*previous, *i)'
Assertion failed on expression: 'pred(*previous, *i)'
Assertion failed on expression: 'pred(*previous, *i)'
Assertion failed on expression: 'pred(*previous, *i)'
Assertion failed on expression: 'pred(*previous, *i)'
Assertion failed on expression: 'pred(*previous, *i)'
Assertion failed on expression: 'pred(*previous, *i)'
Assertion failed on expression: 'pred(*previous, *i)'
Native extension for OSXStandalone target not found
Native extension for WebGL target not found
[Package Manager] Failed to launch server process. Reason: Unity was launched with the -noUpm command-line argument
[Package Manager] Unable to send message (not connected to server process).
[Package Manager] Cannot connect to Unity Package Manager local server
ScheduleIndexationOnStartup MainProcess:False IndexOnStartup:True
Mono: successfully reloaded assembly
[Package Manager] Failed to launch server process. Reason: Unity was launched with the -noUpm command-line argument
[Package Manager] Unable to send message (not connected to server process).
[Package Manager] Cannot connect to Unity Package Manager local server
- Finished resetting the current domain, in  1.449 seconds
Domain Reload Profiling: 3716ms
	BeginReloadAssembly (1479ms)
		ExecutionOrderSort (0ms)
		DisableScriptedObjects (15ms)
		BackupInstance (0ms)
		ReleaseScriptingObjects (0ms)
		CreateAndSetChildDomain (1172ms)
	RebuildCommonClasses (48ms)
	RebuildNativeTypeToScriptingClass (16ms)
	initialDomainReloadingComplete (47ms)
	LoadAllAssembliesAndSetupDomain (676ms)
		LoadAssemblies (573ms)
		RebuildTransferFunctionScriptingTraits (0ms)
		AnalyzeDomain (294ms)
			TypeCache.Refresh (47ms)
				TypeCache.ScanAssembly (0ms)
			BuildScriptInfoCaches (227ms)
			ResolveRequiredComponents (15ms)
	FinalizeReload (1449ms)
		ReleaseScriptCaches (0ms)
		RebuildScriptCaches (0ms)
		SetupLoadedEditorAssemblies (1195ms)
			LogAssemblyErrors (0ms)
			InitializePlatformSupportModulesInManaged (2ms)
			SetLoadedEditorAssemblies (8ms)
			BeforeProcessingInitializeOnLoad (271ms)
			ProcessInitializeOnLoadAttributes (692ms)
			ProcessInitializeOnLoadMethodAttributes (220ms)
			AfterProcessingInitializeOnLoad (1ms)
			EditorAssembliesLoaded (0ms)
		ExecutionOrderSort2 (0ms)
		AwakeInstancesAfterBackupRestoration (18ms)
WARNING: Shader Unsupported: 'Universal Render Pipeline/VR/SpatialMapping/Wireframe' - All subshaders removed
WARNING: Shader Did you use #pragma only_renderers and omit this platform?
WARNING: Shader If subshaders removal was intentional, you may have forgotten turning Fallback off?
WARNING: Shader Unsupported: 'Universal Render Pipeline/VR/SpatialMapping/Wireframe' - All subshaders removed
WARNING: Shader Did you use #pragma only_renderers and omit this platform?
WARNING: Shader If subshaders removal was intentional, you may have forgotten turning Fallback off?
Refreshing native plugins compatible for Editor in 2.14 ms, found 8 plugins.
Preloading 0 native plugins for Editor in 0.00 ms.
Unloading 28 Unused Serialized files (Serialized files now loaded: 0)
Unloading 7433 unused Assets / (6.4 MB). Loaded Objects now: 8373.
Memory consumption went from 327.6 MB to 321.1 MB.
Total: 21.483041 ms (FindLiveObjects: 0.842167 ms CreateObjectMapping: 0.610208 ms MarkObjects: 13.031042 ms  DeleteObjects: 6.997875 ms)

Prepare: number of updated asset objects reloaded= 0
========================================================================
Received Prepare
WARNING: Shader Unsupported: 'Universal Render Pipeline/VR/SpatialMapping/Wireframe' - All subshaders removed
WARNING: Shader Did you use #pragma only_renderers and omit this platform?
WARNING: Shader If subshaders removal was intentional, you may have forgotten turning Fallback off?
WARNING: Shader Unsupported: 'Universal Render Pipeline/VR/SpatialMapping/Wireframe' - All subshaders removed
WARNING: Shader Did you use #pragma only_renderers and omit this platform?
WARNING: Shader If subshaders removal was intentional, you may have forgotten turning Fallback off?
Refreshing native plugins compatible for Editor in 8.83 ms, found 8 plugins.
Preloading 0 native plugins for Editor in 0.00 ms.
Unloading 29 Unused Serialized files (Serialized files now loaded: 0)
Unloading 7377 unused Assets / (8.1 MB). Loaded Objects now: 8362.
Memory consumption went from 248.4 MB to 240.3 MB.
Total: 44.989708 ms (FindLiveObjects: 0.546167 ms CreateObjectMapping: 0.305708 ms MarkObjects: 38.451166 ms  DeleteObjects: 5.686291 ms)

Prepare: number of updated asset objects reloaded= 0
========================================================================
Received Prepare
Begin MonoManager ReloadAssembly
[Licensing::Client] Successfully resolved entitlement details
Thread 0x16b927000 may have been prematurely finalized
ADTM: Control thread waiting for realtime thread timed out, have to lock...
- Loaded All Assemblies, in  2.292 seconds
Refreshing native plugins compatible for Editor in 5.01 ms, found 8 plugins.
Assertion failed on expression: 'pred(*previous, *i)'
Assertion failed on expression: 'pred(*previous, *i)'
Assertion failed on expression: 'pred(*previous, *i)'
Assertion failed on expression: 'pred(*previous, *i)'
Assertion failed on expression: 'pred(*previous, *i)'
Assertion failed on expression: 'pred(*previous, *i)'
Assertion failed on expression: 'pred(*previous, *i)'
Assertion failed on expression: 'pred(*previous, *i)'
Assertion failed on expression: 'pred(*previous, *i)'
Assertion failed on expression: 'pred(*previous, *i)'
Assertion failed on expression: 'pred(*previous, *i)'
Assertion failed on expression: 'pred(*previous, *i)'
Assertion failed on expression: 'pred(*previous, *i)'
Assertion failed on expression: 'pred(*previous, *i)'
Assertion failed on expression: 'pred(*previous, *i)'
Assertion failed on expression: 'pred(*previous, *i)'
Assertion failed on expression: 'pred(*previous, *i)'
Assertion failed on expression: 'pred(*previous, *i)'
Assertion failed on expression: 'pred(*previous, *i)'
Assertion failed on expression: 'pred(*previous, *i)'
Assertion failed on expression: 'pred(*previous, *i)'
Assertion failed on expression: 'pred(*previous, *i)'
Assertion failed on expression: 'pred(*previous, *i)'
Assertion failed on expression: 'pred(*previous, *i)'
Assertion failed on expression: 'pred(*previous, *i)'
Assertion failed on expression: 'pred(*previous, *i)'
Assertion failed on expression: 'pred(*previous, *i)'
Assertion failed on expression: 'pred(*previous, *i)'
Assertion failed on expression: 'pred(*previous, *i)'
Assertion failed on expression: 'pred(*previous, *i)'
Assertion failed on expression: 'pred(*previous, *i)'
Assertion failed on expression: 'pred(*previous, *i)'
Assertion failed on expression: 'pred(*previous, *i)'
Assertion failed on expression: 'pred(*previous, *i)'
Assertion failed on expression: 'pred(*previous, *i)'
Assertion failed on expression: 'pred(*previous, *i)'
Assertion failed on expression: 'pred(*previous, *i)'
Assertion failed on expression: 'pred(*previous, *i)'
Native extension for OSXStandalone target not found
Native extension for WebGL target not found
[Package Manager] Failed to launch server process. Reason: Unity was launched with the -noUpm command-line argument
[Package Manager] Unable to send message (not connected to server process).
[Package Manager] Cannot connect to Unity Package Manager local server
ScheduleIndexationOnStartup MainProcess:False IndexOnStartup:True
Mono: successfully reloaded assembly
[Package Manager] Failed to launch server process. Reason: Unity was launched with the -noUpm command-line argument
[Package Manager] Unable to send message (not connected to server process).
[Package Manager] Cannot connect to Unity Package Manager local server
- Finished resetting the current domain, in  1.581 seconds
Domain Reload Profiling: 3877ms
	BeginReloadAssembly (1502ms)
		ExecutionOrderSort (0ms)
		DisableScriptedObjects (16ms)
		BackupInstance (0ms)
		ReleaseScriptingObjects (0ms)
		CreateAndSetChildDomain (1215ms)
	RebuildCommonClasses (42ms)
	RebuildNativeTypeToScriptingClass (25ms)
	initialDomainReloadingComplete (36ms)
	LoadAllAssembliesAndSetupDomain (691ms)
		LoadAssemblies (520ms)
		RebuildTransferFunctionScriptingTraits (0ms)
		AnalyzeDomain (325ms)
			TypeCache.Refresh (73ms)
				TypeCache.ScanAssembly (2ms)
			BuildScriptInfoCaches (227ms)
			ResolveRequiredComponents (16ms)
	FinalizeReload (1581ms)
		ReleaseScriptCaches (0ms)
		RebuildScriptCaches (0ms)
		SetupLoadedEditorAssemblies (1279ms)
			LogAssemblyErrors (0ms)
			InitializePlatformSupportModulesInManaged (2ms)
			SetLoadedEditorAssemblies (10ms)
			BeforeProcessingInitializeOnLoad (304ms)
			ProcessInitializeOnLoadAttributes (751ms)
			ProcessInitializeOnLoadMethodAttributes (210ms)
			AfterProcessingInitializeOnLoad (1ms)
			EditorAssembliesLoaded (0ms)
		ExecutionOrderSort2 (0ms)
		AwakeInstancesAfterBackupRestoration (19ms)
WARNING: Shader Unsupported: 'Universal Render Pipeline/VR/SpatialMapping/Wireframe' - All subshaders removed
WARNING: Shader Did you use #pragma only_renderers and omit this platform?
WARNING: Shader If subshaders removal was intentional, you may have forgotten turning Fallback off?
WARNING: Shader Unsupported: 'Universal Render Pipeline/VR/SpatialMapping/Wireframe' - All subshaders removed
WARNING: Shader Did you use #pragma only_renderers and omit this platform?
WARNING: Shader If subshaders removal was intentional, you may have forgotten turning Fallback off?
Refreshing native plugins compatible for Editor in 2.44 ms, found 8 plugins.
Preloading 0 native plugins for Editor in 0.00 ms.
Unloading 28 Unused Serialized files (Serialized files now loaded: 0)
Unloading 7434 unused Assets / (9.9 MB). Loaded Objects now: 8377.
Memory consumption went from 330.5 MB to 320.6 MB.
Total: 18.968084 ms (FindLiveObjects: 0.874084 ms CreateObjectMapping: 0.205833 ms MarkObjects: 10.024417 ms  DeleteObjects: 7.862917 ms)

Prepare: number of updated asset objects reloaded= 0
========================================================================
Received Prepare
WARNING: Shader Unsupported: 'Universal Render Pipeline/VR/SpatialMapping/Wireframe' - All subshaders removed
WARNING: Shader Did you use #pragma only_renderers and omit this platform?
WARNING: Shader If subshaders removal was intentional, you may have forgotten turning Fallback off?
WARNING: Shader Unsupported: 'Universal Render Pipeline/VR/SpatialMapping/Wireframe' - All subshaders removed
WARNING: Shader Did you use #pragma only_renderers and omit this platform?
WARNING: Shader If subshaders removal was intentional, you may have forgotten turning Fallback off?
Refreshing native plugins compatible for Editor in 4.10 ms, found 8 plugins.
Preloading 0 native plugins for Editor in 0.00 ms.
Unloading 29 Unused Serialized files (Serialized files now loaded: 0)
Unloading 7376 unused Assets / (8.0 MB). Loaded Objects now: 8364.
Memory consumption went from 251.4 MB to 243.3 MB.
Total: 36.762708 ms (FindLiveObjects: 1.270209 ms CreateObjectMapping: 0.442416 ms MarkObjects: 30.285417 ms  DeleteObjects: 4.764333 ms)

Prepare: number of updated asset objects reloaded= 0
========================================================================
Received Prepare
Begin MonoManager ReloadAssembly
[Licensing::Client] Successfully resolved entitlement details
Thread 0x16b927000 may have been prematurely finalized
ADTM: Control thread waiting for realtime thread timed out, have to lock...
- Loaded All Assemblies, in  2.335 seconds
Refreshing native plugins compatible for Editor in 12.96 ms, found 8 plugins.
Assertion failed on expression: 'pred(*previous, *i)'
Assertion failed on expression: 'pred(*previous, *i)'
Assertion failed on expression: 'pred(*previous, *i)'
Assertion failed on expression: 'pred(*previous, *i)'
Assertion failed on expression: 'pred(*previous, *i)'
Assertion failed on expression: 'pred(*previous, *i)'
Assertion failed on expression: 'pred(*previous, *i)'
Assertion failed on expression: 'pred(*previous, *i)'
Assertion failed on expression: 'pred(*previous, *i)'
Assertion failed on expression: 'pred(*previous, *i)'
Assertion failed on expression: 'pred(*previous, *i)'
Assertion failed on expression: 'pred(*previous, *i)'
Assertion failed on expression: 'pred(*previous, *i)'
Assertion failed on expression: 'pred(*previous, *i)'
Assertion failed on expression: 'pred(*previous, *i)'
Assertion failed on expression: 'pred(*previous, *i)'
Assertion failed on expression: 'pred(*previous, *i)'
Assertion failed on expression: 'pred(*previous, *i)'
Assertion failed on expression: 'pred(*previous, *i)'
Assertion failed on expression: 'pred(*previous, *i)'
Assertion failed on expression: 'pred(*previous, *i)'
Assertion failed on expression: 'pred(*previous, *i)'
Assertion failed on expression: 'pred(*previous, *i)'
Assertion failed on expression: 'pred(*previous, *i)'
Assertion failed on expression: 'pred(*previous, *i)'
Assertion failed on expression: 'pred(*previous, *i)'
Assertion failed on expression: 'pred(*previous, *i)'
Assertion failed on expression: 'pred(*previous, *i)'
Assertion failed on expression: 'pred(*previous, *i)'
Assertion failed on expression: 'pred(*previous, *i)'
Assertion failed on expression: 'pred(*previous, *i)'
Assertion failed on expression: 'pred(*previous, *i)'
Assertion failed on expression: 'pred(*previous, *i)'
Assertion failed on expression: 'pred(*previous, *i)'
Assertion failed on expression: 'pred(*previous, *i)'
Assertion failed on expression: 'pred(*previous, *i)'
Assertion failed on expression: 'pred(*previous, *i)'
Assertion failed on expression: 'pred(*previous, *i)'
Assertion failed on expression: 'pred(*previous, *i)'
Native extension for OSXStandalone target not found
Native extension for WebGL target not found
[Package Manager] Failed to launch server process. Reason: Unity was launched with the -noUpm command-line argument
[Package Manager] Unable to send message (not connected to server process).
[Package Manager] Cannot connect to Unity Package Manager local server
ScheduleIndexationOnStartup MainProcess:False IndexOnStartup:True
Mono: successfully reloaded assembly
[Package Manager] Failed to launch server process. Reason: Unity was launched with the -noUpm command-line argument
[Package Manager] Unable to send message (not connected to server process).
[Package Manager] Cannot connect to Unity Package Manager local server
- Finished resetting the current domain, in  1.241 seconds
Domain Reload Profiling: 3582ms
	BeginReloadAssembly (1441ms)
		ExecutionOrderSort (0ms)
		DisableScriptedObjects (11ms)
		BackupInstance (0ms)
		ReleaseScriptingObjects (0ms)
		CreateAndSetChildDomain (1166ms)
	RebuildCommonClasses (36ms)
	RebuildNativeTypeToScriptingClass (11ms)
	initialDomainReloadingComplete (44ms)
	LoadAllAssembliesAndSetupDomain (808ms)
		LoadAssemblies (591ms)
		RebuildTransferFunctionScriptingTraits (0ms)
		AnalyzeDomain (395ms)
			TypeCache.Refresh (49ms)
				TypeCache.ScanAssembly (1ms)
			BuildScriptInfoCaches (313ms)
			ResolveRequiredComponents (18ms)
	FinalizeReload (1242ms)
		ReleaseScriptCaches (0ms)
		RebuildScriptCaches (0ms)
		SetupLoadedEditorAssemblies (987ms)
			LogAssemblyErrors (0ms)
			InitializePlatformSupportModulesInManaged (2ms)
			SetLoadedEditorAssemblies (5ms)
			BeforeProcessingInitializeOnLoad (261ms)
			ProcessInitializeOnLoadAttributes (612ms)
			ProcessInitializeOnLoadMethodAttributes (107ms)
			AfterProcessingInitializeOnLoad (1ms)
			EditorAssembliesLoaded (0ms)
		ExecutionOrderSort2 (0ms)
		AwakeInstancesAfterBackupRestoration (7ms)
WARNING: Shader Unsupported: 'Universal Render Pipeline/VR/SpatialMapping/Wireframe' - All subshaders removed
WARNING: Shader Did you use #pragma only_renderers and omit this platform?
WARNING: Shader If subshaders removal was intentional, you may have forgotten turning Fallback off?
WARNING: Shader Unsupported: 'Universal Render Pipeline/VR/SpatialMapping/Wireframe' - All subshaders removed
WARNING: Shader Did you use #pragma only_renderers and omit this platform?
WARNING: Shader If subshaders removal was intentional, you may have forgotten turning Fallback off?
Refreshing native plugins compatible for Editor in 8.49 ms, found 8 plugins.
Preloading 0 native plugins for Editor in 0.00 ms.
Unloading 28 Unused Serialized files (Serialized files now loaded: 0)
Unloading 7433 unused Assets / (6.0 MB). Loaded Objects now: 8379.
Memory consumption went from 333.4 MB to 327.4 MB.
Total: 12.060666 ms (FindLiveObjects: 0.519084 ms CreateObjectMapping: 0.271375 ms MarkObjects: 7.718959 ms  DeleteObjects: 3.550291 ms)

Prepare: number of updated asset objects reloaded= 0
========================================================================
Received Prepare
WARNING: Shader Unsupported: 'Universal Render Pipeline/VR/SpatialMapping/Wireframe' - All subshaders removed
WARNING: Shader Did you use #pragma only_renderers and omit this platform?
WARNING: Shader If subshaders removal was intentional, you may have forgotten turning Fallback off?
WARNING: Shader Unsupported: 'Universal Render Pipeline/VR/SpatialMapping/Wireframe' - All subshaders removed
WARNING: Shader Did you use #pragma only_renderers and omit this platform?
WARNING: Shader If subshaders removal was intentional, you may have forgotten turning Fallback off?
Refreshing native plugins compatible for Editor in 1.99 ms, found 8 plugins.
Preloading 0 native plugins for Editor in 0.00 ms.
Unloading 29 Unused Serialized files (Serialized files now loaded: 0)
Unloading 7377 unused Assets / (10.1 MB). Loaded Objects now: 8368.
Memory consumption went from 254.3 MB to 244.1 MB.
Total: 41.588500 ms (FindLiveObjects: 0.512375 ms CreateObjectMapping: 0.216708 ms MarkObjects: 29.254000 ms  DeleteObjects: 11.602375 ms)

Prepare: number of updated asset objects reloaded= 0
========================================================================
Received Prepare
Begin MonoManager ReloadAssembly
Thread 0x16b927000 may have been prematurely finalized
ADTM: Control thread waiting for realtime thread timed out, have to lock...
- Loaded All Assemblies, in  2.034 seconds
Refreshing native plugins compatible for Editor in 3.80 ms, found 8 plugins.
Assertion failed on expression: 'pred(*previous, *i)'
Assertion failed on expression: 'pred(*previous, *i)'
Assertion failed on expression: 'pred(*previous, *i)'
Assertion failed on expression: 'pred(*previous, *i)'
Assertion failed on expression: 'pred(*previous, *i)'
Assertion failed on expression: 'pred(*previous, *i)'
Assertion failed on expression: 'pred(*previous, *i)'
Assertion failed on expression: 'pred(*previous, *i)'
Assertion failed on expression: 'pred(*previous, *i)'
Assertion failed on expression: 'pred(*previous, *i)'
Assertion failed on expression: 'pred(*previous, *i)'
Assertion failed on expression: 'pred(*previous, *i)'
Assertion failed on expression: 'pred(*previous, *i)'
Assertion failed on expression: 'pred(*previous, *i)'
Assertion failed on expression: 'pred(*previous, *i)'
Assertion failed on expression: 'pred(*previous, *i)'
Assertion failed on expression: 'pred(*previous, *i)'
Assertion failed on expression: 'pred(*previous, *i)'
Assertion failed on expression: 'pred(*previous, *i)'
Assertion failed on expression: 'pred(*previous, *i)'
Assertion failed on expression: 'pred(*previous, *i)'
Assertion failed on expression: 'pred(*previous, *i)'
Assertion failed on expression: 'pred(*previous, *i)'
Assertion failed on expression: 'pred(*previous, *i)'
Assertion failed on expression: 'pred(*previous, *i)'
Assertion failed on expression: 'pred(*previous, *i)'
Assertion failed on expression: 'pred(*previous, *i)'
Assertion failed on expression: 'pred(*previous, *i)'
Assertion failed on expression: 'pred(*previous, *i)'
Assertion failed on expression: 'pred(*previous, *i)'
Assertion failed on expression: 'pred(*previous, *i)'
Assertion failed on expression: 'pred(*previous, *i)'
Assertion failed on expression: 'pred(*previous, *i)'
Assertion failed on expression: 'pred(*previous, *i)'
Assertion failed on expression: 'pred(*previous, *i)'
Assertion failed on expression: 'pred(*previous, *i)'
Assertion failed on expression: 'pred(*previous, *i)'
Assertion failed on expression: 'pred(*previous, *i)'
Assertion failed on expression: 'pred(*previous, *i)'
Assertion failed on expression: 'pred(*previous, *i)'
Native extension for OSXStandalone target not found
Native extension for WebGL target not found
[Package Manager] Failed to launch server process. Reason: Unity was launched with the -noUpm command-line argument
[Package Manager] Unable to send message (not connected to server process).
[Package Manager] Cannot connect to Unity Package Manager local server
ScheduleIndexationOnStartup MainProcess:False IndexOnStartup:True
Mono: successfully reloaded assembly
[Package Manager] Failed to launch server process. Reason: Unity was launched with the -noUpm command-line argument
[Package Manager] Unable to send message (not connected to server process).
[Package Manager] Cannot connect to Unity Package Manager local server
- Finished resetting the current domain, in  1.168 seconds
Domain Reload Profiling: 3207ms
	BeginReloadAssembly (1331ms)
		ExecutionOrderSort (0ms)
		DisableScriptedObjects (17ms)
		BackupInstance (0ms)
		ReleaseScriptingObjects (0ms)
		CreateAndSetChildDomain (1145ms)
	RebuildCommonClasses (32ms)
	RebuildNativeTypeToScriptingClass (15ms)
	initialDomainReloadingComplete (26ms)
	LoadAllAssembliesAndSetupDomain (634ms)
		LoadAssemblies (425ms)
		RebuildTransferFunctionScriptingTraits (0ms)
		AnalyzeDomain (306ms)
			TypeCache.Refresh (33ms)
				TypeCache.ScanAssembly (1ms)
			BuildScriptInfoCaches (254ms)
			ResolveRequiredComponents (15ms)
	FinalizeReload (1168ms)
		ReleaseScriptCaches (0ms)
		RebuildScriptCaches (0ms)
		SetupLoadedEditorAssemblies (991ms)
			LogAssemblyErrors (0ms)
			InitializePlatformSupportModulesInManaged (3ms)
			SetLoadedEditorAssemblies (7ms)
			BeforeProcessingInitializeOnLoad (160ms)
			ProcessInitializeOnLoadAttributes (621ms)
			ProcessInitializeOnLoadMethodAttributes (195ms)
			AfterProcessingInitializeOnLoad (4ms)
			EditorAssembliesLoaded (1ms)
		ExecutionOrderSort2 (0ms)
		AwakeInstancesAfterBackupRestoration (14ms)
WARNING: Shader Unsupported: 'Universal Render Pipeline/VR/SpatialMapping/Wireframe' - All subshaders removed
WARNING: Shader Did you use #pragma only_renderers and omit this platform?
WARNING: Shader If subshaders removal was intentional, you may have forgotten turning Fallback off?
WARNING: Shader Unsupported: 'Universal Render Pipeline/VR/SpatialMapping/Wireframe' - All subshaders removed
WARNING: Shader Did you use #pragma only_renderers and omit this platform?
WARNING: Shader If subshaders removal was intentional, you may have forgotten turning Fallback off?
Refreshing native plugins compatible for Editor in 5.49 ms, found 8 plugins.
Preloading 0 native plugins for Editor in 0.00 ms.
Unloading 28 Unused Serialized files (Serialized files now loaded: 0)
Unloading 7434 unused Assets / (5.8 MB). Loaded Objects now: 8383.
Memory consumption went from 336.3 MB to 330.5 MB.
Total: 17.482541 ms (FindLiveObjects: 1.931083 ms CreateObjectMapping: 0.519750 ms MarkObjects: 11.489458 ms  DeleteObjects: 3.541542 ms)

Prepare: number of updated asset objects reloaded= 0
========================================================================
Received Import Request.
  Time since last request: 1603.476893 seconds.
  path: Assets/light_switch.cs
  artifactKey: Guid(88003c98aa31c400e829f5ff9b7ce00f) Importer(815301076,1909f56bfc062723c751e8b465ee728b)
Start importing Assets/light_switch.cs using Guid(88003c98aa31c400e829f5ff9b7ce00f) Importer(815301076,1909f56bfc062723c751e8b465ee728b) (PreviewImporter) -> (artifact id: '40e9f33d71e08ad51d83967e39a26958') in 0.003203042 seconds
Number of updated asset objects reloaded before import = 0Number of asset objects unloaded after import = 0

========================================================================
Received Prepare
Begin MonoManager ReloadAssembly
[Licensing::Client] Successfully resolved entitlement details
Thread 0x16b927000 may have been prematurely finalized
ADTM: Control thread waiting for realtime thread timed out, have to lock...
- Loaded All Assemblies, in  3.668 seconds
Refreshing native plugins compatible for Editor in 3.19 ms, found 8 plugins.
Assertion failed on expression: 'pred(*previous, *i)'
Assertion failed on expression: 'pred(*previous, *i)'
Assertion failed on expression: 'pred(*previous, *i)'
Assertion failed on expression: 'pred(*previous, *i)'
Assertion failed on expression: 'pred(*previous, *i)'
Assertion failed on expression: 'pred(*previous, *i)'
Assertion failed on expression: 'pred(*previous, *i)'
Assertion failed on expression: 'pred(*previous, *i)'
Assertion failed on expression: 'pred(*previous, *i)'
Assertion failed on expression: 'pred(*previous, *i)'
Assertion failed on expression: 'pred(*previous, *i)'
Assertion failed on expression: 'pred(*previous, *i)'
Assertion failed on expression: 'pred(*previous, *i)'
Assertion failed on expression: 'pred(*previous, *i)'
Assertion failed on expression: 'pred(*previous, *i)'
Assertion failed on expression: 'pred(*previous, *i)'
Assertion failed on expression: 'pred(*previous, *i)'
Assertion failed on expression: 'pred(*previous, *i)'
Assertion failed on expression: 'pred(*previous, *i)'
Assertion failed on expression: 'pred(*previous, *i)'
Assertion failed on expression: 'pred(*previous, *i)'
Assertion failed on expression: 'pred(*previous, *i)'
Assertion failed on expression: 'pred(*previous, *i)'
Assertion failed on expression: 'pred(*previous, *i)'
Assertion failed on expression: 'pred(*previous, *i)'
Assertion failed on expression: 'pred(*previous, *i)'
Assertion failed on expression: 'pred(*previous, *i)'
Assertion failed on expression: 'pred(*previous, *i)'
Assertion failed on expression: 'pred(*previous, *i)'
Assertion failed on expression: 'pred(*previous, *i)'
Assertion failed on expression: 'pred(*previous, *i)'
Assertion failed on expression: 'pred(*previous, *i)'
Assertion failed on expression: 'pred(*previous, *i)'
Assertion failed on expression: 'pred(*previous, *i)'
Assertion failed on expression: 'pred(*previous, *i)'
Assertion failed on expression: 'pred(*previous, *i)'
Assertion failed on expression: 'pred(*previous, *i)'
Assertion failed on expression: 'pred(*previous, *i)'
Native extension for OSXStandalone target not found
Native extension for WebGL target not found
[Package Manager] Failed to launch server process. Reason: Unity was launched with the -noUpm command-line argument
[Package Manager] Unable to send message (not connected to server process).
[Package Manager] Cannot connect to Unity Package Manager local server
ScheduleIndexationOnStartup MainProcess:False IndexOnStartup:True
Mono: successfully reloaded assembly
[Package Manager] Failed to launch server process. Reason: Unity was launched with the -noUpm command-line argument
[Package Manager] Unable to send message (not connected to server process).
[Package Manager] Cannot connect to Unity Package Manager local server
- Finished resetting the current domain, in  1.430 seconds
Domain Reload Profiling: 5109ms
	BeginReloadAssembly (2499ms)
		ExecutionOrderSort (1ms)
		DisableScriptedObjects (104ms)
		BackupInstance (0ms)
		ReleaseScriptingObjects (4ms)
		CreateAndSetChildDomain (1394ms)
	RebuildCommonClasses (37ms)
	RebuildNativeTypeToScriptingClass (18ms)
	initialDomainReloadingComplete (49ms)
	LoadAllAssembliesAndSetupDomain (1075ms)
		LoadAssemblies (1120ms)
		RebuildTransferFunctionScriptingTraits (0ms)
		AnalyzeDomain (516ms)
			TypeCache.Refresh (90ms)
				TypeCache.ScanAssembly (2ms)
			BuildScriptInfoCaches (372ms)
			ResolveRequiredComponents (31ms)
	FinalizeReload (1431ms)
		ReleaseScriptCaches (0ms)
		RebuildScriptCaches (0ms)
		SetupLoadedEditorAssemblies (1189ms)
			LogAssemblyErrors (0ms)
			InitializePlatformSupportModulesInManaged (4ms)
			SetLoadedEditorAssemblies (7ms)
			BeforeProcessingInitializeOnLoad (179ms)
			ProcessInitializeOnLoadAttributes (744ms)
			ProcessInitializeOnLoadMethodAttributes (251ms)
			AfterProcessingInitializeOnLoad (3ms)
			EditorAssembliesLoaded (0ms)
		ExecutionOrderSort2 (0ms)
		AwakeInstancesAfterBackupRestoration (21ms)
WARNING: Shader Unsupported: 'Universal Render Pipeline/VR/SpatialMapping/Wireframe' - All subshaders removed
WARNING: Shader Did you use #pragma only_renderers and omit this platform?
WARNING: Shader If subshaders removal was intentional, you may have forgotten turning Fallback off?
WARNING: Shader Unsupported: 'Universal Render Pipeline/VR/SpatialMapping/Wireframe' - All subshaders removed
WARNING: Shader Did you use #pragma only_renderers and omit this platform?
WARNING: Shader If subshaders removal was intentional, you may have forgotten turning Fallback off?
Refreshing native plugins compatible for Editor in 4.35 ms, found 8 plugins.
Preloading 0 native plugins for Editor in 0.00 ms.
Unloading 28 Unused Serialized files (Serialized files now loaded: 0)
Unloading 7434 unused Assets / (6.1 MB). Loaded Objects now: 8386.
Memory consumption went from 341.7 MB to 335.6 MB.
Total: 29.035000 ms (FindLiveObjects: 5.484583 ms CreateObjectMapping: 0.873292 ms MarkObjects: 13.462834 ms  DeleteObjects: 9.213500 ms)

Prepare: number of updated asset objects reloaded= 0
========================================================================
Received Prepare
WARNING: Shader Unsupported: 'Universal Render Pipeline/VR/SpatialMapping/Wireframe' - All subshaders removed
WARNING: Shader Did you use #pragma only_renderers and omit this platform?
WARNING: Shader If subshaders removal was intentional, you may have forgotten turning Fallback off?
WARNING: Shader Unsupported: 'Universal Render Pipeline/VR/SpatialMapping/Wireframe' - All subshaders removed
WARNING: Shader Did you use #pragma only_renderers and omit this platform?
WARNING: Shader If subshaders removal was intentional, you may have forgotten turning Fallback off?
Refreshing native plugins compatible for Editor in 4.25 ms, found 8 plugins.
Preloading 0 native plugins for Editor in 0.00 ms.
Unloading 29 Unused Serialized files (Serialized files now loaded: 0)
Unloading 7378 unused Assets / (6.4 MB). Loaded Objects now: 8375.
Memory consumption went from 262.7 MB to 256.3 MB.
Total: 52.321250 ms (FindLiveObjects: 1.283375 ms CreateObjectMapping: 0.228709 ms MarkObjects: 41.289916 ms  DeleteObjects: 9.518333 ms)

Prepare: number of updated asset objects reloaded= 0
========================================================================
Received Prepare
Begin MonoManager ReloadAssembly
[Licensing::Client] Successfully resolved entitlement details
Thread 0x16b927000 may have been prematurely finalized
ADTM: Control thread waiting for realtime thread timed out, have to lock...
- Loaded All Assemblies, in  3.424 seconds
Refreshing native plugins compatible for Editor in 5.10 ms, found 8 plugins.
Assertion failed on expression: 'pred(*previous, *i)'
Assertion failed on expression: 'pred(*previous, *i)'
Assertion failed on expression: 'pred(*previous, *i)'
Assertion failed on expression: 'pred(*previous, *i)'
Assertion failed on expression: 'pred(*previous, *i)'
Assertion failed on expression: 'pred(*previous, *i)'
Assertion failed on expression: 'pred(*previous, *i)'
Assertion failed on expression: 'pred(*previous, *i)'
Assertion failed on expression: 'pred(*previous, *i)'
Assertion failed on expression: 'pred(*previous, *i)'
Assertion failed on expression: 'pred(*previous, *i)'
Assertion failed on expression: 'pred(*previous, *i)'
Assertion failed on expression: 'pred(*previous, *i)'
Assertion failed on expression: 'pred(*previous, *i)'
Assertion failed on expression: 'pred(*previous, *i)'
Assertion failed on expression: 'pred(*previous, *i)'
Assertion failed on expression: 'pred(*previous, *i)'
Assertion failed on expression: 'pred(*previous, *i)'
Assertion failed on expression: 'pred(*previous, *i)'
Assertion failed on expression: 'pred(*previous, *i)'
Assertion failed on expression: 'pred(*previous, *i)'
Assertion failed on expression: 'pred(*previous, *i)'
Assertion failed on expression: 'pred(*previous, *i)'
Assertion failed on expression: 'pred(*previous, *i)'
Assertion failed on expression: 'pred(*previous, *i)'
Assertion failed on expression: 'pred(*previous, *i)'
Assertion failed on expression: 'pred(*previous, *i)'
Assertion failed on expression: 'pred(*previous, *i)'
Assertion failed on expression: 'pred(*previous, *i)'
Assertion failed on expression: 'pred(*previous, *i)'
Assertion failed on expression: 'pred(*previous, *i)'
Assertion failed on expression: 'pred(*previous, *i)'
Assertion failed on expression: 'pred(*previous, *i)'
Assertion failed on expression: 'pred(*previous, *i)'
Assertion failed on expression: 'pred(*previous, *i)'
Assertion failed on expression: 'pred(*previous, *i)'
Assertion failed on expression: 'pred(*previous, *i)'
Assertion failed on expression: 'pred(*previous, *i)'
Assertion failed on expression: 'pred(*previous, *i)'
Native extension for OSXStandalone target not found
Native extension for WebGL target not found
[Package Manager] Failed to launch server process. Reason: Unity was launched with the -noUpm command-line argument
[Package Manager] Unable to send message (not connected to server process).
[Package Manager] Cannot connect to Unity Package Manager local server
ScheduleIndexationOnStartup MainProcess:False IndexOnStartup:True
Mono: successfully reloaded assembly
[Package Manager] Failed to launch server process. Reason: Unity was launched with the -noUpm command-line argument
[Package Manager] Unable to send message (not connected to server process).
[Package Manager] Cannot connect to Unity Package Manager local server
- Finished resetting the current domain, in  1.593 seconds
Domain Reload Profiling: 5020ms
	BeginReloadAssembly (2146ms)
		ExecutionOrderSort (0ms)
		DisableScriptedObjects (61ms)
		BackupInstance (0ms)
		ReleaseScriptingObjects (1ms)
		CreateAndSetChildDomain (1456ms)
	RebuildCommonClasses (42ms)
	RebuildNativeTypeToScriptingClass (17ms)
	initialDomainReloadingComplete (46ms)
	LoadAllAssembliesAndSetupDomain (1177ms)
		LoadAssemblies (1044ms)
		RebuildTransferFunctionScriptingTraits (0ms)
		AnalyzeDomain (474ms)
			TypeCache.Refresh (114ms)
				TypeCache.ScanAssembly (3ms)
			BuildScriptInfoCaches (328ms)
			ResolveRequiredComponents (20ms)
	FinalizeReload (1593ms)
		ReleaseScriptCaches (0ms)
		RebuildScriptCaches (0ms)
		SetupLoadedEditorAssemblies (1328ms)
			LogAssemblyErrors (0ms)
			InitializePlatformSupportModulesInManaged (3ms)
			SetLoadedEditorAssemblies (7ms)
			BeforeProcessingInitializeOnLoad (297ms)
			ProcessInitializeOnLoadAttributes (788ms)
			ProcessInitializeOnLoadMethodAttributes (231ms)
			AfterProcessingInitializeOnLoad (1ms)
			EditorAssembliesLoaded (1ms)
		ExecutionOrderSort2 (0ms)
		AwakeInstancesAfterBackupRestoration (14ms)
WARNING: Shader Unsupported: 'Universal Render Pipeline/VR/SpatialMapping/Wireframe' - All subshaders removed
WARNING: Shader Did you use #pragma only_renderers and omit this platform?
WARNING: Shader If subshaders removal was intentional, you may have forgotten turning Fallback off?
WARNING: Shader Unsupported: 'Universal Render Pipeline/VR/SpatialMapping/Wireframe' - All subshaders removed
WARNING: Shader Did you use #pragma only_renderers and omit this platform?
WARNING: Shader If subshaders removal was intentional, you may have forgotten turning Fallback off?
Refreshing native plugins compatible for Editor in 4.74 ms, found 8 plugins.
Preloading 0 native plugins for Editor in 0.00 ms.
Unloading 28 Unused Serialized files (Serialized files now loaded: 0)
Unloading 7435 unused Assets / (4.3 MB). Loaded Objects now: 8390.
Memory consumption went from 344.7 MB to 340.4 MB.
Total: 37.383208 ms (FindLiveObjects: 6.532417 ms CreateObjectMapping: 1.920083 ms MarkObjects: 22.440459 ms  DeleteObjects: 6.489459 ms)

Prepare: number of updated asset objects reloaded= 0
========================================================================
Received Prepare
Begin MonoManager ReloadAssembly
[Licensing::Client] Successfully resolved entitlement details
Thread 0x16b927000 may have been prematurely finalized
ADTM: Control thread waiting for realtime thread timed out, have to lock...
- Loaded All Assemblies, in  2.478 seconds
Refreshing native plugins compatible for Editor in 2.07 ms, found 8 plugins.
Assertion failed on expression: 'pred(*previous, *i)'
Assertion failed on expression: 'pred(*previous, *i)'
Assertion failed on expression: 'pred(*previous, *i)'
Assertion failed on expression: 'pred(*previous, *i)'
Assertion failed on expression: 'pred(*previous, *i)'
Assertion failed on expression: 'pred(*previous, *i)'
Assertion failed on expression: 'pred(*previous, *i)'
Assertion failed on expression: 'pred(*previous, *i)'
Assertion failed on expression: 'pred(*previous, *i)'
Assertion failed on expression: 'pred(*previous, *i)'
Assertion failed on expression: 'pred(*previous, *i)'
Assertion failed on expression: 'pred(*previous, *i)'
Assertion failed on expression: 'pred(*previous, *i)'
Assertion failed on expression: 'pred(*previous, *i)'
Assertion failed on expression: 'pred(*previous, *i)'
Assertion failed on expression: 'pred(*previous, *i)'
Assertion failed on expression: 'pred(*previous, *i)'
Assertion failed on expression: 'pred(*previous, *i)'
Assertion failed on expression: 'pred(*previous, *i)'
Assertion failed on expression: 'pred(*previous, *i)'
Assertion failed on expression: 'pred(*previous, *i)'
Assertion failed on expression: 'pred(*previous, *i)'
Assertion failed on expression: 'pred(*previous, *i)'
Assertion failed on expression: 'pred(*previous, *i)'
Assertion failed on expression: 'pred(*previous, *i)'
Assertion failed on expression: 'pred(*previous, *i)'
Assertion failed on expression: 'pred(*previous, *i)'
Assertion failed on expression: 'pred(*previous, *i)'
Assertion failed on expression: 'pred(*previous, *i)'
Assertion failed on expression: 'pred(*previous, *i)'
Assertion failed on expression: 'pred(*previous, *i)'
Assertion failed on expression: 'pred(*previous, *i)'
Assertion failed on expression: 'pred(*previous, *i)'
Assertion failed on expression: 'pred(*previous, *i)'
Assertion failed on expression: 'pred(*previous, *i)'
Assertion failed on expression: 'pred(*previous, *i)'
Assertion failed on expression: 'pred(*previous, *i)'
Assertion failed on expression: 'pred(*previous, *i)'
Assertion failed on expression: 'pred(*previous, *i)'
Native extension for OSXStandalone target not found
Native extension for WebGL target not found
[Package Manager] Failed to launch server process. Reason: Unity was launched with the -noUpm command-line argument
[Package Manager] Unable to send message (not connected to server process).
[Package Manager] Cannot connect to Unity Package Manager local server
ScheduleIndexationOnStartup MainProcess:False IndexOnStartup:True
Mono: successfully reloaded assembly
[Package Manager] Failed to launch server process. Reason: Unity was launched with the -noUpm command-line argument
[Package Manager] Unable to send message (not connected to server process).
[Package Manager] Cannot connect to Unity Package Manager local server
- Finished resetting the current domain, in  1.496 seconds
Domain Reload Profiling: 3978ms
	BeginReloadAssembly (1435ms)
		ExecutionOrderSort (0ms)
		DisableScriptedObjects (38ms)
		BackupInstance (0ms)
		ReleaseScriptingObjects (1ms)
		CreateAndSetChildDomain (1160ms)
	RebuildCommonClasses (68ms)
	RebuildNativeTypeToScriptingClass (25ms)
	initialDomainReloadingComplete (48ms)
	LoadAllAssembliesAndSetupDomain (905ms)
		LoadAssemblies (579ms)
		RebuildTransferFunctionScriptingTraits (0ms)
		AnalyzeDomain (432ms)
			TypeCache.Refresh (61ms)
				TypeCache.ScanAssembly (1ms)
			BuildScriptInfoCaches (343ms)
			ResolveRequiredComponents (21ms)
	FinalizeReload (1497ms)
		ReleaseScriptCaches (0ms)
		RebuildScriptCaches (0ms)
		SetupLoadedEditorAssemblies (1191ms)
			LogAssemblyErrors (0ms)
			InitializePlatformSupportModulesInManaged (3ms)
			SetLoadedEditorAssemblies (10ms)
			BeforeProcessingInitializeOnLoad (268ms)
			ProcessInitializeOnLoadAttributes (703ms)
			ProcessInitializeOnLoadMethodAttributes (206ms)
			AfterProcessingInitializeOnLoad (1ms)
			EditorAssembliesLoaded (0ms)
		ExecutionOrderSort2 (0ms)
		AwakeInstancesAfterBackupRestoration (15ms)
WARNING: Shader Unsupported: 'Universal Render Pipeline/VR/SpatialMapping/Wireframe' - All subshaders removed
WARNING: Shader Did you use #pragma only_renderers and omit this platform?
WARNING: Shader If subshaders removal was intentional, you may have forgotten turning Fallback off?
WARNING: Shader Unsupported: 'Universal Render Pipeline/VR/SpatialMapping/Wireframe' - All subshaders removed
WARNING: Shader Did you use #pragma only_renderers and omit this platform?
WARNING: Shader If subshaders removal was intentional, you may have forgotten turning Fallback off?
Refreshing native plugins compatible for Editor in 7.17 ms, found 8 plugins.
Preloading 0 native plugins for Editor in 0.00 ms.
Unloading 28 Unused Serialized files (Serialized files now loaded: 0)
Unloading 7435 unused Assets / (7.1 MB). Loaded Objects now: 8393.
Memory consumption went from 350.4 MB to 343.3 MB.
Total: 19.661084 ms (FindLiveObjects: 1.843459 ms CreateObjectMapping: 0.223541 ms MarkObjects: 9.541625 ms  DeleteObjects: 8.051709 ms)

Prepare: number of updated asset objects reloaded= 0
========================================================================
Received Prepare
Begin MonoManager ReloadAssembly
Thread 0x16b927000 may have been prematurely finalized
ADTM: Control thread waiting for realtime thread timed out, have to lock...
- Loaded All Assemblies, in  2.234 seconds
Refreshing native plugins compatible for Editor in 10.91 ms, found 9 plugins.
Assertion failed on expression: 'pred(*previous, *i)'
Assertion failed on expression: 'pred(*previous, *i)'
Assertion failed on expression: 'pred(*previous, *i)'
Assertion failed on expression: 'pred(*previous, *i)'
Assertion failed on expression: 'pred(*previous, *i)'
Assertion failed on expression: 'pred(*previous, *i)'
Assertion failed on expression: 'pred(*previous, *i)'
Assertion failed on expression: 'pred(*previous, *i)'
Assertion failed on expression: 'pred(*previous, *i)'
Assertion failed on expression: 'pred(*previous, *i)'
Assertion failed on expression: 'pred(*previous, *i)'
Assertion failed on expression: 'pred(*previous, *i)'
Assertion failed on expression: 'pred(*previous, *i)'
Assertion failed on expression: 'pred(*previous, *i)'
Assertion failed on expression: 'pred(*previous, *i)'
Assertion failed on expression: 'pred(*previous, *i)'
Assertion failed on expression: 'pred(*previous, *i)'
Assertion failed on expression: 'pred(*previous, *i)'
Assertion failed on expression: 'pred(*previous, *i)'
Assertion failed on expression: 'pred(*previous, *i)'
Assertion failed on expression: 'pred(*previous, *i)'
Assertion failed on expression: 'pred(*previous, *i)'
Assertion failed on expression: 'pred(*previous, *i)'
Assertion failed on expression: 'pred(*previous, *i)'
Assertion failed on expression: 'pred(*previous, *i)'
Assertion failed on expression: 'pred(*previous, *i)'
Assertion failed on expression: 'pred(*previous, *i)'
Assertion failed on expression: 'pred(*previous, *i)'
Assertion failed on expression: 'pred(*previous, *i)'
Assertion failed on expression: 'pred(*previous, *i)'
Assertion failed on expression: 'pred(*previous, *i)'
Assertion failed on expression: 'pred(*previous, *i)'
Assertion failed on expression: 'pred(*previous, *i)'
Assertion failed on expression: 'pred(*previous, *i)'
Assertion failed on expression: 'pred(*previous, *i)'
Assertion failed on expression: 'pred(*previous, *i)'
Assertion failed on expression: 'pred(*previous, *i)'
Assertion failed on expression: 'pred(*previous, *i)'
Assertion failed on expression: 'pred(*previous, *i)'
Assertion failed on expression: 'pred(*previous, *i)'
Assertion failed on expression: 'pred(*previous, *i)'
Assertion failed on expression: 'pred(*previous, *i)'
Assertion failed on expression: 'pred(*previous, *i)'
Assertion failed on expression: 'pred(*previous, *i)'
Assertion failed on expression: 'pred(*previous, *i)'
Assertion failed on expression: 'pred(*previous, *i)'
Assertion failed on expression: 'pred(*previous, *i)'
Assertion failed on expression: 'pred(*previous, *i)'
Native extension for OSXStandalone target not found
Native extension for WebGL target not found
[Package Manager] Failed to launch server process. Reason: Unity was launched with the -noUpm command-line argument
[Package Manager] Unable to send message (not connected to server process).
[Package Manager] Cannot connect to Unity Package Manager local server
ScheduleIndexationOnStartup MainProcess:False IndexOnStartup:True
Mono: successfully reloaded assembly
[Package Manager] Failed to launch server process. Reason: Unity was launched with the -noUpm command-line argument
[Package Manager] Unable to send message (not connected to server process).
[Package Manager] Cannot connect to Unity Package Manager local server
- Finished resetting the current domain, in  1.526 seconds
Domain Reload Profiling: 3766ms
	BeginReloadAssembly (1452ms)
		ExecutionOrderSort (0ms)
		DisableScriptedObjects (16ms)
		BackupInstance (0ms)
		ReleaseScriptingObjects (1ms)
		CreateAndSetChildDomain (1169ms)
	RebuildCommonClasses (34ms)
	RebuildNativeTypeToScriptingClass (18ms)
	initialDomainReloadingComplete (43ms)
	LoadAllAssembliesAndSetupDomain (692ms)
		LoadAssemblies (541ms)
		RebuildTransferFunctionScriptingTraits (0ms)
		AnalyzeDomain (308ms)
			TypeCache.Refresh (78ms)
				TypeCache.ScanAssembly (23ms)
			BuildScriptInfoCaches (205ms)
			ResolveRequiredComponents (14ms)
	FinalizeReload (1527ms)
		ReleaseScriptCaches (0ms)
		RebuildScriptCaches (0ms)
		SetupLoadedEditorAssemblies (1263ms)
			LogAssemblyErrors (0ms)
			InitializePlatformSupportModulesInManaged (2ms)
			SetLoadedEditorAssemblies (6ms)
			BeforeProcessingInitializeOnLoad (247ms)
			ProcessInitializeOnLoadAttributes (788ms)
			ProcessInitializeOnLoadMethodAttributes (216ms)
			AfterProcessingInitializeOnLoad (3ms)
			EditorAssembliesLoaded (1ms)
		ExecutionOrderSort2 (0ms)
		AwakeInstancesAfterBackupRestoration (12ms)
WARNING: Shader Unsupported: 'Universal Render Pipeline/VR/SpatialMapping/Wireframe' - All subshaders removed
WARNING: Shader Did you use #pragma only_renderers and omit this platform?
WARNING: Shader If subshaders removal was intentional, you may have forgotten turning Fallback off?
WARNING: Shader Unsupported: 'Universal Render Pipeline/VR/SpatialMapping/Wireframe' - All subshaders removed
WARNING: Shader Did you use #pragma only_renderers and omit this platform?
WARNING: Shader If subshaders removal was intentional, you may have forgotten turning Fallback off?
Refreshing native plugins compatible for Editor in 3.66 ms, found 9 plugins.
Preloading 0 native plugins for Editor in 0.00 ms.
Unloading 28 Unused Serialized files (Serialized files now loaded: 0)
Unloading 7536 unused Assets / (5.3 MB). Loaded Objects now: 8490.
Memory consumption went from 356.5 MB to 351.2 MB.
Total: 25.305584 ms (FindLiveObjects: 1.186500 ms CreateObjectMapping: 0.463875 ms MarkObjects: 11.441458 ms  DeleteObjects: 12.212875 ms)

Prepare: number of updated asset objects reloaded= 23
========================================================================
Received Import Request.
  Time since last request: 58669.422241 seconds.
  path: Assets/Samples/XR Interaction Toolkit/3.3.1/Hands Interaction Demo/HandsDemoSceneAssets/Models/Chess/Chess_Pawn.fbx
  artifactKey: Guid(45b2a246bd435f74989d22078ec2752e) Importer(815301076,1909f56bfc062723c751e8b465ee728b)
Start importing Assets/Samples/XR Interaction Toolkit/3.3.1/Hands Interaction Demo/HandsDemoSceneAssets/Models/Chess/Chess_Pawn.fbx using Guid(45b2a246bd435f74989d22078ec2752e) Importer(815301076,1909f56bfc062723c751e8b465ee728b) (PreviewImporter) -> (artifact id: 'e2eff4c09bf97c673ab358218cd2dbad') in 0.892510542 seconds
Number of updated asset objects reloaded before import = 25Number of asset objects unloaded after import = 9

========================================================================
Received Import Request.
  Time since last request: 0.000090 seconds.
  path: Assets/Samples/XR Interaction Toolkit/3.3.1/Hands Interaction Demo/HandsDemoSceneAssets/Models/Primitives/Cone.fbx
  artifactKey: Guid(30ab630b2b7264c1c85cca8ce81b06c3) Importer(815301076,1909f56bfc062723c751e8b465ee728b)
Start importing Assets/Samples/XR Interaction Toolkit/3.3.1/Hands Interaction Demo/HandsDemoSceneAssets/Models/Primitives/Cone.fbx using Guid(30ab630b2b7264c1c85cca8ce81b06c3) Importer(815301076,1909f56bfc062723c751e8b465ee728b) (PreviewImporter) -> (artifact id: 'b0716925ae9433de070a52330e3bf5ef') in 0.018308666 seconds
Number of updated asset objects reloaded before import = 0Number of asset objects unloaded after import = 8

========================================================================
Received Import Request.
  Time since last request: 0.000251 seconds.
  path: Assets/Samples/XR Interaction Toolkit/3.3.1/Hands Interaction Demo/HandsDemoSceneAssets/Models/Primitives/Disc.fbx
  artifactKey: Guid(c3bde1a6f623d4b569b67c73aedfebbf) Importer(815301076,1909f56bfc062723c751e8b465ee728b)
Start importing Assets/Samples/XR Interaction Toolkit/3.3.1/Hands Interaction Demo/HandsDemoSceneAssets/Models/Primitives/Disc.fbx using Guid(c3bde1a6f623d4b569b67c73aedfebbf) Importer(815301076,1909f56bfc062723c751e8b465ee728b) (PreviewImporter) -> (artifact id: 'a69c1befe10c3a211fee7102fcc1fbdc') in 0.029252542 seconds
Number of updated asset objects reloaded before import = 0Number of asset objects unloaded after import = 8

========================================================================
Received Import Request.
  Time since last request: 0.000168 seconds.
  path: Assets/Samples/XR Interaction Toolkit/3.3.1/Starter Assets/DemoSceneAssets/Models/Primitive_Cylinder.fbx
  artifactKey: Guid(73b694bb0f61cd14e9e1ed7b578ac09a) Importer(815301076,1909f56bfc062723c751e8b465ee728b)
Start importing Assets/Samples/XR Interaction Toolkit/3.3.1/Starter Assets/DemoSceneAssets/Models/Primitive_Cylinder.fbx using Guid(73b694bb0f61cd14e9e1ed7b578ac09a) Importer(815301076,1909f56bfc062723c751e8b465ee728b) (PreviewImporter) -> (artifact id: '725c5b368d8224167d4d1e5c02052faf') in 0.074764333 seconds
Number of updated asset objects reloaded before import = 0Number of asset objects unloaded after import = 14

========================================================================
Received Import Request.
  Time since last request: 0.000113 seconds.
  path: Assets/Samples/XR Interaction Toolkit/3.3.1/Starter Assets/DemoSceneAssets/Models/Primitive_Torus_Cut.fbx
  artifactKey: Guid(46c1c422ff6897f49a404b012dc924d3) Importer(815301076,1909f56bfc062723c751e8b465ee728b)
Start importing Assets/Samples/XR Interaction Toolkit/3.3.1/Starter Assets/DemoSceneAssets/Models/Primitive_Torus_Cut.fbx using Guid(46c1c422ff6897f49a404b012dc924d3) Importer(815301076,1909f56bfc062723c751e8b465ee728b) (PreviewImporter) -> (artifact id: '60f0b845cb26b4a36b0d323d4826b4f4') in 0.018432041 seconds
Number of updated asset objects reloaded before import = 0Number of asset objects unloaded after import = 14

========================================================================
Received Prepare
WARNING: Shader Unsupported: 'Universal Render Pipeline/VR/SpatialMapping/Wireframe' - All subshaders removed
WARNING: Shader Did you use #pragma only_renderers and omit this platform?
WARNING: Shader If subshaders removal was intentional, you may have forgotten turning Fallback off?
WARNING: Shader Unsupported: 'Universal Render Pipeline/VR/SpatialMapping/Wireframe' - All subshaders removed
WARNING: Shader Did you use #pragma only_renderers and omit this platform?
WARNING: Shader If subshaders removal was intentional, you may have forgotten turning Fallback off?
Refreshing native plugins compatible for Editor in 8.71 ms, found 9 plugins.
Preloading 0 native plugins for Editor in 0.00 ms.
Unloading 29 Unused Serialized files (Serialized files now loaded: 0)
Unloading 7477 unused Assets / (10.5 MB). Loaded Objects now: 8596.
Memory consumption went from 287.3 MB to 276.9 MB.
Total: 128.955542 ms (FindLiveObjects: 14.537417 ms CreateObjectMapping: 1.746500 ms MarkObjects: 95.213500 ms  DeleteObjects: 17.457375 ms)

Prepare: number of updated asset objects reloaded= 0
========================================================================
Received Prepare
WARNING: Shader Unsupported: 'Universal Render Pipeline/VR/SpatialMapping/Wireframe' - All subshaders removed
WARNING: Shader Did you use #pragma only_renderers and omit this platform?
WARNING: Shader If subshaders removal was intentional, you may have forgotten turning Fallback off?
WARNING: Shader Unsupported: 'Universal Render Pipeline/VR/SpatialMapping/Wireframe' - All subshaders removed
WARNING: Shader Did you use #pragma only_renderers and omit this platform?
WARNING: Shader If subshaders removal was intentional, you may have forgotten turning Fallback off?
Refreshing native plugins compatible for Editor in 9.76 ms, found 9 plugins.
Preloading 0 native plugins for Editor in 0.00 ms.
Unloading 29 Unused Serialized files (Serialized files now loaded: 0)
Unloading 7476 unused Assets / (9.7 MB). Loaded Objects now: 8596.
Memory consumption went from 284.4 MB to 274.7 MB.
Total: 64.491375 ms (FindLiveObjects: 0.497375 ms CreateObjectMapping: 0.221375 ms MarkObjects: 57.494208 ms  DeleteObjects: 6.277833 ms)

Prepare: number of updated asset objects reloaded= 1
========================================================================
Received Prepare
Begin MonoManager ReloadAssembly
[Licensing::Client] Successfully resolved entitlement details
Thread 0x16b927000 may have been prematurely finalized
ADTM: Control thread waiting for realtime thread timed out, have to lock...
- Loaded All Assemblies, in  2.527 seconds
Refreshing native plugins compatible for Editor in 5.22 ms, found 9 plugins.
Assertion failed on expression: 'pred(*previous, *i)'
Assertion failed on expression: 'pred(*previous, *i)'
Assertion failed on expression: 'pred(*previous, *i)'
Assertion failed on expression: 'pred(*previous, *i)'
Assertion failed on expression: 'pred(*previous, *i)'
Assertion failed on expression: 'pred(*previous, *i)'
Assertion failed on expression: 'pred(*previous, *i)'
Assertion failed on expression: 'pred(*previous, *i)'
Assertion failed on expression: 'pred(*previous, *i)'
Assertion failed on expression: 'pred(*previous, *i)'
Assertion failed on expression: 'pred(*previous, *i)'
Assertion failed on expression: 'pred(*previous, *i)'
Assertion failed on expression: 'pred(*previous, *i)'
Assertion failed on expression: 'pred(*previous, *i)'
Assertion failed on expression: 'pred(*previous, *i)'
Assertion failed on expression: 'pred(*previous, *i)'
Assertion failed on expression: 'pred(*previous, *i)'
Assertion failed on expression: 'pred(*previous, *i)'
Assertion failed on expression: 'pred(*previous, *i)'
Assertion failed on expression: 'pred(*previous, *i)'
Assertion failed on expression: 'pred(*previous, *i)'
Assertion failed on expression: 'pred(*previous, *i)'
Assertion failed on expression: 'pred(*previous, *i)'
Assertion failed on expression: 'pred(*previous, *i)'
Assertion failed on expression: 'pred(*previous, *i)'
Assertion failed on expression: 'pred(*previous, *i)'
Assertion failed on expression: 'pred(*previous, *i)'
Assertion failed on expression: 'pred(*previous, *i)'
Assertion failed on expression: 'pred(*previous, *i)'
Assertion failed on expression: 'pred(*previous, *i)'
Assertion failed on expression: 'pred(*previous, *i)'
Assertion failed on expression: 'pred(*previous, *i)'
Assertion failed on expression: 'pred(*previous, *i)'
Assertion failed on expression: 'pred(*previous, *i)'
Assertion failed on expression: 'pred(*previous, *i)'
Assertion failed on expression: 'pred(*previous, *i)'
Assertion failed on expression: 'pred(*previous, *i)'
Assertion failed on expression: 'pred(*previous, *i)'
Assertion failed on expression: 'pred(*previous, *i)'
Assertion failed on expression: 'pred(*previous, *i)'
Assertion failed on expression: 'pred(*previous, *i)'
Assertion failed on expression: 'pred(*previous, *i)'
Assertion failed on expression: 'pred(*previous, *i)'
Assertion failed on expression: 'pred(*previous, *i)'
Assertion failed on expression: 'pred(*previous, *i)'
Assertion failed on expression: 'pred(*previous, *i)'
Native extension for OSXStandalone target not found
Native extension for WebGL target not found
[Package Manager] Failed to launch server process. Reason: Unity was launched with the -noUpm command-line argument
[Package Manager] Unable to send message (not connected to server process).
[Package Manager] Cannot connect to Unity Package Manager local server
ScheduleIndexationOnStartup MainProcess:False IndexOnStartup:True
Mono: successfully reloaded assembly
[Package Manager] Failed to launch server process. Reason: Unity was launched with the -noUpm command-line argument
[Package Manager] Unable to send message (not connected to server process).
[Package Manager] Cannot connect to Unity Package Manager local server
- Finished resetting the current domain, in  1.718 seconds
Domain Reload Profiling: 4250ms
	BeginReloadAssembly (1578ms)
		ExecutionOrderSort (0ms)
		DisableScriptedObjects (50ms)
		BackupInstance (0ms)
		ReleaseScriptingObjects (0ms)
		CreateAndSetChildDomain (1242ms)
	RebuildCommonClasses (39ms)
	RebuildNativeTypeToScriptingClass (19ms)
	initialDomainReloadingComplete (43ms)
	LoadAllAssembliesAndSetupDomain (853ms)
		LoadAssemblies (581ms)
		RebuildTransferFunctionScriptingTraits (0ms)
		AnalyzeDomain (423ms)
			TypeCache.Refresh (60ms)
				TypeCache.ScanAssembly (5ms)
			BuildScriptInfoCaches (323ms)
			ResolveRequiredComponents (28ms)
	FinalizeReload (1718ms)
		ReleaseScriptCaches (0ms)
		RebuildScriptCaches (0ms)
		SetupLoadedEditorAssemblies (1375ms)
			LogAssemblyErrors (0ms)
			InitializePlatformSupportModulesInManaged (10ms)
			SetLoadedEditorAssemblies (10ms)
			BeforeProcessingInitializeOnLoad (310ms)
			ProcessInitializeOnLoadAttributes (773ms)
			ProcessInitializeOnLoadMethodAttributes (268ms)
			AfterProcessingInitializeOnLoad (2ms)
			EditorAssembliesLoaded (1ms)
		ExecutionOrderSort2 (0ms)
		AwakeInstancesAfterBackupRestoration (26ms)
WARNING: Shader Unsupported: 'Universal Render Pipeline/VR/SpatialMapping/Wireframe' - All subshaders removed
WARNING: Shader Did you use #pragma only_renderers and omit this platform?
WARNING: Shader If subshaders removal was intentional, you may have forgotten turning Fallback off?
WARNING: Shader Unsupported: 'Universal Render Pipeline/VR/SpatialMapping/Wireframe' - All subshaders removed
WARNING: Shader Did you use #pragma only_renderers and omit this platform?
WARNING: Shader If subshaders removal was intentional, you may have forgotten turning Fallback off?
Refreshing native plugins compatible for Editor in 2.40 ms, found 9 plugins.
Preloading 0 native plugins for Editor in 0.00 ms.
Unloading 28 Unused Serialized files (Serialized files now loaded: 0)
Unloading 7682 unused Assets / (8.2 MB). Loaded Objects now: 8519.
Memory consumption went from 362.8 MB to 354.6 MB.
Total: 26.493291 ms (FindLiveObjects: 2.885167 ms CreateObjectMapping: 0.451041 ms MarkObjects: 15.406417 ms  DeleteObjects: 7.750209 ms)

Prepare: number of updated asset objects reloaded= 25
========================================================================
Received Prepare
WARNING: Shader Unsupported: 'Universal Render Pipeline/VR/SpatialMapping/Wireframe' - All subshaders removed
WARNING: Shader Did you use #pragma only_renderers and omit this platform?
WARNING: Shader If subshaders removal was intentional, you may have forgotten turning Fallback off?
WARNING: Shader Unsupported: 'Universal Render Pipeline/VR/SpatialMapping/Wireframe' - All subshaders removed
WARNING: Shader Did you use #pragma only_renderers and omit this platform?
WARNING: Shader If subshaders removal was intentional, you may have forgotten turning Fallback off?
Refreshing native plugins compatible for Editor in 5.89 ms, found 9 plugins.
Preloading 0 native plugins for Editor in 0.00 ms.
Unloading 29 Unused Serialized files (Serialized files now loaded: 0)
Unloading 7477 unused Assets / (6.1 MB). Loaded Objects now: 8508.
Memory consumption went from 283.0 MB to 276.9 MB.
Total: 48.882041 ms (FindLiveObjects: 0.537833 ms CreateObjectMapping: 0.232791 ms MarkObjects: 39.925167 ms  DeleteObjects: 8.185500 ms)

Prepare: number of updated asset objects reloaded= 25
========================================================================
Received Prepare
Begin MonoManager ReloadAssembly
Thread 0x16b927000 may have been prematurely finalized
ADTM: Control thread waiting for realtime thread timed out, have to lock...
- Loaded All Assemblies, in  3.749 seconds
Refreshing native plugins compatible for Editor in 2.94 ms, found 9 plugins.
Assertion failed on expression: 'pred(*previous, *i)'
Assertion failed on expression: 'pred(*previous, *i)'
Assertion failed on expression: 'pred(*previous, *i)'
Assertion failed on expression: 'pred(*previous, *i)'
Assertion failed on expression: 'pred(*previous, *i)'
Assertion failed on expression: 'pred(*previous, *i)'
Assertion failed on expression: 'pred(*previous, *i)'
Assertion failed on expression: 'pred(*previous, *i)'
Assertion failed on expression: 'pred(*previous, *i)'
Assertion failed on expression: 'pred(*previous, *i)'
Assertion failed on expression: 'pred(*previous, *i)'
Assertion failed on expression: 'pred(*previous, *i)'
Assertion failed on expression: 'pred(*previous, *i)'
Assertion failed on expression: 'pred(*previous, *i)'
Assertion failed on expression: 'pred(*previous, *i)'
Assertion failed on expression: 'pred(*previous, *i)'
Assertion failed on expression: 'pred(*previous, *i)'
Assertion failed on expression: 'pred(*previous, *i)'
Assertion failed on expression: 'pred(*previous, *i)'
Assertion failed on expression: 'pred(*previous, *i)'
Assertion failed on expression: 'pred(*previous, *i)'
Assertion failed on expression: 'pred(*previous, *i)'
Assertion failed on expression: 'pred(*previous, *i)'
Assertion failed on expression: 'pred(*previous, *i)'
Assertion failed on expression: 'pred(*previous, *i)'
Assertion failed on expression: 'pred(*previous, *i)'
Assertion failed on expression: 'pred(*previous, *i)'
Assertion failed on expression: 'pred(*previous, *i)'
Assertion failed on expression: 'pred(*previous, *i)'
Assertion failed on expression: 'pred(*previous, *i)'
Assertion failed on expression: 'pred(*previous, *i)'
Assertion failed on expression: 'pred(*previous, *i)'
Assertion failed on expression: 'pred(*previous, *i)'
Assertion failed on expression: 'pred(*previous, *i)'
Assertion failed on expression: 'pred(*previous, *i)'
Assertion failed on expression: 'pred(*previous, *i)'
Assertion failed on expression: 'pred(*previous, *i)'
Assertion failed on expression: 'pred(*previous, *i)'
Assertion failed on expression: 'pred(*previous, *i)'
Assertion failed on expression: 'pred(*previous, *i)'
Assertion failed on expression: 'pred(*previous, *i)'
Assertion failed on expression: 'pred(*previous, *i)'
Assertion failed on expression: 'pred(*previous, *i)'
Assertion failed on expression: 'pred(*previous, *i)'
Native extension for OSXStandalone target not found
Native extension for WebGL target not found
[Package Manager] Failed to launch server process. Reason: Unity was launched with the -noUpm command-line argument
[Package Manager] Unable to send message (not connected to server process).
[Package Manager] Cannot connect to Unity Package Manager local server
ScheduleIndexationOnStartup MainProcess:False IndexOnStartup:True
Mono: successfully reloaded assembly
[Package Manager] Failed to launch server process. Reason: Unity was launched with the -noUpm command-line argument
[Package Manager] Unable to send message (not connected to server process).
[Package Manager] Cannot connect to Unity Package Manager local server
- Finished resetting the current domain, in  1.846 seconds
Domain Reload Profiling: 5601ms
	BeginReloadAssembly (2551ms)
		ExecutionOrderSort (0ms)
		DisableScriptedObjects (34ms)
		BackupInstance (0ms)
		ReleaseScriptingObjects (1ms)
		CreateAndSetChildDomain (2061ms)
	RebuildCommonClasses (43ms)
	RebuildNativeTypeToScriptingClass (15ms)
	initialDomainReloadingComplete (47ms)
	LoadAllAssembliesAndSetupDomain (1099ms)
		LoadAssemblies (818ms)
		RebuildTransferFunctionScriptingTraits (0ms)
		AnalyzeDomain (503ms)
			TypeCache.Refresh (71ms)
				TypeCache.ScanAssembly (4ms)
			BuildScriptInfoCaches (396ms)
			ResolveRequiredComponents (21ms)
	FinalizeReload (1847ms)
		ReleaseScriptCaches (0ms)
		RebuildScriptCaches (0ms)
		SetupLoadedEditorAssemblies (1519ms)
			LogAssemblyErrors (0ms)
			InitializePlatformSupportModulesInManaged (10ms)
			SetLoadedEditorAssemblies (10ms)
			BeforeProcessingInitializeOnLoad (486ms)
			ProcessInitializeOnLoadAttributes (739ms)
			ProcessInitializeOnLoadMethodAttributes (272ms)
			AfterProcessingInitializeOnLoad (1ms)
			EditorAssembliesLoaded (1ms)
		ExecutionOrderSort2 (0ms)
		AwakeInstancesAfterBackupRestoration (26ms)
WARNING: Shader Unsupported: 'Universal Render Pipeline/VR/SpatialMapping/Wireframe' - All subshaders removed
WARNING: Shader Did you use #pragma only_renderers and omit this platform?
WARNING: Shader If subshaders removal was intentional, you may have forgotten turning Fallback off?
WARNING: Shader Unsupported: 'Universal Render Pipeline/VR/SpatialMapping/Wireframe' - All subshaders removed
WARNING: Shader Did you use #pragma only_renderers and omit this platform?
WARNING: Shader If subshaders removal was intentional, you may have forgotten turning Fallback off?
Refreshing native plugins compatible for Editor in 3.86 ms, found 9 plugins.
Preloading 0 native plugins for Editor in 0.00 ms.
Unloading 28 Unused Serialized files (Serialized files now loaded: 0)
Unloading 7679 unused Assets / (3.1 MB). Loaded Objects now: 8527.
Memory consumption went from 365.4 MB to 362.3 MB.
Total: 32.428958 ms (FindLiveObjects: 4.319958 ms CreateObjectMapping: 0.522375 ms MarkObjects: 19.156250 ms  DeleteObjects: 8.429500 ms)

Prepare: number of updated asset objects reloaded= 0
